BLORP_COMPILER_MEMORY_CHECKPOINT schema=1 phase=source_discovery_start timestamp_microseconds=464849854944 total_allocations=646 total_releases=20 current_objects=626 allocator_bytes=164640 rss_bytes=4063232 peak_rss_bytes=4063232
BLORP_COMPILER_MEMORY_CHECKPOINT schema=1 phase=source_discovery_complete timestamp_microseconds=464851989362 total_allocations=16966798 total_releases=14754606 current_objects=2212192 allocator_bytes=166136240 rss_bytes=330022912 peak_rss_bytes=350142464
BLORP_COMPILER_MEMORY_CHECKPOINT schema=1 phase=typed_frontend_start timestamp_microseconds=464851989761 total_allocations=16966803 total_releases=14754611 current_objects=2212192 allocator_bytes=166136256 rss_bytes=330022912 peak_rss_bytes=350142464
BLORP_COMPILER_MEMORY_CHECKPOINT schema=1 phase=typed_frontend_complete timestamp_microseconds=464858726851 total_allocations=54700148 total_releases=48726546 current_objects=5973602 allocator_bytes=453944768 rss_bytes=654917632 peak_rss_bytes=654917632
BLORP_COMPILER_MEMORY_CHECKPOINT schema=1 phase=core_lowering_input_ready timestamp_microseconds=464858733058 total_allocations=54700154 total_releases=48816342 current_objects=5883812 allocator_bytes=450234144 rss_bytes=656785408 peak_rss_bytes=656785408
BLORP_COMPILER_MEMORY_CHECKPOINT schema=1 phase=core_lowering_complete timestamp_microseconds=464860880496 total_allocations=73442006 total_releases=63946301 current_objects=9495705 allocator_bytes=707173008 rss_bytes=932085760 peak_rss_bytes=932085760
BLORP_COMPILER_MEMORY_CHECKPOINT schema=1 phase=pass_lower_complete timestamp_microseconds=464860881714 total_allocations=73442068 total_releases=63946308 current_objects=9495760 allocator_bytes=707182800 rss_bytes=932134912 peak_rss_bytes=932134912
BLORP_COMPILER_MEMORY_CHECKPOINT schema=1 phase=pass_debug_complete timestamp_microseconds=464860920353 total_allocations=73593208 total_releases=64024116 current_objects=9569092 allocator_bytes=712934128 rss_bytes=932216832 peak_rss_bytes=932216832
BLORP_COMPILER_MEMORY_CHECKPOINT schema=1 phase=pass_prune_early_complete timestamp_microseconds=464860958687 total_allocations=73809232 total_releases=64240140 current_objects=9569092 allocator_bytes=712934128 rss_bytes=932446208 peak_rss_bytes=932446208
BLORP_COMPILER_MEMORY_CHECKPOINT schema=1 phase=pass_desugar_complete timestamp_microseconds=464861114536 total_allocations=75249987 total_releases=65570941 current_objects=9679046 allocator_bytes=720919360 rss_bytes=932806656 peak_rss_bytes=932806656
BLORP_COMPILER_MEMORY_CHECKPOINT schema=1 phase=pass_mono_complete timestamp_microseconds=464863636941 total_allocations=101543303 total_releases=88201757 current_objects=13341546 allocator_bytes=979432816 rss_bytes=1181335552 peak_rss_bytes=1181335552
BLORP_COMPILER_MEMORY_CHECKPOINT schema=1 phase=pass_synth_complete timestamp_microseconds=464863663038 total_allocations=101780330 total_releases=88241831 current_objects=13538499 allocator_bytes=993564080 rss_bytes=1181614080 peak_rss_bytes=1181614080
BLORP_COMPILER_MEMORY_CHECKPOINT schema=1 phase=pass_match_complete timestamp_microseconds=464864088643 total_allocations=107631342 total_releases=93810674 current_objects=13820668 allocator_bytes=1011103808 rss_bytes=1183465472 peak_rss_bytes=1183465472
BLORP_COMPILER_MEMORY_CHECKPOINT schema=1 phase=pass_trait_resolve_complete timestamp_microseconds=464864613014 total_allocations=112768082 total_releases=98934825 current_objects=13833257 allocator_bytes=1012033232 rss_bytes=1185923072 peak_rss_bytes=1185923072
BLORP_COMPILER_MEMORY_CHECKPOINT schema=1 phase=pass_prune_after_trait_resolve_complete timestamp_microseconds=464865052140 total_allocations=115170075 total_releases=101751734 current_objects=13418341 allocator_bytes=983389952 rss_bytes=1186643968 peak_rss_bytes=1186643968
BLORP_COMPILER_MEMORY_CHECKPOINT schema=1 phase=pass_resolve_complete timestamp_microseconds=464865466685 total_allocations=119138626 total_releases=105331161 current_objects=13807465 allocator_bytes=1006030336 rss_bytes=1239597056 peak_rss_bytes=1239597056
BLORP_COMPILER_MEMORY_CHECKPOINT schema=1 phase=pass_std_inline_complete timestamp_microseconds=464865635189 total_allocations=121153298 total_releases=107255369 current_objects=13897929 allocator_bytes=1013661408 rss_bytes=1239777280 peak_rss_bytes=1239777280
BLORP_COMPILER_MEMORY_CHECKPOINT schema=1 phase=pass_tailrec_complete timestamp_microseconds=464865667670 total_allocations=121348774 total_releases=107450924 current_objects=13897850 allocator_bytes=1013656640 rss_bytes=1239826432 peak_rss_bytes=1239826432
BLORP_COMPILER_MEMORY_CHECKPOINT schema=1 phase=pass_fuse_string_complete timestamp_microseconds=464865913407 total_allocations=124029747 total_releases=110123217 current_objects=13906530 allocator_bytes=1014253648 rss_bytes=1240039424 peak_rss_bytes=1240039424
BLORP_COMPILER_MEMORY_CHECKPOINT schema=1 phase=pass_fuse_collection_complete timestamp_microseconds=464866196356 total_allocations=127141596 total_releases=113229066 current_objects=13912530 allocator_bytes=1014726816 rss_bytes=1240104960 peak_rss_bytes=1240104960
BLORP_COMPILER_MEMORY_CHECKPOINT schema=1 phase=pass_fuse_parallel_tensor_complete timestamp_microseconds=464866310741 total_allocations=128490055 total_releases=114577525 current_objects=13912530 allocator_bytes=1014726832 rss_bytes=1240121344 peak_rss_bytes=1240121344
BLORP_COMPILER_MEMORY_CHECKPOINT schema=1 phase=pass_fuse_tensor_update_complete timestamp_microseconds=464866372677 total_allocations=128539548 total_releases=114627018 current_objects=13912530 allocator_bytes=1014726832 rss_bytes=1240137728 peak_rss_bytes=1240137728
BLORP_COMPILER_MEMORY_CHECKPOINT schema=1 phase=early_core_complete timestamp_microseconds=464866374177 total_allocations=128539554 total_releases=114627103 current_objects=13912451 allocator_bytes=1014383520 rss_bytes=1240170496 peak_rss_bytes=1240170496
BLORP_COMPILER_MEMORY_CHECKPOINT schema=1 phase=pass_tuple_flatten_complete timestamp_microseconds=464867092886 total_allocations=136701636 total_releases=118806251 current_objects=17895385 allocator_bytes=1289043472 rss_bytes=1409859584 peak_rss_bytes=1409859584
BLORP_COMPILER_MEMORY_CHECKPOINT schema=1 phase=runtime_projection_complete timestamp_microseconds=464867244971 total_allocations=137715246 total_releases=119875883 current_objects=17839363 allocator_bytes=1284589104 rss_bytes=1409875968 peak_rss_bytes=1409875968
BLORP_COMPILER_MEMORY_CHECKPOINT schema=1 phase=pass_adapt_function_refs_complete timestamp_microseconds=464867487038 total_allocations=139737017 total_releases=121879114 current_objects=17857903 allocator_bytes=1286042672 rss_bytes=1413529600 peak_rss_bytes=1413529600
BLORP_COMPILER_MEMORY_CHECKPOINT schema=1 phase=pass_tensor_specialize_specialize_fused_complete timestamp_microseconds=464867730027 total_allocations=141556457 total_releases=123273534 current_objects=18282923 allocator_bytes=1314488944 rss_bytes=1436680192 peak_rss_bytes=1436680192
BLORP_COMPILER_MEMORY_CHECKPOINT schema=1 phase=pass_hash_key_callbacks_complete timestamp_microseconds=464867737197 total_allocations=141562517 total_releases=123279471 current_objects=18283046 allocator_bytes=1314497040 rss_bytes=1436729344 peak_rss_bytes=1436729344
BLORP_COMPILER_MEMORY_CHECKPOINT schema=1 phase=pass_resolve_backend_match_fused_complete timestamp_microseconds=464868174977 total_allocations=145272007 total_releases=126075088 current_objects=19196919 allocator_bytes=1378111680 rss_bytes=1534918656 peak_rss_bytes=1534918656
BLORP_COMPILER_MEMORY_CHECKPOINT schema=1 phase=pass_dce_complete timestamp_microseconds=464868628888 total_allocations=147909800 total_releases=128756700 current_objects=19153100 allocator_bytes=1374936288 rss_bytes=1534918656 peak_rss_bytes=1534918656
BLORP_COMPILER_MEMORY_CHECKPOINT schema=1 phase=pass_consume_specialize_complete timestamp_microseconds=464868937453 total_allocations=149889746 total_releases=130718033 current_objects=19171713 allocator_bytes=1376289216 rss_bytes=1535180800 peak_rss_bytes=1535180800
BLORP_COMPILER_MEMORY_CHECKPOINT schema=1 phase=pass_static_string_literals_complete timestamp_microseconds=464869202400 total_allocations=151524169 total_releases=132303121 current_objects=19221048 allocator_bytes=1380045264 rss_bytes=1539522560 peak_rss_bytes=1539522560
BLORP_COMPILER_MEMORY_CHECKPOINT schema=1 phase=pass_record_update_ownership_complete timestamp_microseconds=464869428095 total_allocations=153414401 total_releases=134145737 current_objects=19268664 allocator_bytes=1383055648 rss_bytes=1539653632 peak_rss_bytes=1539653632
BLORP_COMPILER_MEMORY_CHECKPOINT schema=1 phase=pass_record_literal_order_complete timestamp_microseconds=464869615727 total_allocations=154888340 total_releases=135619537 current_objects=19268803 allocator_bytes=1383147376 rss_bytes=1539866624 peak_rss_bytes=1539866624
BLORP_COMPILER_MEMORY_CHECKPOINT schema=1 phase=pass_dict_literal_ownership_complete timestamp_microseconds=464869696326 total_allocations=155024047 total_releases=135751675 current_objects=19272372 allocator_bytes=1383253600 rss_bytes=1539932160 peak_rss_bytes=1539932160
BLORP_COMPILER_MEMORY_CHECKPOINT schema=1 phase=pass_ownership_perceus_fused_complete timestamp_microseconds=464876396932 total_allocations=213049867 total_releases=190492963 current_objects=22556904 allocator_bytes=1629956400 rss_bytes=1925267456 peak_rss_bytes=1925267456
BLORP_COMPILER_MEMORY_CHECKPOINT schema=1 phase=pass_reuse_complete timestamp_microseconds=464876529350 total_allocations=213889023 total_releases=191273806 current_objects=22615217 allocator_bytes=1634364848 rss_bytes=1925316608 peak_rss_bytes=1925316608
BLORP_COMPILER_MEMORY_CHECKPOINT schema=1 phase=pass_closure_complete timestamp_microseconds=464876847619 total_allocations=216403991 total_releases=193879046 current_objects=22524945 allocator_bytes=1626645392 rss_bytes=1925349376 peak_rss_bytes=1925349376
BLORP_COMPILER_MEMORY_CHECKPOINT schema=1 phase=pass_resource_management_complete timestamp_microseconds=464876971826 total_allocations=216740237 total_releases=194210142 current_objects=22530095 allocator_bytes=1627078880 rss_bytes=1925398528 peak_rss_bytes=1925398528
BLORP_COMPILER_MEMORY_CHECKPOINT schema=1 phase=pass_fairness_complete timestamp_microseconds=464877077723 total_allocations=216914392 total_releases=194349469 current_objects=22564923 allocator_bytes=1629649344 rss_bytes=1925464064 peak_rss_bytes=1925464064
BLORP_COMPILER_MEMORY_CHECKPOINT schema=1 phase=pass_prepare_complete timestamp_microseconds=464877288465 total_allocations=217850686 total_releases=195048679 current_objects=22802007 allocator_bytes=1644795616 rss_bytes=1925627904 peak_rss_bytes=1925627904
BLORP_COMPILER_MEMORY_CHECKPOINT schema=1 phase=pass_prepared_reuse_complete timestamp_microseconds=464877355639 total_allocations=218266783 total_releases=195391123 current_objects=22875660 allocator_bytes=1650201824 rss_bytes=1925709824 peak_rss_bytes=1925709824
BLORP_COMPILER_MEMORY_CHECKPOINT schema=1 phase=cleanup_plan_complete timestamp_microseconds=464877539059 total_allocations=219537680 total_releases=196638949 current_objects=22898731 allocator_bytes=1651529952 rss_bytes=1925709824 peak_rss_bytes=1925709824
BLORP_COMPILER_MEMORY_CHECKPOINT schema=1 phase=cancellation_plan_complete timestamp_microseconds=464878630880 total_allocations=230371316 total_releases=207018767 current_objects=23352549 allocator_bytes=1702309472 rss_bytes=1931526144 peak_rss_bytes=1931526144
BLORP_COMPILER_MEMORY_CHECKPOINT schema=1 phase=late_core_complete timestamp_microseconds=464878633463 total_allocations=230371321 total_releases=207018790 current_objects=23352531 allocator_bytes=1702301952 rss_bytes=1931526144 peak_rss_bytes=1931526144
BLORP_COMPILER_MEMORY_CHECKPOINT schema=1 phase=backend_emission_complete timestamp_microseconds=464882157471 total_allocations=247557973 total_releases=233258152 current_objects=14299821 allocator_bytes=1174035984 rss_bytes=2125807616 peak_rss_bytes=2125807616
BLORP_COMPILER_MEMORY_CHECKPOINT schema=1 phase=artifact_construction_complete timestamp_microseconds=464882164871 total_allocations=247558047 total_releases=233258223 current_objects=14299824 allocator_bytes=1174036160 rss_bytes=2125807616 peak_rss_bytes=2125807616
S5_SITE site=1 count=1 requested_bytes=48 type=<other/unclassified>
S5_SITE site=14 count=1 requested_bytes=40 type=<other/unclassified>
S5_SITE site=22 count=1 requested_bytes=40 type=<other/unclassified>
S5_SITE site=30 count=2 requested_bytes=80 type=<other/unclassified>
S5_SITE site=39 count=1 requested_bytes=64 type=<other/unclassified>
S5_SITE site=41 count=1 requested_bytes=64 type=<other/unclassified>
S5_SITE site=85 count=82 requested_bytes=3280 type=<other/unclassified>
S5_SITE site=88 count=2802 requested_bytes=112080 type=<other/unclassified>
S5_SITE site=89 count=41 requested_bytes=1640 type=<other/unclassified>
S5_SITE site=90 count=174252 requested_bytes=6970080 type=<other/unclassified>
S5_SITE site=94 count=1 requested_bytes=64 type=<other/unclassified>
S5_SITE site=104 count=1 requested_bytes=64 type=<other/unclassified>
S5_SITE site=107 count=1 requested_bytes=40 type=<other/unclassified>
S5_SITE site=116 count=6107 requested_bytes=341992 type=<other/unclassified>
S5_SITE site=117 count=6107 requested_bytes=341992 type=<other/unclassified>
S5_SITE site=118 count=12214 requested_bytes=586272 type=<other/unclassified>
S5_SITE site=119 count=16060 requested_bytes=642400 type=<other/unclassified>
S5_SITE site=120 count=16060 requested_bytes=642400 type=<other/unclassified>
S5_SITE site=121 count=2799 requested_bytes=89568 type=<other/unclassified>
S5_SITE site=122 count=2799 requested_bytes=111960 type=<other/unclassified>
S5_SITE site=128 count=2 requested_bytes=80 type=<other/unclassified>
S5_SITE site=156 count=1 requested_bytes=64 type=<other/unclassified>
S5_SITE site=159 count=1 requested_bytes=72 type=<other/unclassified>
S5_SITE site=162 count=1 requested_bytes=72 type=<other/unclassified>
S5_SITE site=165 count=1 requested_bytes=40 type=<other/unclassified>
S5_SITE site=167 count=1 requested_bytes=40 type=<other/unclassified>
S5_SITE site=184 count=3 requested_bytes=192 type=<other/unclassified>
S5_SITE site=206 count=476 requested_bytes=22848 type=<other/unclassified>
S5_SITE site=227 count=107375 requested_bytes=6872000 type=<other/unclassified>
S5_SITE site=228 count=133 requested_bytes=8512 type=<other/unclassified>
S5_SITE site=229 count=56 requested_bytes=3584 type=<other/unclassified>
S5_SITE site=230 count=365 requested_bytes=23360 type=<other/unclassified>
S5_SITE site=231 count=3 requested_bytes=192 type=<other/unclassified>
S5_SITE site=232 count=3 requested_bytes=192 type=<other/unclassified>
S5_SITE site=233 count=23 requested_bytes=1472 type=<other/unclassified>
S5_SITE site=234 count=618 requested_bytes=39552 type=<other/unclassified>
S5_SITE site=235 count=539 requested_bytes=34496 type=<other/unclassified>
S5_SITE site=236 count=174 requested_bytes=11136 type=<other/unclassified>
S5_SITE site=238 count=35924 requested_bytes=1724352 type=<other/unclassified>
S5_SITE site=241 count=161 requested_bytes=6440 type=<other/unclassified>
S5_SITE site=242 count=20 requested_bytes=800 type=<other/unclassified>
S5_SITE site=243 count=18198 requested_bytes=1164672 type=<other/unclassified>
S5_SITE site=244 count=53613 requested_bytes=3431232 type=<other/unclassified>
S5_SITE site=245 count=142 requested_bytes=9088 type=<other/unclassified>
S5_SITE site=247 count=1498 requested_bytes=95872 type=<other/unclassified>
S5_SITE site=248 count=192 requested_bytes=12288 type=<other/unclassified>
S5_SITE site=249 count=72 requested_bytes=4608 type=<other/unclassified>
S5_SITE site=250 count=26801 requested_bytes=1715264 type=<other/unclassified>
S5_SITE site=251 count=207 requested_bytes=13248 type=<other/unclassified>
S5_SITE site=252 count=988 requested_bytes=63232 type=<other/unclassified>
S5_SITE site=253 count=866 requested_bytes=55424 type=<other/unclassified>
S5_SITE site=254 count=638 requested_bytes=40832 type=<other/unclassified>
S5_SITE site=261 count=3030 requested_bytes=145440 type=<other/unclassified>
S5_SITE site=262 count=48 requested_bytes=2304 type=<other/unclassified>
S5_SITE site=263 count=2238 requested_bytes=107424 type=<other/unclassified>
S5_SITE site=264 count=1753 requested_bytes=84144 type=<other/unclassified>
S5_SITE site=265 count=292328 requested_bytes=21047616 type=<other/unclassified>
S5_SITE site=266 count=11544 requested_bytes=831168 type=<other/unclassified>
S5_SITE site=267 count=254 requested_bytes=18288 type=<other/unclassified>
S5_SITE site=268 count=29321 requested_bytes=2111112 type=<other/unclassified>
S5_SITE site=270 count=947 requested_bytes=68184 type=<other/unclassified>
S5_SITE site=271 count=9832 requested_bytes=707904 type=<other/unclassified>
S5_SITE site=272 count=546 requested_bytes=39312 type=<other/unclassified>
S5_SITE site=273 count=4231 requested_bytes=304632 type=<other/unclassified>
S5_SITE site=274 count=39693 requested_bytes=2857896 type=<other/unclassified>
S5_SITE site=275 count=12254 requested_bytes=882288 type=<other/unclassified>
S5_SITE site=276 count=194 requested_bytes=13968 type=<other/unclassified>
S5_SITE site=277 count=200584 requested_bytes=14442048 type=<other/unclassified>
S5_SITE site=278 count=120056 requested_bytes=8644032 type=<other/unclassified>
S5_SITE site=279 count=1431 requested_bytes=103032 type=<other/unclassified>
S5_SITE site=280 count=13841 requested_bytes=996552 type=<other/unclassified>
S5_SITE site=281 count=6657 requested_bytes=479304 type=<other/unclassified>
S5_SITE site=282 count=11710 requested_bytes=843120 type=<other/unclassified>
S5_SITE site=283 count=4091 requested_bytes=294552 type=<other/unclassified>
S5_SITE site=284 count=49 requested_bytes=3528 type=<other/unclassified>
S5_SITE site=286 count=1201 requested_bytes=86472 type=<other/unclassified>
S5_SITE site=287 count=1488 requested_bytes=107136 type=<other/unclassified>
S5_SITE site=288 count=174115 requested_bytes=12536280 type=<other/unclassified>
S5_SITE site=289 count=21929 requested_bytes=1578888 type=<other/unclassified>
S5_SITE site=290 count=23017 requested_bytes=1657224 type=<other/unclassified>
S5_SITE site=292 count=32 requested_bytes=2304 type=<other/unclassified>
S5_SITE site=293 count=180 requested_bytes=12960 type=<other/unclassified>
S5_SITE site=294 count=4075 requested_bytes=293400 type=<other/unclassified>
S5_SITE site=296 count=1404 requested_bytes=101088 type=<other/unclassified>
S5_SITE site=297 count=6289 requested_bytes=452808 type=<other/unclassified>
S5_SITE site=300 count=10 requested_bytes=720 type=<other/unclassified>
S5_SITE site=301 count=870 requested_bytes=62640 type=<other/unclassified>
S5_SITE site=303 count=1658 requested_bytes=119376 type=<other/unclassified>
S5_SITE site=304 count=543 requested_bytes=39096 type=<other/unclassified>
S5_SITE site=305 count=32233 requested_bytes=2320776 type=<other/unclassified>
S5_SITE site=306 count=28663 requested_bytes=2063736 type=<other/unclassified>
S5_SITE site=307 count=3857 requested_bytes=277704 type=<other/unclassified>
S5_SITE site=308 count=12 requested_bytes=864 type=<other/unclassified>
S5_SITE site=309 count=178 requested_bytes=12816 type=<other/unclassified>
S5_SITE site=310 count=9676 requested_bytes=696672 type=<other/unclassified>
S5_SITE site=311 count=1858 requested_bytes=133776 type=<other/unclassified>
S5_SITE site=312 count=5792 requested_bytes=231680 type=<other/unclassified>
S5_SITE site=313 count=46298 requested_bytes=2592688 type=<other/unclassified>
S5_SITE site=314 count=3374 requested_bytes=188944 type=<other/unclassified>
S5_SITE site=315 count=3311 requested_bytes=185416 type=<other/unclassified>
S5_SITE site=316 count=20 requested_bytes=1120 type=<other/unclassified>
S5_SITE site=317 count=1880 requested_bytes=105280 type=<other/unclassified>
S5_SITE site=318 count=975 requested_bytes=54600 type=<other/unclassified>
S5_SITE site=319 count=26 requested_bytes=1456 type=<other/unclassified>
S5_SITE site=320 count=315 requested_bytes=17640 type=<other/unclassified>
S5_SITE site=321 count=78 requested_bytes=4368 type=<other/unclassified>
S5_SITE site=322 count=913 requested_bytes=51128 type=<other/unclassified>
S5_SITE site=323 count=47124 requested_bytes=2638944 type=<other/unclassified>
S5_SITE site=337 count=8044 requested_bytes=321760 type=<other/unclassified>
S5_SITE site=338 count=93 requested_bytes=3720 type=<other/unclassified>
S5_SITE site=339 count=379 requested_bytes=15160 type=<other/unclassified>
S5_SITE site=340 count=12305 requested_bytes=492200 type=<other/unclassified>
S5_SITE site=341 count=2 requested_bytes=80 type=<other/unclassified>
S5_SITE site=343 count=1 requested_bytes=40 type=<other/unclassified>
S5_SITE site=344 count=1 requested_bytes=40 type=<other/unclassified>
S5_SITE site=358 count=379 requested_bytes=15160 type=<other/unclassified>
S5_SITE site=362 count=1 requested_bytes=56 type=<other/unclassified>
S5_SITE site=363 count=1 requested_bytes=40 type=<other/unclassified>
S5_SITE site=367 count=1 requested_bytes=48 type=<other/unclassified>
S5_SITE site=369 count=1687 requested_bytes=134960 type=<other/unclassified>
S5_SITE site=371 count=15363 requested_bytes=614520 type=<other/unclassified>
S5_SITE site=372 count=64 requested_bytes=2560 type=<other/unclassified>
S5_SITE site=373 count=3374 requested_bytes=134960 type=<other/unclassified>
S5_SITE site=374 count=1880 requested_bytes=75200 type=<other/unclassified>
S5_SITE site=375 count=315 requested_bytes=12600 type=<other/unclassified>
S5_SITE site=376 count=39 requested_bytes=1560 type=<other/unclassified>
S5_SITE site=377 count=975 requested_bytes=39000 type=<other/unclassified>
S5_SITE site=378 count=300 requested_bytes=12000 type=<other/unclassified>
S5_SITE site=379 count=21657 requested_bytes=866280 type=<other/unclassified>
S5_SITE site=380 count=924 requested_bytes=36960 type=<other/unclassified>
S5_SITE site=381 count=1687 requested_bytes=67480 type=<other/unclassified>
S5_SITE site=383 count=15389 requested_bytes=615560 type=<other/unclassified>
S5_SITE site=384 count=452 requested_bytes=18080 type=<other/unclassified>
S5_SITE site=385 count=15363 requested_bytes=614520 type=<other/unclassified>
S5_SITE site=386 count=300 requested_bytes=12000 type=<other/unclassified>
S5_SITE site=387 count=5884 requested_bytes=235360 type=<other/unclassified>
S5_SITE site=388 count=12288 requested_bytes=491520 type=<other/unclassified>
S5_SITE site=389 count=15844 requested_bytes=887264 type=<other/unclassified>
S5_SITE site=391 count=15844 requested_bytes=633760 type=<other/unclassified>
S5_SITE site=393 count=15392 requested_bytes=615680 type=<other/unclassified>
S5_SITE site=397 count=476 requested_bytes=19040 type=<other/unclassified>
S5_SITE site=400 count=476 requested_bytes=22848 type=<other/unclassified>
S5_SITE site=403 count=16245 requested_bytes=649800 type=<other/unclassified>
S5_SITE site=404 count=39 requested_bytes=1872 type=<other/unclassified>
S5_SITE site=406 count=478 requested_bytes=22944 type=<other/unclassified>
S5_SITE site=408 count=778 requested_bytes=37344 type=<other/unclassified>
S5_SITE site=410 count=300 requested_bytes=14400 type=<other/unclassified>
S5_SITE site=412 count=476 requested_bytes=19040 type=<other/unclassified>
S5_SITE site=413 count=1 requested_bytes=40 type=<other/unclassified>
S5_SITE site=416 count=15392 requested_bytes=615680 type=<other/unclassified>
S5_SITE site=418 count=301 requested_bytes=14448 type=<other/unclassified>
S5_SITE site=420 count=1 requested_bytes=40 type=<other/unclassified>
S5_SITE site=421 count=458 requested_bytes=18320 type=<other/unclassified>
S5_SITE site=422 count=12133 requested_bytes=485320 type=<other/unclassified>
S5_SITE site=428 count=3197 requested_bytes=127880 type=<other/unclassified>
S5_SITE site=429 count=5576 requested_bytes=223040 type=<other/unclassified>
S5_SITE site=430 count=16924 requested_bytes=676960 type=<other/unclassified>
S5_SITE site=431 count=68 requested_bytes=2720 type=<other/unclassified>
S5_SITE site=432 count=149 requested_bytes=5960 type=<other/unclassified>
S5_SITE site=433 count=1687 requested_bytes=67480 type=<other/unclassified>
S5_SITE site=434 count=854 requested_bytes=34160 type=<other/unclassified>
S5_SITE site=435 count=1880 requested_bytes=75200 type=<other/unclassified>
S5_SITE site=436 count=975 requested_bytes=39000 type=<other/unclassified>
S5_SITE site=437 count=26 requested_bytes=1040 type=<other/unclassified>
S5_SITE site=438 count=315 requested_bytes=12600 type=<other/unclassified>
S5_SITE site=439 count=15363 requested_bytes=860328 type=<other/unclassified>
S5_SITE site=440 count=64 requested_bytes=3584 type=<other/unclassified>
S5_SITE site=441 count=386 requested_bytes=21616 type=<other/unclassified>
S5_SITE site=442 count=92 requested_bytes=5152 type=<other/unclassified>
S5_SITE site=443 count=3196 requested_bytes=204544 type=<other/unclassified>
S5_SITE site=444 count=5575 requested_bytes=356800 type=<other/unclassified>
S5_SITE site=445 count=15905 requested_bytes=1017920 type=<other/unclassified>
S5_SITE site=446 count=39 requested_bytes=2496 type=<other/unclassified>
S5_SITE site=447 count=95 requested_bytes=6080 type=<other/unclassified>
S5_SITE site=448 count=1687 requested_bytes=107968 type=<other/unclassified>
S5_SITE site=449 count=300 requested_bytes=19200 type=<other/unclassified>
S5_SITE site=460 count=3197 requested_bytes=153456 type=<other/unclassified>
S5_SITE site=461 count=68 requested_bytes=3264 type=<other/unclassified>
S5_SITE site=462 count=5576 requested_bytes=267648 type=<other/unclassified>
S5_SITE site=463 count=26797 requested_bytes=1071880 type=<other/unclassified>
S5_SITE site=466 count=22569 requested_bytes=902760 type=<other/unclassified>
S5_SITE site=467 count=79728 requested_bytes=3826944 type=<other/unclassified>
S5_SITE site=468 count=42754 requested_bytes=2052192 type=<other/unclassified>
S5_SITE site=470 count=15 requested_bytes=720 type=<other/unclassified>
S5_SITE site=471 count=1017 requested_bytes=48816 type=<other/unclassified>
S5_SITE site=472 count=151 requested_bytes=7248 type=<other/unclassified>
S5_SITE site=473 count=2569 requested_bytes=123312 type=<other/unclassified>
S5_SITE site=475 count=188 requested_bytes=9024 type=<other/unclassified>
S5_SITE site=476 count=160 requested_bytes=7680 type=<other/unclassified>
S5_SITE site=477 count=231 requested_bytes=7392 type=<other/unclassified>
S5_SITE site=478 count=2301 requested_bytes=110448 type=<other/unclassified>
S5_SITE site=479 count=1801 requested_bytes=86448 type=<other/unclassified>
S5_SITE site=480 count=18612 requested_bytes=1488960 type=<other/unclassified>
S5_SITE site=481 count=41889 requested_bytes=3351120 type=<other/unclassified>
S5_SITE site=482 count=72 requested_bytes=5760 type=<other/unclassified>
S5_SITE site=483 count=142 requested_bytes=11360 type=<other/unclassified>
S5_SITE site=485 count=1547 requested_bytes=123760 type=<other/unclassified>
S5_SITE site=486 count=192 requested_bytes=15360 type=<other/unclassified>
S5_SITE site=487 count=40675 requested_bytes=3254000 type=<other/unclassified>
S5_SITE site=488 count=208 requested_bytes=16640 type=<other/unclassified>
S5_SITE site=489 count=1015 requested_bytes=81200 type=<other/unclassified>
S5_SITE site=490 count=887 requested_bytes=70960 type=<other/unclassified>
S5_SITE site=491 count=650 requested_bytes=52000 type=<other/unclassified>
S5_SITE site=492 count=47 requested_bytes=3760 type=<other/unclassified>
S5_SITE site=500 count=380734 requested_bytes=30458720 type=<other/unclassified>
S5_SITE site=501 count=20179 requested_bytes=1614320 type=<other/unclassified>
S5_SITE site=502 count=447 requested_bytes=35760 type=<other/unclassified>
S5_SITE site=503 count=46263 requested_bytes=3701040 type=<other/unclassified>
S5_SITE site=505 count=1247 requested_bytes=99760 type=<other/unclassified>
S5_SITE site=506 count=11329 requested_bytes=906320 type=<other/unclassified>
S5_SITE site=507 count=1025 requested_bytes=82000 type=<other/unclassified>
S5_SITE site=508 count=2332 requested_bytes=186560 type=<other/unclassified>
S5_SITE site=509 count=29121 requested_bytes=2329680 type=<other/unclassified>
S5_SITE site=510 count=6448 requested_bytes=515840 type=<other/unclassified>
S5_SITE site=511 count=127724 requested_bytes=10217920 type=<other/unclassified>
S5_SITE site=512 count=5988 requested_bytes=479040 type=<other/unclassified>
S5_SITE site=513 count=102 requested_bytes=8160 type=<other/unclassified>
S5_SITE site=514 count=11837 requested_bytes=946960 type=<other/unclassified>
S5_SITE site=515 count=8 requested_bytes=640 type=<other/unclassified>
S5_SITE site=517 count=9603 requested_bytes=768240 type=<other/unclassified>
S5_SITE site=519 count=834 requested_bytes=66720 type=<other/unclassified>
S5_SITE site=520 count=654 requested_bytes=52320 type=<other/unclassified>
S5_SITE site=521 count=1086 requested_bytes=86880 type=<other/unclassified>
S5_SITE site=522 count=7100 requested_bytes=568000 type=<other/unclassified>
S5_SITE site=523 count=2477 requested_bytes=198160 type=<other/unclassified>
S5_SITE site=524 count=50263 requested_bytes=4021040 type=<other/unclassified>
S5_SITE site=525 count=46 requested_bytes=3680 type=<other/unclassified>
S5_SITE site=526 count=4113 requested_bytes=329040 type=<other/unclassified>
S5_SITE site=527 count=100 requested_bytes=8000 type=<other/unclassified>
S5_SITE site=528 count=12068 requested_bytes=965440 type=<other/unclassified>
S5_SITE site=529 count=12670 requested_bytes=1013600 type=<other/unclassified>
S5_SITE site=531 count=703 requested_bytes=56240 type=<other/unclassified>
S5_SITE site=532 count=3150 requested_bytes=252000 type=<other/unclassified>
S5_SITE site=535 count=5 requested_bytes=400 type=<other/unclassified>
S5_SITE site=536 count=174517 requested_bytes=13961360 type=<other/unclassified>
S5_SITE site=537 count=16 requested_bytes=1280 type=<other/unclassified>
S5_SITE site=538 count=90 requested_bytes=7200 type=<other/unclassified>
S5_SITE site=539 count=21322 requested_bytes=1705760 type=<other/unclassified>
S5_SITE site=540 count=5119 requested_bytes=409520 type=<other/unclassified>
S5_SITE site=541 count=883 requested_bytes=70640 type=<other/unclassified>
S5_SITE site=543 count=1711 requested_bytes=136880 type=<other/unclassified>
S5_SITE site=545 count=109 requested_bytes=8720 type=<other/unclassified>
S5_SITE site=547 count=8735 requested_bytes=279520 type=<other/unclassified>
S5_SITE site=548 count=9616 requested_bytes=461568 type=<other/unclassified>
S5_SITE site=549 count=297668 requested_bytes=14288064 type=<other/unclassified>
S5_SITE site=550 count=3462 requested_bytes=166176 type=<other/unclassified>
S5_SITE site=551 count=6244 requested_bytes=299712 type=<other/unclassified>
S5_SITE site=552 count=13 requested_bytes=624 type=<other/unclassified>
S5_SITE site=553 count=1 requested_bytes=48 type=<other/unclassified>
S5_SITE site=555 count=2940 requested_bytes=117600 type=<other/unclassified>
S5_SITE site=557 count=2673 requested_bytes=106920 type=<other/unclassified>
S5_SITE site=559 count=303664 requested_bytes=12146560 type=<other/unclassified>
S5_SITE site=560 count=171783 requested_bytes=6871320 type=<other/unclassified>
S5_SITE site=561 count=6569 requested_bytes=262760 type=<other/unclassified>
S5_SITE site=562 count=37 requested_bytes=1480 type=<other/unclassified>
S5_SITE site=563 count=171783 requested_bytes=6871320 type=<other/unclassified>
S5_SITE site=565 count=6569 requested_bytes=262760 type=<other/unclassified>
S5_SITE site=566 count=82205 requested_bytes=3288200 type=<other/unclassified>
S5_SITE site=569 count=2219 requested_bytes=88760 type=<other/unclassified>
S5_SITE site=570 count=20651 requested_bytes=826040 type=<other/unclassified>
S5_SITE site=571 count=3280 requested_bytes=131200 type=<other/unclassified>
S5_SITE site=574 count=380628 requested_bytes=21315168 type=<other/unclassified>
S5_SITE site=575 count=5297 requested_bytes=296632 type=<other/unclassified>
S5_SITE site=576 count=109840 requested_bytes=6151040 type=<other/unclassified>
S5_SITE site=577 count=55378 requested_bytes=3101168 type=<other/unclassified>
S5_SITE site=578 count=5125 requested_bytes=287000 type=<other/unclassified>
S5_SITE site=579 count=15315 requested_bytes=857640 type=<other/unclassified>
S5_SITE site=580 count=490 requested_bytes=27440 type=<other/unclassified>
S5_SITE site=581 count=80 requested_bytes=4480 type=<other/unclassified>
S5_SITE site=582 count=23 requested_bytes=1288 type=<other/unclassified>
S5_SITE site=583 count=220 requested_bytes=12320 type=<other/unclassified>
S5_SITE site=635 count=2 requested_bytes=96 type=<other/unclassified>
S5_SITE site=720 count=2 requested_bytes=112 type=<other/unclassified>
S5_SITE site=721 count=10 requested_bytes=560 type=<other/unclassified>
S5_SITE site=722 count=41826 requested_bytes=2342256 type=<other/unclassified>
S5_SITE site=723 count=21181 requested_bytes=1186136 type=<other/unclassified>
S5_SITE site=724 count=50949 requested_bytes=2853144 type=<other/unclassified>
S5_SITE site=728 count=6571410 requested_bytes=367998960 type=<other/unclassified>
S5_SITE site=729 count=51318 requested_bytes=2873808 type=<other/unclassified>
S5_SITE site=730 count=855382 requested_bytes=47901392 type=<other/unclassified>
S5_SITE site=731 count=20021 requested_bytes=1121176 type=<other/unclassified>
S5_SITE site=732 count=120 requested_bytes=6720 type=<other/unclassified>
S5_SITE site=733 count=38354 requested_bytes=2147824 type=<other/unclassified>
S5_SITE site=734 count=1125 requested_bytes=63000 type=<other/unclassified>
S5_SITE site=735 count=22441 requested_bytes=1256696 type=<other/unclassified>
S5_SITE site=736 count=1750 requested_bytes=98000 type=<other/unclassified>
S5_SITE site=737 count=93108 requested_bytes=5214048 type=<other/unclassified>
S5_SITE site=738 count=4 requested_bytes=224 type=<other/unclassified>
S5_SITE site=739 count=894 requested_bytes=50064 type=<other/unclassified>
S5_SITE site=740 count=58 requested_bytes=3248 type=<other/unclassified>
S5_SITE site=741 count=27 requested_bytes=1512 type=<other/unclassified>
S5_SITE site=742 count=22517 requested_bytes=900680 type=<other/unclassified>
S5_SITE site=745 count=226 requested_bytes=9040 type=<other/unclassified>
S5_SITE site=746 count=16184 requested_bytes=647360 type=<other/unclassified>
S5_SITE site=747 count=735 requested_bytes=29400 type=<other/unclassified>
S5_SITE site=748 count=30553 requested_bytes=1222120 type=<other/unclassified>
S5_SITE site=749 count=51195 requested_bytes=2866920 type=<other/unclassified>
S5_SITE site=750 count=1904 requested_bytes=106624 type=<other/unclassified>
S5_SITE site=751 count=199396 requested_bytes=11166176 type=<other/unclassified>
S5_SITE site=752 count=642 requested_bytes=35952 type=<other/unclassified>
S5_SITE site=753 count=3113 requested_bytes=174328 type=<other/unclassified>
S5_SITE site=754 count=2617 requested_bytes=146552 type=<other/unclassified>
S5_SITE site=755 count=2332 requested_bytes=130592 type=<other/unclassified>
S5_SITE site=756 count=2 requested_bytes=80 type=<other/unclassified>
S5_SITE site=758 count=6 requested_bytes=240 type=<other/unclassified>
S5_SITE site=759 count=29 requested_bytes=1392 type=<other/unclassified>
S5_SITE site=760 count=1 requested_bytes=48 type=<other/unclassified>
S5_SITE site=761 count=3 requested_bytes=144 type=<other/unclassified>
S5_SITE site=762 count=8 requested_bytes=320 type=<other/unclassified>
S5_SITE site=763 count=1 requested_bytes=32 type=<other/unclassified>
S5_SITE site=764 count=10 requested_bytes=400 type=<other/unclassified>
S5_SITE site=765 count=1 requested_bytes=40 type=<other/unclassified>
S5_SITE site=771 count=143356 requested_bytes=9174784 type=<other/unclassified>
S5_SITE site=772 count=545 requested_bytes=34880 type=<other/unclassified>
S5_SITE site=773 count=5908 requested_bytes=378112 type=<other/unclassified>
S5_SITE site=774 count=153406 requested_bytes=9817984 type=<other/unclassified>
S5_SITE site=775 count=191 requested_bytes=12224 type=<other/unclassified>
S5_SITE site=776 count=27815 requested_bytes=1780160 type=<other/unclassified>
S5_SITE site=777 count=41681 requested_bytes=2667584 type=<other/unclassified>
S5_SITE site=778 count=49 requested_bytes=3136 type=<other/unclassified>
S5_SITE site=779 count=1 requested_bytes=64 type=<other/unclassified>
S5_SITE site=783 count=23180 requested_bytes=1483520 type=<other/unclassified>
S5_SITE site=784 count=6549 requested_bytes=366744 type=<other/unclassified>
S5_SITE site=789 count=206010 requested_bytes=16480800 type=<other/unclassified>
S5_SITE site=790 count=28367 requested_bytes=2269360 type=<other/unclassified>
S5_SITE site=791 count=3654679 requested_bytes=292374320 type=<other/unclassified>
S5_SITE site=792 count=80405 requested_bytes=6432400 type=<other/unclassified>
S5_SITE site=793 count=242 requested_bytes=19360 type=<other/unclassified>
S5_SITE site=794 count=6192 requested_bytes=495360 type=<other/unclassified>
S5_SITE site=795 count=2993225 requested_bytes=239458000 type=<other/unclassified>
S5_SITE site=796 count=353044 requested_bytes=28243520 type=<other/unclassified>
S5_SITE site=797 count=44705 requested_bytes=3576400 type=<other/unclassified>
S5_SITE site=798 count=264070 requested_bytes=21125600 type=<other/unclassified>
S5_SITE site=799 count=400667 requested_bytes=32053360 type=<other/unclassified>
S5_SITE site=800 count=2640 requested_bytes=211200 type=<other/unclassified>
S5_SITE site=801 count=2428 requested_bytes=194240 type=<other/unclassified>
S5_SITE site=802 count=40141 requested_bytes=3211280 type=<other/unclassified>
S5_SITE site=803 count=738529 requested_bytes=59082320 type=<other/unclassified>
S5_SITE site=804 count=48 requested_bytes=3840 type=<other/unclassified>
S5_SITE site=805 count=35433 requested_bytes=2834640 type=<other/unclassified>
S5_SITE site=806 count=2398 requested_bytes=191840 type=<other/unclassified>
S5_SITE site=808 count=26292 requested_bytes=2103360 type=<other/unclassified>
S5_SITE site=809 count=2611 requested_bytes=208880 type=<other/unclassified>
S5_SITE site=810 count=102628 requested_bytes=8210240 type=<other/unclassified>
S5_SITE site=811 count=3030 requested_bytes=242400 type=<other/unclassified>
S5_SITE site=812 count=12153 requested_bytes=972240 type=<other/unclassified>
S5_SITE site=813 count=2695 requested_bytes=215600 type=<other/unclassified>
S5_SITE site=814 count=328 requested_bytes=26240 type=<other/unclassified>
S5_SITE site=815 count=97 requested_bytes=7760 type=<other/unclassified>
S5_SITE site=816 count=1418 requested_bytes=113440 type=<other/unclassified>
S5_SITE site=817 count=50 requested_bytes=4000 type=<other/unclassified>
S5_SITE site=818 count=510 requested_bytes=40800 type=<other/unclassified>
S5_SITE site=819 count=516 requested_bytes=41280 type=<other/unclassified>
S5_SITE site=827 count=1522 requested_bytes=121760 type=<other/unclassified>
S5_SITE site=828 count=2936 requested_bytes=234880 type=<other/unclassified>
S5_SITE site=829 count=5 requested_bytes=400 type=<other/unclassified>
S5_SITE site=830 count=24875 requested_bytes=1990000 type=<other/unclassified>
S5_SITE site=831 count=41650 requested_bytes=3332000 type=<other/unclassified>
S5_SITE site=833 count=160952 requested_bytes=12876160 type=<other/unclassified>
S5_SITE site=834 count=27654 requested_bytes=2212320 type=<other/unclassified>
S5_SITE site=835 count=3911 requested_bytes=312880 type=<other/unclassified>
S5_SITE site=836 count=7785 requested_bytes=622800 type=<other/unclassified>
S5_SITE site=837 count=8001 requested_bytes=640080 type=<other/unclassified>
S5_SITE site=838 count=45266 requested_bytes=3621280 type=<other/unclassified>
S5_SITE site=840 count=5 requested_bytes=400 type=<other/unclassified>
S5_SITE site=841 count=533250 requested_bytes=42660000 type=<other/unclassified>
S5_SITE site=842 count=514137 requested_bytes=41130960 type=<other/unclassified>
S5_SITE site=843 count=2175927 requested_bytes=174074160 type=<other/unclassified>
S5_SITE site=844 count=303920 requested_bytes=24313600 type=<other/unclassified>
S5_SITE site=845 count=828426 requested_bytes=66274080 type=<other/unclassified>
S5_SITE site=846 count=32189 requested_bytes=2575120 type=<other/unclassified>
S5_SITE site=847 count=894 requested_bytes=71520 type=<other/unclassified>
S5_SITE site=849 count=412 requested_bytes=32960 type=<other/unclassified>
S5_SITE site=850 count=402 requested_bytes=32160 type=<other/unclassified>
S5_SITE site=851 count=30 requested_bytes=2400 type=<other/unclassified>
S5_SITE site=852 count=20 requested_bytes=1600 type=<other/unclassified>
S5_SITE site=855 count=20693 requested_bytes=1655440 type=<other/unclassified>
S5_SITE site=857 count=102731 requested_bytes=8218480 type=<other/unclassified>
S5_SITE site=858 count=115 requested_bytes=9200 type=<other/unclassified>
S5_SITE site=859 count=534 requested_bytes=42720 type=<other/unclassified>
S5_SITE site=864 count=6 requested_bytes=480 type=<other/unclassified>
S5_SITE site=865 count=2 requested_bytes=160 type=<other/unclassified>
S5_SITE site=868 count=59 requested_bytes=4720 type=<other/unclassified>
S5_SITE site=870 count=123638 requested_bytes=9891040 type=<other/unclassified>
S5_SITE site=871 count=109486 requested_bytes=8758880 type=<other/unclassified>
S5_SITE site=872 count=1351 requested_bytes=108080 type=<other/unclassified>
S5_SITE site=873 count=309 requested_bytes=24720 type=<other/unclassified>
S5_SITE site=874 count=94725 requested_bytes=7578000 type=<other/unclassified>
S5_SITE site=875 count=392923 requested_bytes=31433840 type=<other/unclassified>
S5_SITE site=876 count=509493 requested_bytes=40759440 type=<other/unclassified>
S5_SITE site=877 count=92117 requested_bytes=5158552 type=<other/unclassified>
S5_SITE site=878 count=1736 requested_bytes=97216 type=<other/unclassified>
S5_SITE site=879 count=1340 requested_bytes=75040 type=<other/unclassified>
S5_SITE site=880 count=91 requested_bytes=5096 type=<other/unclassified>
S5_SITE site=881 count=365968 requested_bytes=23421952 type=<other/unclassified>
S5_SITE site=882 count=108579 requested_bytes=6949056 type=<other/unclassified>
S5_SITE site=883 count=9676 requested_bytes=619264 type=<other/unclassified>
S5_SITE site=884 count=21324 requested_bytes=1364736 type=<other/unclassified>
S5_SITE site=885 count=208 requested_bytes=9984 type=<other/unclassified>
S5_SITE site=886 count=4635 requested_bytes=222480 type=<other/unclassified>
S5_SITE site=887 count=42 requested_bytes=2016 type=<other/unclassified>
S5_SITE site=892 count=1112 requested_bytes=44480 type=<other/unclassified>
S5_SITE site=893 count=138 requested_bytes=5520 type=<other/unclassified>
S5_SITE site=895 count=8 requested_bytes=448 type=<other/unclassified>
S5_SITE site=896 count=8 requested_bytes=448 type=<other/unclassified>
S5_SITE site=897 count=10147 requested_bytes=405880 type=<other/unclassified>
S5_SITE site=898 count=463 requested_bytes=18520 type=<other/unclassified>
S5_SITE site=908 count=2511 requested_bytes=100440 type=<other/unclassified>
S5_SITE site=909 count=3959 requested_bytes=158360 type=<other/unclassified>
S5_SITE site=910 count=633 requested_bytes=20256 type=<other/unclassified>
S5_SITE site=911 count=66154 requested_bytes=3175392 type=<other/unclassified>
S5_SITE site=912 count=616 requested_bytes=29568 type=<other/unclassified>
S5_SITE site=913 count=50519 requested_bytes=1616608 type=<other/unclassified>
S5_SITE site=914 count=26660 requested_bytes=1066400 type=<other/unclassified>
S5_SITE site=915 count=30999 requested_bytes=1487952 type=<other/unclassified>
S5_SITE site=916 count=1810 requested_bytes=86880 type=<other/unclassified>
S5_SITE site=917 count=1633 requested_bytes=78384 type=<other/unclassified>
S5_SITE site=918 count=1691 requested_bytes=81168 type=<other/unclassified>
S5_SITE site=919 count=1689 requested_bytes=81072 type=<other/unclassified>
S5_SITE site=920 count=222 requested_bytes=14208 type=<other/unclassified>
S5_SITE site=921 count=43618 requested_bytes=2791552 type=<other/unclassified>
S5_SITE site=922 count=9486 requested_bytes=607104 type=<other/unclassified>
S5_SITE site=923 count=1632 requested_bytes=104448 type=<other/unclassified>
S5_SITE site=924 count=20 requested_bytes=1280 type=<other/unclassified>
S5_SITE site=925 count=1742 requested_bytes=111488 type=<other/unclassified>
S5_SITE site=926 count=1672 requested_bytes=107008 type=<other/unclassified>
S5_SITE site=929 count=16 requested_bytes=1024 type=<other/unclassified>
S5_SITE site=930 count=16 requested_bytes=1024 type=<other/unclassified>
S5_SITE site=931 count=241 requested_bytes=15424 type=<other/unclassified>
S5_SITE site=932 count=8902 requested_bytes=569728 type=<other/unclassified>
S5_SITE site=933 count=265 requested_bytes=16960 type=<other/unclassified>
S5_SITE site=934 count=919281 requested_bytes=36771240 type=<other/unclassified>
S5_SITE site=935 count=65734 requested_bytes=2629360 type=<other/unclassified>
S5_SITE site=936 count=68262 requested_bytes=2730480 type=<other/unclassified>
S5_SITE site=937 count=55565 requested_bytes=2667120 type=<other/unclassified>
S5_SITE site=938 count=1163 requested_bytes=55824 type=<other/unclassified>
S5_SITE site=939 count=6 requested_bytes=240 type=<other/unclassified>
S5_SITE site=940 count=69 requested_bytes=2760 type=<other/unclassified>
S5_SITE site=941 count=2617 requested_bytes=104680 type=<other/unclassified>
S5_SITE site=942 count=252701 requested_bytes=10108040 type=<other/unclassified>
S5_SITE site=943 count=552 requested_bytes=22080 type=<other/unclassified>
S5_SITE site=945 count=858 requested_bytes=27456 type=<other/unclassified>
S5_SITE site=946 count=15905 requested_bytes=1017920 type=<other/unclassified>
S5_SITE site=947 count=1962 requested_bytes=125568 type=<other/unclassified>
S5_SITE site=948 count=2303 requested_bytes=147392 type=<other/unclassified>
S5_SITE site=949 count=24 requested_bytes=1536 type=<other/unclassified>
S5_SITE site=950 count=5187 requested_bytes=331968 type=<other/unclassified>
S5_SITE site=951 count=1974 requested_bytes=126336 type=<other/unclassified>
S5_SITE site=952 count=6 requested_bytes=384 type=<other/unclassified>
S5_SITE site=953 count=637 requested_bytes=40768 type=<other/unclassified>
S5_SITE site=954 count=6 requested_bytes=384 type=<other/unclassified>
S5_SITE site=956 count=2 requested_bytes=128 type=<other/unclassified>
S5_SITE site=957 count=27924 requested_bytes=1340352 type=<other/unclassified>
S5_SITE site=958 count=2787 requested_bytes=133776 type=<other/unclassified>
S5_SITE site=959 count=723 requested_bytes=34704 type=<other/unclassified>
S5_SITE site=960 count=16647 requested_bytes=799056 type=<other/unclassified>
S5_SITE site=961 count=762529 requested_bytes=30501160 type=<other/unclassified>
S5_SITE site=962 count=57567 requested_bytes=2302680 type=<other/unclassified>
S5_SITE site=963 count=6725 requested_bytes=269000 type=<other/unclassified>
S5_SITE site=964 count=14170 requested_bytes=566800 type=<other/unclassified>
S5_SITE site=965 count=296 requested_bytes=11840 type=<other/unclassified>
S5_SITE site=966 count=1260 requested_bytes=50400 type=<other/unclassified>
S5_SITE site=967 count=89 requested_bytes=3560 type=<other/unclassified>
S5_SITE site=968 count=28645 requested_bytes=1145800 type=<other/unclassified>
S5_SITE site=1076 count=12830 requested_bytes=821120 type=<other/unclassified>
S5_SITE site=1078 count=433863 requested_bytes=27767232 type=<other/unclassified>
S5_SITE site=1079 count=174 requested_bytes=11136 type=<other/unclassified>
S5_SITE site=1082 count=758 requested_bytes=30320 type=<other/unclassified>
S5_SITE site=1086 count=3 requested_bytes=144 type=<other/unclassified>
S5_SITE site=1089 count=2 requested_bytes=128 type=<other/unclassified>
S5_SITE site=1092 count=1554 requested_bytes=87024 type=<other/unclassified>
S5_SITE site=1093 count=42429 requested_bytes=2376024 type=<other/unclassified>
S5_SITE site=1094 count=6 requested_bytes=336 type=<other/unclassified>
S5_SITE site=1097 count=72112 requested_bytes=4038272 type=<other/unclassified>
S5_SITE site=1098 count=27435 requested_bytes=1536360 type=<other/unclassified>
S5_SITE site=1099 count=261 requested_bytes=10440 type=<other/unclassified>
S5_SITE site=1100 count=64 requested_bytes=2560 type=<other/unclassified>
S5_SITE site=1101 count=64 requested_bytes=2560 type=<other/unclassified>
S5_SITE site=1102 count=257 requested_bytes=10280 type=<other/unclassified>
S5_SITE site=1103 count=3244 requested_bytes=103808 type=<other/unclassified>
S5_SITE site=1104 count=14358 requested_bytes=574320 type=<other/unclassified>
S5_SITE site=1116 count=83539 requested_bytes=3341560 type=<other/unclassified>
S5_SITE site=1117 count=31191 requested_bytes=1247640 type=<other/unclassified>
S5_SITE site=1122 count=8375 requested_bytes=469000 type=<other/unclassified>
S5_SITE site=1123 count=3082 requested_bytes=172592 type=<other/unclassified>
S5_SITE site=1124 count=3082 requested_bytes=172592 type=<other/unclassified>
S5_SITE site=1125 count=556 requested_bytes=22240 type=<other/unclassified>
S5_SITE site=1126 count=5 requested_bytes=240 type=<other/unclassified>
S5_SITE site=1127 count=16 requested_bytes=768 type=<other/unclassified>
S5_SITE site=1135 count=759956 requested_bytes=30398240 type=<other/unclassified>
S5_SITE site=1136 count=289728 requested_bytes=11589120 type=<other/unclassified>
S5_SITE site=1154 count=127 requested_bytes=5080 type=<other/unclassified>
S5_SITE site=1158 count=181162 requested_bytes=8695776 type=<other/unclassified>
S5_SITE site=1159 count=86832 requested_bytes=4167936 type=<other/unclassified>
S5_SITE site=1160 count=1015275 requested_bytes=56855400 type=<other/unclassified>
S5_SITE site=1167 count=4446 requested_bytes=177840 type=<other/unclassified>
S5_SITE site=1168 count=1948 requested_bytes=77920 type=<other/unclassified>
S5_SITE site=1169 count=10 requested_bytes=400 type=<other/unclassified>
S5_SITE site=1170 count=225 requested_bytes=7200 type=<other/unclassified>
S5_SITE site=1171 count=15 requested_bytes=480 type=<other/unclassified>
S5_SITE site=1172 count=2303 requested_bytes=92120 type=<other/unclassified>
S5_SITE site=1177 count=21936 requested_bytes=1052928 type=<other/unclassified>
S5_SITE site=1178 count=359 requested_bytes=17232 type=<other/unclassified>
S5_SITE site=1179 count=3 requested_bytes=120 type=<other/unclassified>
S5_SITE site=1180 count=419 requested_bytes=16760 type=<other/unclassified>
S5_SITE site=1181 count=4401 requested_bytes=211248 type=<other/unclassified>
S5_SITE site=1182 count=1339 requested_bytes=64272 type=<other/unclassified>
S5_SITE site=1183 count=2133 requested_bytes=102384 type=<other/unclassified>
S5_SITE site=1186 count=78437 requested_bytes=3764976 type=<other/unclassified>
S5_SITE site=1187 count=29666 requested_bytes=1423968 type=<other/unclassified>
S5_SITE site=1188 count=29666 requested_bytes=1423968 type=<other/unclassified>
S5_SITE site=1189 count=36919 requested_bytes=1772112 type=<other/unclassified>
S5_SITE site=1190 count=1853071 requested_bytes=88947408 type=<other/unclassified>
S5_SITE site=1191 count=2228342 requested_bytes=89133680 type=<other/unclassified>
S5_SITE site=1225 count=40890 requested_bytes=2616960 type=<other/unclassified>
S5_SITE site=1226 count=3238 requested_bytes=207232 type=<other/unclassified>
S5_SITE site=1227 count=10524 requested_bytes=673536 type=<other/unclassified>
S5_SITE site=1229 count=3463 requested_bytes=138520 type=<other/unclassified>
S5_SITE site=1230 count=41628 requested_bytes=2664192 type=<other/unclassified>
S5_SITE site=1231 count=15795 requested_bytes=1010880 type=<other/unclassified>
S5_SITE site=1232 count=2834 requested_bytes=113360 type=<other/unclassified>
S5_SITE site=1233 count=36809 requested_bytes=1472360 type=<other/unclassified>
S5_SITE site=1234 count=13871 requested_bytes=554840 type=<other/unclassified>
S5_SITE site=1235 count=36809 requested_bytes=1472360 type=<other/unclassified>
S5_SITE site=1236 count=13871 requested_bytes=554840 type=<other/unclassified>
S5_SITE site=1237 count=572 requested_bytes=22880 type=<other/unclassified>
S5_SITE site=1238 count=1991 requested_bytes=79640 type=<other/unclassified>
S5_SITE site=1239 count=1991 requested_bytes=79640 type=<other/unclassified>
S5_SITE site=1240 count=71 requested_bytes=2840 type=<other/unclassified>
S5_SITE site=1241 count=36809 requested_bytes=2061304 type=<other/unclassified>
S5_SITE site=1242 count=13871 requested_bytes=776776 type=<other/unclassified>
S5_SITE site=1243 count=11761 requested_bytes=564528 type=<other/unclassified>
S5_SITE site=1244 count=6617 requested_bytes=317616 type=<other/unclassified>
S5_SITE site=1245 count=16639 requested_bytes=798672 type=<other/unclassified>
S5_SITE site=1246 count=41628 requested_bytes=2331168 type=<other/unclassified>
S5_SITE site=1247 count=15795 requested_bytes=884520 type=<other/unclassified>
S5_SITE site=1250 count=476 requested_bytes=19040 type=<other/unclassified>
S5_SITE site=1274 count=1 requested_bytes=40 type=<other/unclassified>
S5_SITE site=1282 count=687809 requested_bytes=33014832 type=<other/unclassified>
S5_SITE site=1283 count=103215 requested_bytes=4954320 type=<other/unclassified>
S5_SITE site=1284 count=2238 requested_bytes=107424 type=<other/unclassified>
S5_SITE site=1285 count=1751 requested_bytes=84048 type=<other/unclassified>
S5_SITE site=1286 count=20237 requested_bytes=971376 type=<other/unclassified>
S5_SITE site=1287 count=106 requested_bytes=5088 type=<other/unclassified>
S5_SITE site=1288 count=41227 requested_bytes=1978896 type=<other/unclassified>
S5_SITE site=1290 count=2069 requested_bytes=99312 type=<other/unclassified>
S5_SITE site=1291 count=3319 requested_bytes=159312 type=<other/unclassified>
S5_SITE site=1292 count=48 requested_bytes=2304 type=<other/unclassified>
S5_SITE site=1294 count=16 requested_bytes=768 type=<other/unclassified>
S5_SITE site=1295 count=10 requested_bytes=480 type=<other/unclassified>
S5_SITE site=1296 count=207 requested_bytes=9936 type=<other/unclassified>
S5_SITE site=1297 count=181 requested_bytes=8688 type=<other/unclassified>
S5_SITE site=1300 count=1 requested_bytes=40 type=<other/unclassified>
S5_SITE site=1305 count=1 requested_bytes=40 type=<other/unclassified>
S5_SITE site=1306 count=476 requested_bytes=19040 type=<other/unclassified>
S5_SITE site=1307 count=1874 requested_bytes=74960 type=<other/unclassified>
S5_SITE site=1309 count=43686 requested_bytes=1747440 type=<other/unclassified>
S5_SITE site=1310 count=2 requested_bytes=80 type=<other/unclassified>
S5_SITE site=1311 count=1 requested_bytes=40 type=<other/unclassified>
S5_SITE site=1312 count=1 requested_bytes=32 type=<other/unclassified>
S5_SITE site=1317 count=1 requested_bytes=56 type=<other/unclassified>
S5_SITE site=1318 count=2039 requested_bytes=114184 type=<other/unclassified>
S5_SITE site=1319 count=59990 requested_bytes=3359440 type=<other/unclassified>
S5_SITE site=1321 count=379 requested_bytes=30320 type=<other/unclassified>
S5_SITE site=1331 count=5363 requested_bytes=214520 type=<other/unclassified>
S5_SITE site=1333 count=10848 requested_bytes=520704 type=<other/unclassified>
S5_SITE site=1336 count=58 requested_bytes=2784 type=<other/unclassified>
S5_SITE site=1337 count=622 requested_bytes=29856 type=<other/unclassified>
S5_SITE site=1346 count=1 requested_bytes=40 type=<other/unclassified>
S5_SITE site=1347 count=15363 requested_bytes=614520 type=<other/unclassified>
S5_SITE site=1348 count=64 requested_bytes=2560 type=<other/unclassified>
S5_SITE site=1349 count=1687 requested_bytes=67480 type=<other/unclassified>
S5_SITE site=1358 count=386 requested_bytes=15440 type=<other/unclassified>
S5_SITE site=1359 count=92 requested_bytes=3680 type=<other/unclassified>
S5_SITE site=1380 count=425 requested_bytes=20400 type=<other/unclassified>
S5_SITE site=1384 count=315 requested_bytes=12600 type=<other/unclassified>
S5_SITE site=1386 count=55636 requested_bytes=3115616 type=<other/unclassified>
S5_SITE site=1387 count=27131 requested_bytes=1519336 type=<other/unclassified>
S5_SITE site=1389 count=45 requested_bytes=2520 type=<other/unclassified>
S5_SITE site=1392 count=1619 requested_bytes=90664 type=<other/unclassified>
S5_SITE site=1393 count=168 requested_bytes=9408 type=<other/unclassified>
S5_SITE site=1394 count=176 requested_bytes=9856 type=<other/unclassified>
S5_SITE site=1397 count=325 requested_bytes=18200 type=<other/unclassified>
S5_SITE site=1399 count=8 requested_bytes=448 type=<other/unclassified>
S5_SITE site=1400 count=3 requested_bytes=168 type=<other/unclassified>
S5_SITE site=1401 count=2 requested_bytes=112 type=<other/unclassified>
S5_SITE site=1402 count=17 requested_bytes=952 type=<other/unclassified>
S5_SITE site=1403 count=452 requested_bytes=25312 type=<other/unclassified>
S5_SITE site=1404 count=521 requested_bytes=29176 type=<other/unclassified>
S5_SITE site=1405 count=154 requested_bytes=8624 type=<other/unclassified>
S5_SITE site=1406 count=3196 requested_bytes=204544 type=<other/unclassified>
S5_SITE site=1407 count=231 requested_bytes=14784 type=<other/unclassified>
S5_SITE site=1408 count=15427 requested_bytes=987328 type=<other/unclassified>
S5_SITE site=1409 count=1687 requested_bytes=107968 type=<other/unclassified>
S5_SITE site=1410 count=300 requested_bytes=19200 type=<other/unclassified>
S5_SITE site=1411 count=1010 requested_bytes=64640 type=<other/unclassified>
S5_SITE site=1412 count=50 requested_bytes=2000 type=<other/unclassified>
S5_SITE site=1414 count=885 requested_bytes=35400 type=<other/unclassified>
S5_SITE site=1415 count=250 requested_bytes=10000 type=<other/unclassified>
S5_SITE site=1430 count=7 requested_bytes=280 type=<other/unclassified>
S5_SITE site=1432 count=7 requested_bytes=280 type=<other/unclassified>
S5_SITE site=1433 count=1880 requested_bytes=90240 type=<other/unclassified>
S5_SITE site=1434 count=975 requested_bytes=46800 type=<other/unclassified>
S5_SITE site=1435 count=26 requested_bytes=1248 type=<other/unclassified>
S5_SITE site=1436 count=315 requested_bytes=15120 type=<other/unclassified>
S5_SITE site=1444 count=85588 requested_bytes=3423520 type=<other/unclassified>
S5_SITE site=1446 count=90752 requested_bytes=3630080 type=<other/unclassified>
S5_SITE site=1448 count=3196 requested_bytes=127840 type=<other/unclassified>
S5_SITE site=1452 count=855 requested_bytes=34200 type=<other/unclassified>
S5_SITE site=1459 count=855 requested_bytes=54720 type=<other/unclassified>
S5_SITE site=1463 count=25251 requested_bytes=2020080 type=<other/unclassified>
S5_SITE site=1465 count=5225 requested_bytes=209000 type=<other/unclassified>
S5_SITE site=1466 count=551 requested_bytes=22040 type=<other/unclassified>
S5_SITE site=1467 count=47 requested_bytes=1880 type=<other/unclassified>
S5_SITE site=1468 count=37 requested_bytes=1480 type=<other/unclassified>
S5_SITE site=1469 count=476 requested_bytes=19040 type=<other/unclassified>
S5_SITE site=1472 count=25251 requested_bytes=1010040 type=<other/unclassified>
S5_SITE site=1473 count=2819 requested_bytes=225520 type=<other/unclassified>
S5_SITE site=1474 count=78290 requested_bytes=6263200 type=<other/unclassified>
S5_SITE site=1475 count=38 requested_bytes=3040 type=<other/unclassified>
S5_SITE site=1476 count=81147 requested_bytes=5193408 type=<other/unclassified>
S5_SITE site=1478 count=2819 requested_bytes=270624 type=<other/unclassified>
S5_SITE site=1479 count=53389 requested_bytes=5125344 type=<other/unclassified>
S5_SITE site=1480 count=24939 requested_bytes=2394144 type=<other/unclassified>
S5_SITE site=1483 count=48846 requested_bytes=4689216 type=<other/unclassified>
S5_SITE site=1484 count=2819 requested_bytes=135312 type=<other/unclassified>
S5_SITE site=1490 count=78328 requested_bytes=3759744 type=<other/unclassified>
S5_SITE site=1508 count=476 requested_bytes=30464 type=<other/unclassified>
S5_SITE site=1510 count=1428 requested_bytes=91392 type=<other/unclassified>
S5_SITE site=1511 count=1113 requested_bytes=53424 type=<other/unclassified>
S5_SITE site=1514 count=18586 requested_bytes=892128 type=<other/unclassified>
S5_SITE site=1516 count=3 requested_bytes=96 type=<other/unclassified>
S5_SITE site=1517 count=3 requested_bytes=96 type=<other/unclassified>
S5_SITE site=1518 count=3 requested_bytes=96 type=<other/unclassified>
S5_SITE site=1520 count=3429 requested_bytes=109728 type=<other/unclassified>
S5_SITE site=1522 count=109018 requested_bytes=4360720 type=<other/unclassified>
S5_SITE site=1523 count=30656 requested_bytes=1226240 type=<other/unclassified>
S5_SITE site=1524 count=32070 requested_bytes=1282800 type=<other/unclassified>
S5_SITE site=1526 count=960 requested_bytes=38400 type=<other/unclassified>
S5_SITE site=1528 count=19226 requested_bytes=769040 type=<other/unclassified>
S5_SITE site=1529 count=185681 requested_bytes=7427240 type=<other/unclassified>
S5_SITE site=1531 count=960 requested_bytes=38400 type=<other/unclassified>
S5_SITE site=1533 count=1 requested_bytes=72 type=<other/unclassified>
S5_SITE site=1534 count=17935 requested_bytes=1291320 type=<other/unclassified>
S5_SITE site=1544 count=35924 requested_bytes=1436960 type=<other/unclassified>
S5_SITE site=1546 count=1 requested_bytes=56 type=<other/unclassified>
S5_SITE site=1548 count=55684 requested_bytes=2672832 type=<other/unclassified>
S5_SITE site=1549 count=65996 requested_bytes=3167808 type=<other/unclassified>
S5_SITE site=1551 count=11298 requested_bytes=451920 type=<other/unclassified>
S5_SITE site=1552 count=175167 requested_bytes=7006680 type=<other/unclassified>
S5_SITE site=1554 count=1687 requested_bytes=67480 type=<other/unclassified>
S5_SITE site=1555 count=5142 requested_bytes=205680 type=<other/unclassified>
S5_SITE site=1556 count=871 requested_bytes=41808 type=<other/unclassified>
S5_SITE site=1557 count=88 requested_bytes=4224 type=<other/unclassified>
S5_SITE site=1558 count=2 requested_bytes=80 type=<other/unclassified>
S5_SITE site=1559 count=601 requested_bytes=24040 type=<other/unclassified>
S5_SITE site=1561 count=5437 requested_bytes=217480 type=<other/unclassified>
S5_SITE site=1563 count=2316 requested_bytes=74112 type=<other/unclassified>
S5_SITE site=1578 count=1 requested_bytes=40 type=<other/unclassified>
S5_SITE site=1579 count=14489 requested_bytes=463648 type=<other/unclassified>
S5_SITE site=1580 count=110744 requested_bytes=3543808 type=<other/unclassified>
S5_SITE site=1581 count=869960 requested_bytes=48717760 type=<other/unclassified>
S5_SITE site=1582 count=117 requested_bytes=6552 type=<other/unclassified>
S5_SITE site=1588 count=12023 requested_bytes=480920 type=<other/unclassified>
S5_SITE site=1592 count=28842 requested_bytes=1384416 type=<other/unclassified>
S5_SITE site=1661 count=94647 requested_bytes=4543056 type=<other/unclassified>
S5_SITE site=1662 count=1 requested_bytes=48 type=<other/unclassified>
S5_SITE site=1664 count=2467 requested_bytes=78944 type=<other/unclassified>
S5_SITE site=1666 count=1521 requested_bytes=73008 type=<other/unclassified>
S5_SITE site=1667 count=19536 requested_bytes=781440 type=<other/unclassified>
S5_SITE site=1668 count=7935 requested_bytes=317400 type=<other/unclassified>
S5_SITE site=1669 count=3559 requested_bytes=142360 type=<other/unclassified>
S5_SITE site=1670 count=73 requested_bytes=2920 type=<other/unclassified>
S5_SITE site=1671 count=3811 requested_bytes=152440 type=<other/unclassified>
S5_SITE site=1672 count=6 requested_bytes=240 type=<other/unclassified>
S5_SITE site=1673 count=6113 requested_bytes=244520 type=<other/unclassified>
S5_SITE site=1674 count=552 requested_bytes=22080 type=<other/unclassified>
S5_SITE site=1675 count=1735 requested_bytes=69400 type=<other/unclassified>
S5_SITE site=1677 count=2302 requested_bytes=92080 type=<other/unclassified>
S5_SITE site=1678 count=1138 requested_bytes=45520 type=<other/unclassified>
S5_SITE site=1679 count=3371 requested_bytes=134840 type=<other/unclassified>
S5_SITE site=1680 count=2 requested_bytes=80 type=<other/unclassified>
S5_SITE site=1681 count=6 requested_bytes=240 type=<other/unclassified>
S5_SITE site=1688 count=15319 requested_bytes=490208 type=<other/unclassified>
S5_SITE site=1691 count=10599 requested_bytes=508752 type=<other/unclassified>
S5_SITE site=1692 count=26077 requested_bytes=1251696 type=<other/unclassified>
S5_SITE site=1693 count=26077 requested_bytes=1251696 type=<other/unclassified>
S5_SITE site=1696 count=62753 requested_bytes=3012144 type=<other/unclassified>
S5_SITE site=1697 count=622674 requested_bytes=24906960 type=<other/unclassified>
S5_SITE site=1698 count=622674 requested_bytes=24906960 type=<other/unclassified>
S5_SITE site=1699 count=7086 requested_bytes=340128 type=<other/unclassified>
S5_SITE site=1700 count=7086 requested_bytes=340128 type=<other/unclassified>
S5_SITE site=1701 count=14172 requested_bytes=680256 type=<other/unclassified>
S5_SITE site=1702 count=18388 requested_bytes=735520 type=<other/unclassified>
S5_SITE site=1703 count=18388 requested_bytes=735520 type=<other/unclassified>
S5_SITE site=1704 count=23210 requested_bytes=1114080 type=<other/unclassified>
S5_SITE site=1705 count=55718 requested_bytes=2674464 type=<other/unclassified>
S5_SITE site=1706 count=55718 requested_bytes=2674464 type=<other/unclassified>
S5_SITE site=1709 count=134646 requested_bytes=6463008 type=<other/unclassified>
S5_SITE site=1710 count=1189745 requested_bytes=57107760 type=<other/unclassified>
S5_SITE site=1711 count=1189745 requested_bytes=57107760 type=<other/unclassified>
S5_SITE site=1712 count=15560 requested_bytes=1120320 type=<other/unclassified>
S5_SITE site=1713 count=15560 requested_bytes=1120320 type=<other/unclassified>
S5_SITE site=1714 count=31120 requested_bytes=1493760 type=<other/unclassified>
S5_SITE site=1715 count=40238 requested_bytes=1931424 type=<other/unclassified>
S5_SITE site=1716 count=40238 requested_bytes=1931424 type=<other/unclassified>
S5_SITE site=1718 count=88043 requested_bytes=3521720 type=<other/unclassified>
S5_SITE site=1720 count=1027653 requested_bytes=41106120 type=<other/unclassified>
S5_SITE site=1721 count=15474 requested_bytes=618960 type=<other/unclassified>
S5_SITE site=1722 count=1 requested_bytes=48 type=<other/unclassified>
S5_SITE site=1723 count=170 requested_bytes=9520 type=<other/unclassified>
S5_SITE site=1724 count=192 requested_bytes=10752 type=<other/unclassified>
S5_SITE site=1726 count=66232 requested_bytes=2649280 type=<other/unclassified>
S5_SITE site=1727 count=2679 requested_bytes=107160 type=<other/unclassified>
S5_SITE site=1728 count=502 requested_bytes=24096 type=<other/unclassified>
S5_SITE site=1729 count=167 requested_bytes=8016 type=<other/unclassified>
S5_SITE site=1731 count=64300 requested_bytes=3086400 type=<other/unclassified>
S5_SITE site=1735 count=12 requested_bytes=576 type=<other/unclassified>
S5_SITE site=1736 count=31 requested_bytes=1488 type=<other/unclassified>
S5_SITE site=1738 count=1 requested_bytes=48 type=<other/unclassified>
S5_SITE site=1739 count=101 requested_bytes=4848 type=<other/unclassified>
S5_SITE site=1740 count=206 requested_bytes=9888 type=<other/unclassified>
S5_SITE site=1741 count=1385 requested_bytes=55400 type=<other/unclassified>
S5_SITE site=1743 count=1867 requested_bytes=74680 type=<other/unclassified>
S5_SITE site=1744 count=40655 requested_bytes=1626200 type=<other/unclassified>
S5_SITE site=1745 count=1820 requested_bytes=72800 type=<other/unclassified>
S5_SITE site=1746 count=4005 requested_bytes=128160 type=<other/unclassified>
S5_SITE site=1749 count=7 requested_bytes=224 type=<other/unclassified>
S5_SITE site=1751 count=9718 requested_bytes=466464 type=<other/unclassified>
S5_SITE site=1754 count=37446 requested_bytes=1497840 type=<other/unclassified>
S5_SITE site=1755 count=6391 requested_bytes=255640 type=<other/unclassified>
S5_SITE site=1756 count=37446 requested_bytes=1797408 type=<other/unclassified>
S5_SITE site=1757 count=6391 requested_bytes=306768 type=<other/unclassified>
S5_SITE site=1758 count=21829 requested_bytes=1047792 type=<other/unclassified>
S5_SITE site=1759 count=2 requested_bytes=80 type=<other/unclassified>
S5_SITE site=1761 count=11530 requested_bytes=461200 type=<other/unclassified>
S5_SITE site=1762 count=163002 requested_bytes=6520080 type=<other/unclassified>
S5_SITE site=1763 count=6749 requested_bytes=215968 type=<other/unclassified>
S5_SITE site=1766 count=85634 requested_bytes=3425360 type=<other/unclassified>
S5_SITE site=1767 count=1109 requested_bytes=44360 type=<other/unclassified>
S5_SITE site=1786 count=6404 requested_bytes=256160 type=<other/unclassified>
S5_SITE site=1788 count=8 requested_bytes=256 type=<other/unclassified>
S5_SITE site=1789 count=156 requested_bytes=4992 type=<other/unclassified>
S5_SITE site=1790 count=108 requested_bytes=3456 type=<other/unclassified>
S5_SITE site=1791 count=36 requested_bytes=1152 type=<other/unclassified>
S5_SITE site=1795 count=8 requested_bytes=448 type=<other/unclassified>
S5_SITE site=1796 count=1 requested_bytes=56 type=<other/unclassified>
S5_SITE site=1797 count=20 requested_bytes=1120 type=<other/unclassified>
S5_SITE site=1800 count=190 requested_bytes=10640 type=<other/unclassified>
S5_SITE site=1801 count=248 requested_bytes=13888 type=<other/unclassified>
S5_SITE site=1802 count=1189 requested_bytes=66584 type=<other/unclassified>
S5_SITE site=1803 count=4 requested_bytes=224 type=<other/unclassified>
S5_SITE site=1804 count=4 requested_bytes=224 type=<other/unclassified>
S5_SITE site=1806 count=4 requested_bytes=224 type=<other/unclassified>
S5_SITE site=1807 count=4 requested_bytes=224 type=<other/unclassified>
S5_SITE site=1809 count=4 requested_bytes=224 type=<other/unclassified>
S5_SITE site=1810 count=258 requested_bytes=14448 type=<other/unclassified>
S5_SITE site=1823 count=5 requested_bytes=280 type=<other/unclassified>
S5_SITE site=1824 count=5 requested_bytes=280 type=<other/unclassified>
S5_SITE site=1825 count=5 requested_bytes=280 type=<other/unclassified>
S5_SITE site=1827 count=3495 requested_bytes=195720 type=<other/unclassified>
S5_SITE site=1828 count=3495 requested_bytes=195720 type=<other/unclassified>
S5_SITE site=1829 count=3495 requested_bytes=195720 type=<other/unclassified>
S5_SITE site=1830 count=3495 requested_bytes=195720 type=<other/unclassified>
S5_SITE site=1838 count=6 requested_bytes=336 type=<other/unclassified>
S5_SITE site=1858 count=4183 requested_bytes=234248 type=<other/unclassified>
S5_SITE site=1875 count=4273 requested_bytes=239288 type=<other/unclassified>
S5_SITE site=1878 count=2526 requested_bytes=141456 type=<other/unclassified>
S5_SITE site=1879 count=1 requested_bytes=56 type=<other/unclassified>
S5_SITE site=1883 count=1262 requested_bytes=50480 type=<other/unclassified>
S5_SITE site=1885 count=1303 requested_bytes=52120 type=<other/unclassified>
S5_SITE site=1890 count=189 requested_bytes=9072 type=<other/unclassified>
S5_SITE site=1893 count=153 requested_bytes=7344 type=<other/unclassified>
S5_SITE site=1899 count=15 requested_bytes=720 type=<other/unclassified>
S5_SITE site=1900 count=81 requested_bytes=3888 type=<other/unclassified>
S5_SITE site=1901 count=66 requested_bytes=3168 type=<other/unclassified>
S5_SITE site=1902 count=96 requested_bytes=4608 type=<other/unclassified>
S5_SITE site=1903 count=96 requested_bytes=4608 type=<other/unclassified>
S5_SITE site=1904 count=96 requested_bytes=4608 type=<other/unclassified>
S5_SITE site=1905 count=96 requested_bytes=4608 type=<other/unclassified>
S5_SITE site=1906 count=96 requested_bytes=4608 type=<other/unclassified>
S5_SITE site=1907 count=40 requested_bytes=1920 type=<other/unclassified>
S5_SITE site=1908 count=256 requested_bytes=12288 type=<other/unclassified>
S5_SITE site=1909 count=99 requested_bytes=4752 type=<other/unclassified>
S5_SITE site=1910 count=4754 requested_bytes=228192 type=<other/unclassified>
S5_SITE site=1913 count=3570 requested_bytes=171360 type=<other/unclassified>
S5_SITE site=1914 count=362 requested_bytes=17376 type=<other/unclassified>
S5_SITE site=1915 count=13 requested_bytes=624 type=<other/unclassified>
S5_SITE site=1917 count=1 requested_bytes=48 type=<other/unclassified>
S5_SITE site=1930 count=196 requested_bytes=9408 type=<other/unclassified>
S5_SITE site=1931 count=1 requested_bytes=48 type=<other/unclassified>
S5_SITE site=1932 count=196 requested_bytes=9408 type=<other/unclassified>
S5_SITE site=1933 count=1 requested_bytes=48 type=<other/unclassified>
S5_SITE site=1993 count=2379 requested_bytes=95160 type=<other/unclassified>
S5_SITE site=1995 count=18 requested_bytes=720 type=<other/unclassified>
S5_SITE site=1996 count=23 requested_bytes=920 type=<other/unclassified>
S5_SITE site=1997 count=2379 requested_bytes=95160 type=<other/unclassified>
S5_SITE site=1998 count=244 requested_bytes=9760 type=<other/unclassified>
S5_SITE site=2005 count=36 requested_bytes=1728 type=<other/unclassified>
S5_SITE site=2006 count=192 requested_bytes=9216 type=<other/unclassified>
S5_SITE site=2007 count=1274 requested_bytes=50960 type=<other/unclassified>
S5_SITE site=2008 count=3244 requested_bytes=155712 type=<other/unclassified>
S5_SITE site=2010 count=702 requested_bytes=28080 type=<other/unclassified>
S5_SITE site=2011 count=6023 requested_bytes=240920 type=<other/unclassified>
S5_SITE site=2012 count=336 requested_bytes=13440 type=<other/unclassified>
S5_SITE site=2013 count=2594 requested_bytes=103760 type=<other/unclassified>
S5_SITE site=2014 count=7 requested_bytes=280 type=<other/unclassified>
S5_SITE site=2015 count=8057 requested_bytes=322280 type=<other/unclassified>
S5_SITE site=2016 count=5476 requested_bytes=219040 type=<other/unclassified>
S5_SITE site=2017 count=71997 requested_bytes=5759760 type=<other/unclassified>
S5_SITE site=2018 count=71997 requested_bytes=5759760 type=<other/unclassified>
S5_SITE site=2019 count=20944 requested_bytes=1675520 type=<other/unclassified>
S5_SITE site=2020 count=20944 requested_bytes=1675520 type=<other/unclassified>
S5_SITE site=2021 count=34775 requested_bytes=2782000 type=<other/unclassified>
S5_SITE site=2022 count=34775 requested_bytes=2782000 type=<other/unclassified>
S5_SITE site=2023 count=36026 requested_bytes=2882080 type=<other/unclassified>
S5_SITE site=2024 count=36026 requested_bytes=2882080 type=<other/unclassified>
S5_SITE site=2025 count=17244 requested_bytes=1379520 type=<other/unclassified>
S5_SITE site=2026 count=51026 requested_bytes=2041040 type=<other/unclassified>
S5_SITE site=2043 count=39643 requested_bytes=1585720 type=<other/unclassified>
S5_SITE site=2046 count=1 requested_bytes=64 type=<other/unclassified>
S5_SITE site=2047 count=39634 requested_bytes=2536576 type=<other/unclassified>
S5_SITE site=2048 count=2 requested_bytes=128 type=<other/unclassified>
S5_SITE site=2049 count=6 requested_bytes=384 type=<other/unclassified>
S5_SITE site=2050 count=74581 requested_bytes=5369832 type=<other/unclassified>
S5_SITE site=2051 count=74581 requested_bytes=5369832 type=<other/unclassified>
S5_SITE site=2052 count=10119 requested_bytes=728568 type=<other/unclassified>
S5_SITE site=2053 count=10119 requested_bytes=728568 type=<other/unclassified>
S5_SITE site=2054 count=35868 requested_bytes=2582496 type=<other/unclassified>
S5_SITE site=2055 count=35868 requested_bytes=2582496 type=<other/unclassified>
S5_SITE site=2056 count=17244 requested_bytes=1241568 type=<other/unclassified>
S5_SITE site=2072 count=2 requested_bytes=80 type=<other/unclassified>
S5_SITE site=2074 count=3 requested_bytes=120 type=<other/unclassified>
S5_SITE site=2076 count=10513 requested_bytes=420520 type=<other/unclassified>
S5_SITE site=2077 count=232 requested_bytes=9280 type=<other/unclassified>
S5_SITE site=2078 count=30651 requested_bytes=1226040 type=<other/unclassified>
S5_SITE site=2079 count=2238 requested_bytes=89520 type=<other/unclassified>
S5_SITE site=2080 count=1751 requested_bytes=70040 type=<other/unclassified>
S5_SITE site=2081 count=10513 requested_bytes=420520 type=<other/unclassified>
S5_SITE site=2082 count=232 requested_bytes=9280 type=<other/unclassified>
S5_SITE site=2085 count=1 requested_bytes=32 type=<other/unclassified>
S5_SITE site=2086 count=2 requested_bytes=64 type=<other/unclassified>
S5_SITE site=2087 count=2799 requested_bytes=89568 type=<other/unclassified>
S5_SITE site=2088 count=476 requested_bytes=22848 type=<other/unclassified>
S5_SITE site=2089 count=2326 requested_bytes=111648 type=<other/unclassified>
S5_SITE site=2090 count=1 requested_bytes=48 type=<other/unclassified>
S5_SITE site=2093 count=2238 requested_bytes=89520 type=<other/unclassified>
S5_SITE site=2094 count=1751 requested_bytes=70040 type=<other/unclassified>
S5_SITE site=2098 count=5 requested_bytes=160 type=<other/unclassified>
S5_SITE site=2100 count=3912 requested_bytes=156480 type=<other/unclassified>
S5_SITE site=2101 count=1990 requested_bytes=79600 type=<other/unclassified>
S5_SITE site=2105 count=126 requested_bytes=5040 type=<other/unclassified>
S5_SITE site=2106 count=1464 requested_bytes=58560 type=<other/unclassified>
S5_SITE site=2107 count=49 requested_bytes=1960 type=<other/unclassified>
S5_SITE site=2108 count=7414 requested_bytes=296560 type=<other/unclassified>
S5_SITE site=2109 count=114 requested_bytes=4560 type=<other/unclassified>
S5_SITE site=2110 count=6 requested_bytes=240 type=<other/unclassified>
S5_SITE site=2111 count=2099 requested_bytes=100752 type=<other/unclassified>
S5_SITE site=2112 count=154088 requested_bytes=7396224 type=<other/unclassified>
S5_SITE site=2114 count=155010 requested_bytes=7440480 type=<other/unclassified>
S5_SITE site=2116 count=2097 requested_bytes=117432 type=<other/unclassified>
S5_SITE site=2117 count=2003 requested_bytes=112168 type=<other/unclassified>
S5_SITE site=2118 count=153005 requested_bytes=8568280 type=<other/unclassified>
S5_SITE site=2120 count=2 requested_bytes=112 type=<other/unclassified>
S5_SITE site=2122 count=25 requested_bytes=1000 type=<other/unclassified>
S5_SITE site=2124 count=23 requested_bytes=1472 type=<other/unclassified>
S5_SITE site=2125 count=1447 requested_bytes=92608 type=<other/unclassified>
S5_SITE site=2126 count=2 requested_bytes=128 type=<other/unclassified>
S5_SITE site=2128 count=25 requested_bytes=1600 type=<other/unclassified>
S5_SITE site=2129 count=288 requested_bytes=11520 type=<other/unclassified>
S5_SITE site=2130 count=216 requested_bytes=8640 type=<other/unclassified>
S5_SITE site=2131 count=1820 requested_bytes=87360 type=<other/unclassified>
S5_SITE site=2134 count=9047 requested_bytes=579008 type=<other/unclassified>
S5_SITE site=2135 count=322628 requested_bytes=20648192 type=<other/unclassified>
S5_SITE site=2136 count=1910 requested_bytes=122240 type=<other/unclassified>
S5_SITE site=2137 count=74 requested_bytes=4736 type=<other/unclassified>
S5_SITE site=2138 count=393 requested_bytes=25152 type=<other/unclassified>
S5_SITE site=2139 count=123 requested_bytes=7872 type=<other/unclassified>
S5_SITE site=2140 count=16 requested_bytes=1024 type=<other/unclassified>
S5_SITE site=2141 count=157107 requested_bytes=10054848 type=<other/unclassified>
S5_SITE site=2142 count=1024 requested_bytes=65536 type=<other/unclassified>
S5_SITE site=2143 count=388 requested_bytes=24832 type=<other/unclassified>
S5_SITE site=2145 count=1038 requested_bytes=66432 type=<other/unclassified>
S5_SITE site=2147 count=60 requested_bytes=3840 type=<other/unclassified>
S5_SITE site=2148 count=6 requested_bytes=384 type=<other/unclassified>
S5_SITE site=2149 count=1820 requested_bytes=116480 type=<other/unclassified>
S5_SITE site=2151 count=12 requested_bytes=768 type=<other/unclassified>
S5_SITE site=2152 count=932 requested_bytes=59648 type=<other/unclassified>
S5_SITE site=2153 count=1 requested_bytes=64 type=<other/unclassified>
S5_SITE site=2154 count=24 requested_bytes=1536 type=<other/unclassified>
S5_SITE site=2156 count=158901 requested_bytes=10169664 type=<other/unclassified>
S5_SITE site=2157 count=96 requested_bytes=6144 type=<other/unclassified>
S5_SITE site=2187 count=146402 requested_bytes=7027296 type=<other/unclassified>
S5_SITE site=2188 count=38 requested_bytes=1824 type=<other/unclassified>
S5_SITE site=2189 count=90 requested_bytes=5760 type=<other/unclassified>
S5_SITE site=2190 count=859 requested_bytes=54976 type=<other/unclassified>
S5_SITE site=2191 count=29 requested_bytes=1856 type=<other/unclassified>
S5_SITE site=2192 count=146438 requested_bytes=8200528 type=<other/unclassified>
S5_SITE site=2193 count=2 requested_bytes=112 type=<other/unclassified>
S5_SITE site=2196 count=11 requested_bytes=440 type=<other/unclassified>
S5_SITE site=2197 count=9 requested_bytes=360 type=<other/unclassified>
S5_SITE site=2200 count=69 requested_bytes=2208 type=<other/unclassified>
S5_SITE site=2201 count=4 requested_bytes=192 type=<other/unclassified>
S5_SITE site=2205 count=244 requested_bytes=13664 type=<other/unclassified>
S5_SITE site=2206 count=604 requested_bytes=33824 type=<other/unclassified>
S5_SITE site=2207 count=2 requested_bytes=112 type=<other/unclassified>
S5_SITE site=2208 count=850 requested_bytes=34000 type=<other/unclassified>
S5_SITE site=2213 count=3491 requested_bytes=139640 type=<other/unclassified>
S5_SITE site=2218 count=3491 requested_bytes=111712 type=<other/unclassified>
S5_SITE site=2219 count=4798 requested_bytes=230304 type=<other/unclassified>
S5_SITE site=2220 count=946 requested_bytes=45408 type=<other/unclassified>
S5_SITE site=2221 count=735 requested_bytes=35280 type=<other/unclassified>
S5_SITE site=2223 count=132 requested_bytes=5280 type=<other/unclassified>
S5_SITE site=2224 count=42 requested_bytes=1680 type=<other/unclassified>
S5_SITE site=2225 count=1 requested_bytes=40 type=<other/unclassified>
S5_SITE site=2276 count=192 requested_bytes=6144 type=<other/unclassified>
S5_SITE site=2277 count=357 requested_bytes=11424 type=<other/unclassified>
S5_SITE site=2278 count=192 requested_bytes=6144 type=<other/unclassified>
S5_SITE site=2279 count=357 requested_bytes=11424 type=<other/unclassified>
S5_SITE site=2280 count=192 requested_bytes=6144 type=<other/unclassified>
S5_SITE site=2282 count=1 requested_bytes=56 type=blorp_src_compiler_command__CompileCommandOutputPolicy
S5_SITE site=2286 count=1 requested_bytes=48 type=blorp_src_lib_build_artifact__CArtifact
S5_SITE site=2287 count=2 requested_bytes=64 type=blorp_src_lib_build_artifact__CTranslationUnitPolicy
S5_SITE site=2289 count=1 requested_bytes=32 type=blorp_src_lib_build_artifact__BuildSourceIdentity
S5_SITE site=2290 count=1 requested_bytes=24 type=blorp_src_lib_build_artifact__BuildCompatibility
S5_SITE site=2291 count=1 requested_bytes=80 type=blorp_src_lib_build_artifact__BuildArtifact
S5_SITE site=2292 count=1 requested_bytes=80 type=blorp_src_lib_build_artifact__BuildArtifactConfiguration
S5_SITE site=2294 count=1 requested_bytes=48 type=blorp_src_lib_cli_args__CliCheckArgs
S5_SITE site=2295 count=3 requested_bytes=312 type=blorp_src_lib_cli_args__CliCompileArgs
S5_SITE site=2296 count=2 requested_bytes=224 type=blorp_src_lib_cli_args__CliRunArgs
S5_SITE site=2297 count=1 requested_bytes=104 type=blorp_src_lib_cli_args__CliTestArgs
S5_SITE site=2303 count=1 requested_bytes=40 type=blorp_src_lib_cli_plan__CliHandledResult
S5_SITE site=2305 count=2 requested_bytes=80 type=blorp_src_lib_cli_plan__CliSourceFile
S5_SITE site=2310 count=1 requested_bytes=48 type=blorp_src_lib_cli_plan__CliCompilePlan
S5_SITE site=2317 count=1 requested_bytes=40 type=blorp_src_lib_compile_plan_execute__TimedCompileExecution
S5_SITE site=2325 count=1 requested_bytes=32 type=blorp_src_lib_source_graph__CliSourceGraphSetup
S5_SITE site=2343 count=1 requested_bytes=32 type=exit__ExitStatus
S5_SITE site=2345 count=5686 requested_bytes=181952 type=fs__AnchoredPath
S5_SITE site=2349 count=1 requested_bytes=40 type=blorp_src_lib_compilation__CompileArtifactOutput
S5_SITE site=2351 count=1 requested_bytes=72 type=blorp_src_lib_compilation__PreparedCompileExecution
S5_SITE site=2352 count=1 requested_bytes=32 type=blorp_src_lib_compilation__TypedCompilePreparation
S5_SITE site=2353 count=1 requested_bytes=32 type=blorp_src_lib_compilation__PreparedCoreCompilePreparation
S5_SITE site=2354 count=1 requested_bytes=32 type=blorp_src_lib_compilation__LoweredCompilePreparation
S5_SITE site=2355 count=1 requested_bytes=32 type=blorp_src_lib_compilation__EarlyCoreCompilePreparation
S5_SITE site=2356 count=1 requested_bytes=32 type=blorp_src_lib_compilation__RuntimeProjectedCompilePreparation
S5_SITE site=2357 count=1 requested_bytes=88 type=blorp_src_lib_compilation__CompileContinuation
S5_SITE site=2358 count=1 requested_bytes=64 type=blorp_src_lib_compilation__LateCoreCompileExecution
S5_SITE site=2359 count=1 requested_bytes=48 type=blorp_src_lib_compilation__BackendEmissionCompileExecution
S5_SITE site=2360 count=1 requested_bytes=32 type=blorp_src_lib_runtime_sources__RuntimeSources
S5_SITE site=2363 count=7 requested_bytes=224 type=blorp_src_lib_path_identity__ExistingPathIdentity
S5_SITE site=2365 count=1 requested_bytes=40 type=blorp_src_compiler_frontend_request__FrontendGraphContext
S5_SITE site=2366 count=2 requested_bytes=80 type=blorp_src_compiler_frontend_request__FrontendCompilationGraph
S5_SITE site=2367 count=2799 requested_bytes=134352 type=blorp_src_compiler_stage_03_parse_source_ast_finalize__FinalizedImportPathRewrite
S5_SITE site=2369 count=15844 requested_bytes=633760 type=blorp_src_compiler_stage_03_parse_source_ast_finalize__ParsedExprOptionResult
S5_SITE site=2370 count=10896 requested_bytes=435840 type=blorp_src_compiler_stage_03_parse_source_ast_finalize__ParsedElseBranchResult
S5_SITE site=2371 count=564050 requested_bytes=22562000 type=blorp_src_compiler_stage_03_parse_source_ast_finalize__ParsedExprResult
S5_SITE site=2373 count=188922 requested_bytes=7556880 type=blorp_src_compiler_stage_03_parse_source_ast_finalize__ParsedExprsResult
S5_SITE site=2374 count=7710 requested_bytes=308400 type=blorp_src_compiler_stage_03_parse_source_ast_finalize__RecordFieldsResult
S5_SITE site=2375 count=8 requested_bytes=320 type=blorp_src_compiler_stage_03_parse_source_ast_finalize__DictEntriesResult
S5_SITE site=2376 count=11437 requested_bytes=457480 type=blorp_src_compiler_stage_03_parse_source_ast_finalize__MatchCasesResult
S5_SITE site=2380 count=16 requested_bytes=640 type=blorp_src_compiler_stage_03_parse_source_ast_finalize__WithErrorMapResult
S5_SITE site=2381 count=16 requested_bytes=640 type=blorp_src_compiler_stage_03_parse_source_ast_finalize__WithBindingResult
S5_SITE site=2382 count=15749 requested_bytes=629960 type=blorp_src_compiler_stage_03_parse_source_ast_finalize__FunctionDeclResult
S5_SITE site=2383 count=1687 requested_bytes=67480 type=blorp_src_compiler_stage_03_parse_source_ast_finalize__VarDeclResult
S5_SITE site=2384 count=95 requested_bytes=3800 type=blorp_src_compiler_stage_03_parse_source_ast_finalize__TraitMethodResult
S5_SITE site=2385 count=39 requested_bytes=1560 type=blorp_src_compiler_stage_03_parse_source_ast_finalize__TraitMethodsResult
S5_SITE site=2386 count=300 requested_bytes=12000 type=blorp_src_compiler_stage_03_parse_source_ast_finalize__FunctionDeclsResult
S5_SITE site=2387 count=1365 requested_bytes=54600 type=blorp_src_compiler_stage_03_parse_source_ast_finalize__IdentifierReference
S5_SITE site=2389 count=15705 requested_bytes=753840 type=blorp_src_compiler_stage_03_parse_source_ast_finalize__HoistExprResult
S5_SITE site=2390 count=15749 requested_bytes=755952 type=blorp_src_compiler_stage_03_parse_source_ast_finalize__HoistFunctionResult
S5_SITE site=2391 count=300 requested_bytes=14400 type=blorp_src_compiler_stage_03_parse_source_ast_finalize__HoistFunctionDeclsResult
S5_SITE site=2392 count=15705 requested_bytes=753840 type=blorp_src_compiler_stage_03_parse_source_ast_finalize__HoistBlockResult
S5_SITE site=2393 count=476 requested_bytes=15232 type=blorp_src_compiler_stage_03_parse_source_ast_finalize__HoistDeclsResult
S5_SITE site=2394 count=21028 requested_bytes=841120 type=blorp_src_compiler_stage_03_parse_source_ast_finalize__DeclResult
S5_SITE site=2395 count=476 requested_bytes=19040 type=blorp_src_compiler_stage_03_parse_source_ast_finalize__DeclsResult
S5_SITE site=2396 count=476 requested_bytes=15232 type=blorp_src_compiler_stage_03_parse_source_ast_finalize__FinalizedInterpolationProgram
S5_SITE site=2397 count=11729 requested_bytes=469160 type=blorp_src_compiler_stage_04_modules_frontend_graph__FrontendModule
S5_SITE site=2398 count=2799 requested_bytes=89568 type=blorp_src_compiler_stage_04_modules_frontend_graph__FrontendModuleReference
S5_SITE site=2399 count=2799 requested_bytes=111960 type=blorp_src_compiler_stage_04_modules_frontend_graph__FrontendImportEdge
S5_SITE site=2400 count=1 requested_bytes=88 type=blorp_src_compiler_stage_04_modules_frontend_graph__FrontendGraphRep
S5_SITE site=2408 count=3 requested_bytes=96 type=blorp_src_compiler_stage_02_lex_name_table__NameTableRep
S5_SITE site=2475 count=476 requested_bytes=19040 type=blorp_src_lib_source__SourceFile
S5_SITE site=2476 count=1655 requested_bytes=132400 type=blorp_src_lib_source__SourceSpan
S5_SITE site=2477 count=3517 requested_bytes=112544 type=blorp_src_lib_source__SourceTableData
S5_SITE site=2508 count=1 requested_bytes=80 type=blorp_src_compiler_pipeline__CoreCompilation
S5_SITE site=2510 count=1 requested_bytes=72 type=blorp_src_compiler_pipeline__TypedFrontendCompilationRep
S5_SITE site=2511 count=1 requested_bytes=88 type=blorp_src_compiler_pipeline__LoweredCoreCompilationRep
S5_SITE site=2512 count=1 requested_bytes=72 type=blorp_src_compiler_pipeline__EarlyCoreCompilationRep
S5_SITE site=2513 count=1 requested_bytes=104 type=blorp_src_compiler_pipeline__RuntimeProjectedCompilationRep
S5_SITE site=2514 count=1 requested_bytes=40 type=blorp_src_compiler_pipeline__BackendEmissionCompilationRep
S5_SITE site=2515 count=1 requested_bytes=24 type=blorp_src_compiler_pipeline__CoreCompilePolicy
S5_SITE site=2516 count=1 requested_bytes=24 type=blorp_src_compiler_pipeline__FrontendCompilePolicy
S5_SITE site=2518 count=1 requested_bytes=120 type=blorp_src_compiler_pipeline__CoreLoweringInput
S5_SITE site=2519 count=1 requested_bytes=40 type=blorp_src_compiler_pipeline__PreparedCoreLoweringRequestRep
S5_SITE site=2538 count=49 requested_bytes=4312 type=blorp_src_compiler_stage_09_core_pass_runner__CorePassState
S5_SITE site=2539 count=34 requested_bytes=1632 type=blorp_src_compiler_stage_09_core_pass_runner__CorePass
S5_SITE site=2540 count=3 requested_bytes=120 type=blorp_src_compiler_stage_09_core_pass_runner__CorePassControl
S5_SITE site=2544 count=1 requested_bytes=56 type=blorp_src_compiler_stage_09_core_pipeline__PreparedCoreProgramRep
S5_SITE site=2559 count=19797 requested_bytes=633504 type=blorp_src_compiler_stage_04_modules_loaded_module__ResolvedModuleIdentityRep
S5_SITE site=2560 count=476 requested_bytes=19040 type=blorp_src_compiler_stage_04_modules_loaded_module__ModuleLoadCandidateRep
S5_SITE site=2561 count=476 requested_bytes=26656 type=blorp_src_compiler_stage_04_modules_loaded_module__LoadedModuleRep
S5_SITE site=2563 count=1 requested_bytes=32 type=blorp_src_compiler_stage_04_modules_loaded_module__LoadedModuleSetRep
S5_SITE site=2568 count=1 requested_bytes=32 type=blorp_src_compiler_discovery_front_end__StageRoot
S5_SITE site=2569 count=704378 requested_bytes=28175120 type=blorp_src_compiler_stage_03_parse_parsed_ast__ParsedIdentifier
S5_SITE site=2570 count=230 requested_bytes=9200 type=blorp_src_compiler_stage_03_parse_parsed_ast__ParsedTraitReference
S5_SITE site=2571 count=1267 requested_bytes=60816 type=blorp_src_compiler_stage_03_parse_parsed_ast__ParsedTypeParamDecl
S5_SITE site=2573 count=36470 requested_bytes=1458800 type=blorp_src_compiler_stage_03_parse_parsed_ast__ParsedParam
S5_SITE site=2574 count=2069 requested_bytes=82760 type=blorp_src_compiler_stage_03_parse_parsed_ast__ParsedLambdaParam
S5_SITE site=2575 count=82640 requested_bytes=3305600 type=blorp_src_compiler_stage_03_parse_parsed_ast__ParsedMatchCase
S5_SITE site=2576 count=18258 requested_bytes=584256 type=blorp_src_compiler_stage_03_parse_parsed_ast__ParsedElseBranch
S5_SITE site=2578 count=41324 requested_bytes=1652960 type=blorp_src_compiler_stage_03_parse_parsed_ast__ParsedRecordExprField
S5_SITE site=2579 count=1401 requested_bytes=56040 type=blorp_src_compiler_stage_03_parse_parsed_ast__ParsedDictEntry
S5_SITE site=2582 count=20 requested_bytes=800 type=blorp_src_compiler_stage_03_parse_parsed_ast__ParsedWithErrorMap
S5_SITE site=2583 count=32 requested_bytes=2048 type=blorp_src_compiler_stage_03_parse_parsed_ast__ParsedWithBinding
S5_SITE site=2585 count=47701 requested_bytes=5342512 type=blorp_src_compiler_stage_03_parse_parsed_ast__ParsedFunctionDecl
S5_SITE site=2587 count=5061 requested_bytes=323904 type=blorp_src_compiler_stage_03_parse_parsed_ast__ParsedVarDecl
S5_SITE site=2588 count=12688 requested_bytes=609024 type=blorp_src_compiler_stage_03_parse_parsed_ast__ParsedImportSymbol
S5_SITE site=2589 count=23698 requested_bytes=1327088 type=blorp_src_compiler_stage_03_parse_parsed_ast__ParsedImportDecl
S5_SITE site=2590 count=9 requested_bytes=360 type=blorp_src_compiler_stage_03_parse_parsed_ast__ParsedForeignBlockArg
S5_SITE site=2591 count=64 requested_bytes=4608 type=blorp_src_compiler_stage_03_parse_parsed_ast__ParsedForeignFunctionDecl
S5_SITE site=2592 count=6644 requested_bytes=265760 type=blorp_src_compiler_stage_03_parse_parsed_ast__ParsedFieldDecl
S5_SITE site=2593 count=1880 requested_bytes=120320 type=blorp_src_compiler_stage_03_parse_parsed_ast__ParsedRecordDecl
S5_SITE site=2594 count=5575 requested_bytes=223000 type=blorp_src_compiler_stage_03_parse_parsed_ast__ParsedVariantDecl
S5_SITE site=2595 count=975 requested_bytes=62400 type=blorp_src_compiler_stage_03_parse_parsed_ast__ParsedUnionDecl
S5_SITE site=2596 count=7 requested_bytes=224 type=blorp_src_compiler_stage_03_parse_parsed_ast__ParsedResourceCleanup
S5_SITE site=2597 count=26 requested_bytes=1664 type=blorp_src_compiler_stage_03_parse_parsed_ast__ParsedBuiltinTypeDecl
S5_SITE site=2598 count=315 requested_bytes=20160 type=blorp_src_compiler_stage_03_parse_parsed_ast__ParsedTypeAliasDecl
S5_SITE site=2600 count=190 requested_bytes=12160 type=blorp_src_compiler_stage_03_parse_parsed_ast__ParsedTraitMethodDecl
S5_SITE site=2601 count=78 requested_bytes=4992 type=blorp_src_compiler_stage_03_parse_parsed_ast__ParsedTraitDecl
S5_SITE site=2602 count=913 requested_bytes=51128 type=blorp_src_compiler_stage_03_parse_parsed_ast__ParsedImplDecl
S5_SITE site=2603 count=1 requested_bytes=32 type=blorp_src_compiler_stage_03_parse_parsed_ast__ParsedModuleDoc
S5_SITE site=2604 count=3234 requested_bytes=155232 type=blorp_src_compiler_stage_03_parse_parsed_ast__ParsedProgram
S5_SITE site=2607 count=20823 requested_bytes=832920 type=blorp_src_compiler_stage_04_modules_module_surface__ModuleSurfaceSymbol
S5_SITE site=2608 count=5092 requested_bytes=162944 type=blorp_src_compiler_stage_04_modules_module_surface__ModuleSurfaceSymbolWithSpan
S5_SITE site=2609 count=1410 requested_bytes=78960 type=blorp_src_compiler_stage_04_modules_module_surface__ModuleSurface
S5_SITE site=2613 count=1 requested_bytes=48 type=blorp_src_compiler_stage_04_modules_project_source_catalog__ProjectSourceCatalogRequest
S5_SITE site=2614 count=1 requested_bytes=48 type=blorp_src_compiler_stage_04_modules_project_source_catalog__ProjectSourceCatalog
S5_SITE site=2615 count=1 requested_bytes=40 type=blorp_src_compiler_stage_04_modules_project_source_catalog__ProjectConfig
S5_SITE site=2616 count=1 requested_bytes=32 type=blorp_src_compiler_stage_04_modules_project_source_catalog__ConfiguredSourcePackages
S5_SITE site=2617 count=1 requested_bytes=40 type=blorp_src_compiler_stage_06_typecheck_graph_source_name_table__GraphSourceNameTableRep
S5_SITE site=2618 count=1428 requested_bytes=45696 type=blorp_src_compiler_stage_06_typecheck_graph_source_name_table__GraphModuleNameScopeRep
S5_SITE site=2620 count=18 requested_bytes=576 type=blorp_src_compiler_stage_04_modules_module_table__ModuleTableRep
S5_SITE site=2624 count=379 requested_bytes=15160 type=blorp_src_compiler_stage_06_typecheck_bridge__ReusableCtfeArtifact
S5_SITE site=2625 count=380 requested_bytes=15200 type=blorp_src_compiler_stage_06_typecheck_bridge__PreparedCtfeDependency
S5_SITE site=2629 count=1 requested_bytes=48 type=blorp_src_compiler_stage_06_typecheck_bridge__PreparedCtfeDependencies
S5_SITE site=2630 count=379 requested_bytes=18192 type=blorp_src_compiler_stage_06_typecheck_bridge__CtfeImportedProgramBuild
S5_SITE site=2631 count=379 requested_bytes=12128 type=blorp_src_compiler_stage_06_typecheck_bridge__PreparedCtfeProgramBuild
S5_SITE site=2632 count=8545 requested_bytes=273440 type=blorp_src_compiler_stage_06_typecheck_bridge__CtfeDependencyOrder
S5_SITE site=2633 count=1 requested_bytes=32 type=blorp_src_compiler_stage_06_typecheck_bridge__PreparedTargetImportReachability
S5_SITE site=2634 count=1 requested_bytes=64 type=blorp_src_compiler_stage_06_typecheck_bridge__PreparedTypecheckContext
S5_SITE site=2635 count=476 requested_bytes=15232 type=blorp_src_compiler_stage_06_typecheck_bridge__PreparedTypecheckModule
S5_SITE site=2636 count=1 requested_bytes=56 type=blorp_src_compiler_stage_06_typecheck_bridge__PreparedTypecheckGraph
S5_SITE site=2637 count=476 requested_bytes=41888 type=blorp_src_compiler_stage_06_typecheck_bridge__TypecheckedModule
S5_SITE site=2638 count=2 requested_bytes=176 type=blorp_src_compiler_stage_06_typecheck_bridge__TypecheckedGraph
S5_SITE site=2639 count=476 requested_bytes=30464 type=blorp_src_compiler_stage_06_typecheck_bridge__TypecheckCtfeArtifact
S5_SITE site=2641 count=476 requested_bytes=22848 type=blorp_src_compiler_stage_06_typecheck_bridge__TypecheckedGraphModuleResult
S5_SITE site=2644 count=1 requested_bytes=48 type=blorp_src_compiler_stage_06_typecheck_bridge__FrontendTypecheckInput
S5_SITE site=2645 count=15844 requested_bytes=887264 type=blorp_src_compiler_stage_06_typecheck_decl__FunctionBodySignature
S5_SITE site=2646 count=15844 requested_bytes=1267520 type=blorp_src_compiler_stage_06_typecheck_decl__TypedFunctionInfo
S5_SITE site=2647 count=5061 requested_bytes=323904 type=blorp_src_compiler_stage_06_typecheck_decl__TypedGlobalVarInfo
S5_SITE site=2648 count=1 requested_bytes=48 type=blorp_src_compiler_stage_06_typecheck_decl__CompletedGlobalHeaderGraphRep
S5_SITE site=2649 count=6644 requested_bytes=425216 type=blorp_src_compiler_stage_06_typecheck_decl__TypedRecordFieldInfo
S5_SITE site=2650 count=1880 requested_bytes=75200 type=blorp_src_compiler_stage_06_typecheck_decl__TypedRecordInfo
S5_SITE site=2651 count=315 requested_bytes=12600 type=blorp_src_compiler_stage_06_typecheck_decl__TypedTypeAliasInfo
S5_SITE site=2652 count=95 requested_bytes=3800 type=blorp_src_compiler_stage_06_typecheck_decl__TypedTraitMethodInfo
S5_SITE site=2653 count=39 requested_bytes=1560 type=blorp_src_compiler_stage_06_typecheck_decl__TypedTraitInfo
S5_SITE site=2654 count=5575 requested_bytes=401400 type=blorp_src_compiler_stage_06_typecheck_decl__TypedUnionVariantInfo
S5_SITE site=2655 count=975 requested_bytes=39000 type=blorp_src_compiler_stage_06_typecheck_decl__TypedUnionInfo
S5_SITE site=2656 count=300 requested_bytes=14400 type=blorp_src_compiler_stage_06_typecheck_decl__TypedImplInfo
S5_SITE site=2658 count=64 requested_bytes=6144 type=blorp_src_compiler_stage_06_typecheck_decl__TypedForeignFunctionInfo
S5_SITE site=2659 count=476 requested_bytes=30464 type=blorp_src_compiler_stage_06_typecheck_decl__TypedProgram
S5_SITE site=2660 count=15844 requested_bytes=507008 type=blorp_src_compiler_stage_06_typecheck_decl__TypecheckFunctionBodyResult
S5_SITE site=2661 count=1687 requested_bytes=53984 type=blorp_src_compiler_stage_06_typecheck_decl__TypecheckGlobalVarBodyResult
S5_SITE site=2662 count=476 requested_bytes=15232 type=blorp_src_compiler_stage_06_typecheck_decl__TypecheckProgramResult
S5_SITE site=2665 count=476 requested_bytes=26656 type=blorp_src_compiler_stage_06_typecheck_decl__BodyCheckMetrics
S5_SITE site=2666 count=476 requested_bytes=15232 type=blorp_src_compiler_stage_06_typecheck_decl__BodyCheckRun
S5_SITE site=2668 count=856 requested_bytes=54784 type=blorp_src_compiler_stage_06_typecheck_decl__BodyPlanProvenanceRep
S5_SITE site=2669 count=15844 requested_bytes=507008 type=blorp_src_compiler_stage_06_typecheck_decl__BodyValidationIssues
S5_SITE site=2670 count=15392 requested_bytes=492544 type=blorp_src_compiler_stage_06_typecheck_decl__InferredBodyRep
S5_SITE site=2671 count=15841 requested_bytes=506912 type=blorp_src_compiler_stage_06_typecheck_decl__MaterializedFunctionBodyResult
S5_SITE site=2672 count=300 requested_bytes=14400 type=blorp_src_compiler_stage_06_typecheck_decl__MaterializedImplInfo
S5_SITE site=2673 count=300 requested_bytes=9600 type=blorp_src_compiler_stage_06_typecheck_decl__TypecheckImplBodyResult
S5_SITE site=2674 count=21483 requested_bytes=687456 type=blorp_src_compiler_stage_06_typecheck_decl__TypecheckDeclBodyResult
S5_SITE site=2676 count=15392 requested_bytes=738816 type=blorp_src_compiler_stage_06_typecheck_decl__CheckedBodyArtifactRep
S5_SITE site=2678 count=476 requested_bytes=15232 type=blorp_src_compiler_stage_06_typecheck_decl__BodyOutcomeTableRep
S5_SITE site=2679 count=476 requested_bytes=19040 type=blorp_src_compiler_stage_06_typecheck_decl__CompleteBodyOutcomeTableRep
S5_SITE site=2681 count=20 requested_bytes=640 type=blorp_src_compiler_stage_06_typecheck_decl__TypedForeignBlockResult
S5_SITE site=2682 count=300 requested_bytes=9600 type=blorp_src_compiler_stage_06_typecheck_decl__BoundTypeParamsOutcome
S5_SITE site=2683 count=15427 requested_bytes=493664 type=blorp_src_compiler_stage_06_typecheck_decl__PreparedCallableHeader
S5_SITE site=2684 count=17194 requested_bytes=1237968 type=blorp_src_compiler_stage_06_typecheck_decl__PreparedModuleCallableBase
S5_SITE site=2685 count=476 requested_bytes=22848 type=blorp_src_compiler_stage_06_typecheck_decl__PreparedCanonicalModuleEnvironment
S5_SITE site=2687 count=1 requested_bytes=56 type=blorp_src_compiler_stage_06_typecheck_decl__PreparedModuleEnvironmentCollection
S5_SITE site=2688 count=1687 requested_bytes=80976 type=blorp_src_compiler_stage_06_typecheck_decl__InitializerCheckContext
S5_SITE site=2690 count=1 requested_bytes=80 type=blorp_src_compiler_stage_06_typecheck_decl__GlobalHeaderCompletionOutcome
S5_SITE site=2691 count=1 requested_bytes=32 type=blorp_src_compiler_stage_06_typecheck_decl__DefinitionMetaRunRep
S5_SITE site=2692 count=1 requested_bytes=64 type=blorp_src_compiler_stage_06_typecheck_decl__TypecheckGraphFacts
S5_SITE site=2693 count=1 requested_bytes=40 type=blorp_src_compiler_stage_06_typecheck_decl__AcceptedTypecheckGraphRep
S5_SITE site=2696 count=856 requested_bytes=47936 type=blorp_src_compiler_stage_06_typecheck_decl__PreparedAcceptedBodyModule
S5_SITE site=2697 count=856 requested_bytes=54784 type=blorp_src_compiler_stage_06_typecheck_decl__AcceptedTypecheckModuleRep
S5_SITE site=2698 count=855 requested_bytes=27360 type=blorp_src_compiler_stage_06_typecheck_decl__PreparedTypeAliasAuthority
S5_SITE site=2699 count=855 requested_bytes=27360 type=blorp_src_compiler_stage_06_typecheck_decl__PreparedRecordTypeAuthority
S5_SITE site=2700 count=855 requested_bytes=27360 type=blorp_src_compiler_stage_06_typecheck_decl__PreparedUnionTypeAuthority
S5_SITE site=2701 count=856 requested_bytes=41088 type=blorp_src_compiler_stage_06_typecheck_decl__AcceptedBodyModuleBase
S5_SITE site=2702 count=380 requested_bytes=9120 type=blorp_src_compiler_stage_06_typecheck_decl__BodyCheckRegistryRep
S5_SITE site=2703 count=15392 requested_bytes=1108224 type=blorp_src_compiler_stage_06_typecheck_decl__BodyCheckContextRep
S5_SITE site=2704 count=476 requested_bytes=19040 type=blorp_src_compiler_stage_06_typecheck_decl__BodyCheckPlanDraft
S5_SITE site=2705 count=1335 requested_bytes=53400 type=blorp_src_compiler_stage_06_typecheck_decl__BodyInferSessionSeed
S5_SITE site=2706 count=31 requested_bytes=1240 type=blorp_src_compiler_stage_06_typecheck_decl__TypecheckPhaseMark
S5_SITE site=2707 count=476 requested_bytes=15232 type=blorp_src_compiler_stage_06_typecheck_decl__BodyMetricsScope
S5_SITE site=2709 count=10160 requested_bytes=325120 type=blorp_src_compiler_stage_06_typecheck_graph_definition_index__ExportedDefinitionTarget
S5_SITE site=2710 count=1 requested_bytes=64 type=blorp_src_compiler_stage_06_typecheck_graph_definition_index__DefinitionIndexRep
S5_SITE site=2711 count=477 requested_bytes=38160 type=blorp_src_compiler_stage_06_typecheck_graph_definition_index__DefinitionIndexBuildState
S5_SITE site=2712 count=476 requested_bytes=15232 type=blorp_src_compiler_stage_06_typecheck_graph_definition_index__DefinitionIndexBootstrapRep
S5_SITE site=2713 count=39 requested_bytes=2184 type=blorp_src_compiler_stage_06_typecheck_graph_definition_index__TraitDefaultMethods
S5_SITE site=2714 count=2 requested_bytes=64 type=blorp_src_compiler_stage_06_typecheck_graph_definition_index__ImportedTraitReference
S5_SITE site=2715 count=69072 requested_bytes=3315456 type=blorp_src_compiler_stage_06_typecheck_headers_declaration_skeleton__TypeDeclarationSkeletonInfo
S5_SITE site=2716 count=5575 requested_bytes=267600 type=blorp_src_compiler_stage_06_typecheck_headers_declaration_skeleton__ConstructorDeclarationSkeletonInfo
S5_SITE site=2717 count=569 requested_bytes=22760 type=blorp_src_compiler_stage_06_typecheck_headers_declaration_skeleton__TraitDeclarationSkeletonInfo
S5_SITE site=2718 count=95 requested_bytes=3800 type=blorp_src_compiler_stage_06_typecheck_headers_declaration_skeleton__TraitMethodDeclarationSkeletonInfo
S5_SITE site=2719 count=31810 requested_bytes=1272400 type=blorp_src_compiler_stage_06_typecheck_headers_declaration_skeleton__CallableDeclarationSkeletonInfo
S5_SITE site=2720 count=1687 requested_bytes=67480 type=blorp_src_compiler_stage_06_typecheck_headers_declaration_skeleton__GlobalDeclarationSkeletonInfo
S5_SITE site=2721 count=300 requested_bytes=12000 type=blorp_src_compiler_stage_06_typecheck_headers_declaration_skeleton__ImplementationDeclarationSkeletonInfo
S5_SITE site=2722 count=1 requested_bytes=56 type=blorp_src_compiler_stage_06_typecheck_headers_declaration_skeleton__DeclarationSkeletonGraphRep
S5_SITE site=2723 count=476 requested_bytes=22848 type=blorp_src_compiler_stage_06_typecheck_headers_declaration_skeleton__DeclarationSkeletonBuildContext
S5_SITE site=2724 count=244761 requested_bytes=33287496 type=blorp_src_compiler_stage_06_typecheck_infer__ResolvedCallInfo
S5_SITE site=2725 count=2960 requested_bytes=189440 type=blorp_src_compiler_stage_06_typecheck_infer__TraitMethodCallee
S5_SITE site=2726 count=800118 requested_bytes=64009440 type=blorp_src_compiler_stage_06_typecheck_infer__TypedExprInfo
S5_SITE site=2727 count=21322 requested_bytes=1194032 type=blorp_src_compiler_stage_06_typecheck_infer__TypedVarDeclPayload
S5_SITE site=2728 count=2484 requested_bytes=79488 type=blorp_src_compiler_stage_06_typecheck_infer__TypedDictEntry
S5_SITE site=2729 count=23898 requested_bytes=1147104 type=blorp_src_compiler_stage_06_typecheck_infer__TypedRecordField
S5_SITE site=2730 count=4144 requested_bytes=165760 type=blorp_src_compiler_stage_06_typecheck_infer__TypedLambdaParam
S5_SITE site=2731 count=42349 requested_bytes=1693960 type=blorp_src_compiler_stage_06_typecheck_infer__TypedMatchCase
S5_SITE site=2733 count=5 requested_bytes=160 type=blorp_src_compiler_stage_06_typecheck_infer__TypedAssignTarget
S5_SITE site=2737 count=10 requested_bytes=400 type=blorp_src_compiler_stage_06_typecheck_infer__TypedWithErrorMap
S5_SITE site=2738 count=16 requested_bytes=1280 type=blorp_src_compiler_stage_06_typecheck_infer__TypedWithBinding
S5_SITE site=2739 count=1338428 requested_bytes=53537120 type=blorp_src_compiler_stage_06_typecheck_infer__InferContext
S5_SITE site=2740 count=82814 requested_bytes=4637584 type=blorp_src_compiler_stage_06_typecheck_infer__TraitSelfCallResolution
S5_SITE site=2741 count=105219 requested_bytes=4208760 type=blorp_src_compiler_stage_06_typecheck_infer__CallSignature
S5_SITE site=2742 count=821077 requested_bytes=26274464 type=blorp_src_compiler_stage_06_typecheck_infer__InferResult
S5_SITE site=2743 count=21252 requested_bytes=680064 type=blorp_src_compiler_stage_06_typecheck_infer__MemoizedTypeShapeCheck
S5_SITE site=2744 count=514007 requested_bytes=12336168 type=blorp_src_compiler_stage_06_typecheck_infer__ResourceCapabilityPresence
S5_SITE site=2745 count=4027 requested_bytes=128864 type=blorp_src_compiler_stage_06_typecheck_infer__ResourceCapabilityCaptureNames
S5_SITE site=2746 count=141120 requested_bytes=4515840 type=blorp_src_compiler_stage_06_typecheck_infer__CheckedType
S5_SITE site=2747 count=105219 requested_bytes=4208760 type=blorp_src_compiler_stage_06_typecheck_infer__InferCallArgsResult
S5_SITE site=2751 count=26 requested_bytes=1040 type=blorp_src_compiler_stage_06_typecheck_infer__InferWithTryBindingResult
S5_SITE site=2752 count=231699 requested_bytes=7414368 type=blorp_src_compiler_stage_06_typecheck_infer__BindTypeSubstResult
S5_SITE site=2753 count=46 requested_bytes=1472 type=blorp_src_compiler_stage_06_typecheck_infer__VarDimsSubstEntry
S5_SITE site=2754 count=363508 requested_bytes=11632256 type=blorp_src_compiler_stage_06_typecheck_infer__BindVarDimsSubstResult
S5_SITE site=2755 count=6761 requested_bytes=216352 type=blorp_src_compiler_stage_06_typecheck_infer__InferExprListResult
S5_SITE site=2756 count=8 requested_bytes=256 type=blorp_src_compiler_stage_06_typecheck_infer__InferDictEntriesResult
S5_SITE site=2757 count=8152 requested_bytes=260864 type=blorp_src_compiler_stage_06_typecheck_infer__InferRecordFieldsResult
S5_SITE site=2758 count=978 requested_bytes=31296 type=blorp_src_compiler_stage_06_typecheck_infer__InferStringInterpolationPartsResult
S5_SITE site=2759 count=4022 requested_bytes=160880 type=blorp_src_compiler_stage_06_typecheck_infer__InferLambdaParamsResult
S5_SITE site=2760 count=103603 requested_bytes=4972944 type=blorp_src_compiler_stage_06_typecheck_infer__InferPatternResult
S5_SITE site=2761 count=41582 requested_bytes=1663280 type=blorp_src_compiler_stage_06_typecheck_infer__InferPatternItemsResult
S5_SITE site=2762 count=11493 requested_bytes=551664 type=blorp_src_compiler_stage_06_typecheck_infer__InferMatchCasesResult
S5_SITE site=2763 count=429 requested_bytes=13728 type=blorp_src_compiler_stage_06_typecheck_infer__ListPatternCoverage
S5_SITE site=2764 count=48 requested_bytes=1920 type=blorp_src_compiler_stage_06_typecheck_infer__ForTupleElementsResult
S5_SITE site=2765 count=947 requested_bytes=37880 type=blorp_src_compiler_stage_06_typecheck_infer__SubscriptIndexEvidence
S5_SITE site=2766 count=938 requested_bytes=30016 type=blorp_src_compiler_stage_06_typecheck_infer__InferSubscriptIndicesResult
S5_SITE site=2767 count=44 requested_bytes=1408 type=blorp_src_compiler_stage_06_typecheck_infer__ValidatedSubscriptIndex
S5_SITE site=2768 count=53 requested_bytes=1696 type=blorp_src_compiler_stage_06_typecheck_infer__ValidatedSubscriptIndices
S5_SITE site=2769 count=1405 requested_bytes=78680 type=blorp_src_compiler_stage_06_typecheck_infer__OpaqueConversionTypeResult
S5_SITE site=2773 count=21781 requested_bytes=871240 type=blorp_src_compiler_stage_06_typecheck_infer__InferredBinaryOperands
S5_SITE site=2774 count=7 requested_bytes=224 type=blorp_src_compiler_stage_06_typecheck_infer__CallableFieldInfo
S5_SITE site=2775 count=71021 requested_bytes=2840840 type=blorp_src_compiler_stage_06_typecheck_infer__ResolvedRecordField
S5_SITE site=2776 count=26 requested_bytes=832 type=blorp_src_compiler_stage_06_typecheck_infer__SynthesizedBuiltinCallee
S5_SITE site=2777 count=5 requested_bytes=160 type=blorp_src_compiler_stage_06_typecheck_infer__SubscriptAssignmentMutabilityResult
S5_SITE site=2779 count=83421 requested_bytes=2669472 type=blorp_src_compiler_stage_06_typecheck_type_system_semantic_type__SemanticTypeSubstEntry
S5_SITE site=2804 count=1 requested_bytes=24 type=blorp_src_lsp_workspace_source_loader__SourceDiscoveryPolicy
S5_SITE site=2843 count=1 requested_bytes=48 type=blorp_src_lib_stage_requests__CompileStageRequests
S5_SITE site=2848 count=953 requested_bytes=30496 type=blorp_src_compiler_stage_09_core_ir__CoreSourceFile
S5_SITE site=2849 count=1220883 requested_bytes=68369448 type=blorp_src_compiler_stage_09_core_ir__CoreVar
S5_SITE site=2850 count=217665 requested_bytes=6965280 type=blorp_src_compiler_stage_09_core_ir__CoreDefinitionIdentity
S5_SITE site=2852 count=1750 requested_bytes=56000 type=blorp_src_compiler_stage_09_core_ir__CoreTensorTypeInfo
S5_SITE site=2853 count=9 requested_bytes=432 type=blorp_src_compiler_stage_09_core_ir__CoreRuntimeUnionCase
S5_SITE site=2854 count=49 requested_bytes=1568 type=blorp_src_compiler_stage_09_core_ir__CoreOperationSuccessPayload
S5_SITE site=2855 count=372 requested_bytes=14880 type=blorp_src_compiler_stage_09_core_ir__CoreOperationErrorCase
S5_SITE site=2856 count=50 requested_bytes=2800 type=blorp_src_compiler_stage_09_core_ir__CoreOperationErrorMapping
S5_SITE site=2857 count=49 requested_bytes=3528 type=blorp_src_compiler_stage_09_core_ir__CoreOperationResultBridge
S5_SITE site=2858 count=1 requested_bytes=32 type=blorp_src_compiler_stage_09_core_ir__CoreFallibleStreamListPayload
S5_SITE site=2859 count=1 requested_bytes=48 type=blorp_src_compiler_stage_09_core_ir__CoreFallibleStreamErrorDomain
S5_SITE site=2860 count=1 requested_bytes=56 type=blorp_src_compiler_stage_09_core_ir__CoreFallibleStreamTerminalBridge
S5_SITE site=2862 count=36559 requested_bytes=1462360 type=blorp_src_compiler_stage_09_core_ir__CoreDirectRuntimeCall
S5_SITE site=2863 count=14908 requested_bytes=596320 type=blorp_src_compiler_stage_09_core_ir__CoreLoopBinder
S5_SITE site=2868 count=2398 requested_bytes=95920 type=blorp_src_compiler_stage_09_core_ir__CoreTupleConstruct
S5_SITE site=2869 count=15359 requested_bytes=737232 type=blorp_src_compiler_stage_09_core_ir__CoreClosureCapture
S5_SITE site=2870 count=2617 requested_bytes=125616 type=blorp_src_compiler_stage_09_core_ir__CoreClosureAbi
S5_SITE site=2871 count=2617 requested_bytes=83744 type=blorp_src_compiler_stage_09_core_ir__CoreClosureCreate
S5_SITE site=2872 count=457966 requested_bytes=14654912 type=blorp_src_compiler_stage_09_core_ir__CoreRawMatchCase
S5_SITE site=2873 count=65874 requested_bytes=2634960 type=blorp_src_compiler_stage_09_core_ir__CoreSemanticMatchBinding
S5_SITE site=2874 count=286537 requested_bytes=9169184 type=blorp_src_compiler_stage_09_core_ir__CoreSemanticConstructorMatchCase
S5_SITE site=2875 count=16361 requested_bytes=523552 type=blorp_src_compiler_stage_09_core_ir__CoreSemanticLiteralMatchCase
S5_SITE site=2876 count=7186 requested_bytes=229952 type=blorp_src_compiler_stage_09_core_ir__CoreSemanticLengthMatchCase
S5_SITE site=2877 count=14022 requested_bytes=448704 type=blorp_src_compiler_stage_09_core_ir__CoreSemanticLengthMatchGeq
S5_SITE site=2878 count=2428 requested_bytes=97120 type=blorp_src_compiler_stage_09_core_ir__CoreBoxOp
S5_SITE site=2879 count=240588 requested_bytes=9623520 type=blorp_src_compiler_stage_09_core_ir__CoreBoxedStorageValue
S5_SITE site=2885 count=3563 requested_bytes=114016 type=blorp_src_compiler_stage_09_core_ir__CoreDictEntry
S5_SITE site=2886 count=7235 requested_bytes=231520 type=blorp_src_compiler_stage_09_core_ir__CoreDictLiteralEntry
S5_SITE site=2887 count=2936 requested_bytes=117440 type=blorp_src_compiler_stage_09_core_ir__CoreDictConstruct
S5_SITE site=2888 count=101223 requested_bytes=4048920 type=blorp_src_compiler_stage_09_core_ir__CoreListConstruct
S5_SITE site=2889 count=3030 requested_bytes=121200 type=blorp_src_compiler_stage_09_core_ir__CoreListAlloc
S5_SITE site=2890 count=12153 requested_bytes=583344 type=blorp_src_compiler_stage_09_core_ir__CoreListGet
S5_SITE site=2891 count=2695 requested_bytes=323400 type=blorp_src_compiler_stage_09_core_ir__CoreListHandoff
S5_SITE site=2892 count=97 requested_bytes=4656 type=blorp_src_compiler_stage_09_core_ir__CoreListHandoffSetSourceSlot
S5_SITE site=2893 count=1418 requested_bytes=45376 type=blorp_src_compiler_stage_09_core_ir__CoreStringByteRead
S5_SITE site=2894 count=50 requested_bytes=2000 type=blorp_src_compiler_stage_09_core_ir__CoreStringByteWrite
S5_SITE site=2895 count=510 requested_bytes=28560 type=blorp_src_compiler_stage_09_core_ir__CoreStringByteCopy
S5_SITE site=2896 count=516 requested_bytes=16512 type=blorp_src_compiler_stage_09_core_ir__CoreStringSetLen
S5_SITE site=2897 count=41822 requested_bytes=2342032 type=blorp_src_compiler_stage_09_core_ir__CoreListSet
S5_SITE site=2899 count=24875 requested_bytes=796000 type=blorp_src_compiler_stage_09_core_ir__CoreListRetain
S5_SITE site=2901 count=102731 requested_bytes=5752936 type=blorp_src_compiler_stage_09_core_ir__CoreForList
S5_SITE site=2902 count=115 requested_bytes=5520 type=blorp_src_compiler_stage_09_core_ir__CoreForString
S5_SITE site=2903 count=534 requested_bytes=25632 type=blorp_src_compiler_stage_09_core_ir__CoreForDict
S5_SITE site=2907 count=7 requested_bytes=392 type=blorp_src_compiler_stage_09_core_ir__CoreTaskCapture
S5_SITE site=2908 count=6 requested_bytes=240 type=blorp_src_compiler_stage_09_core_ir__CoreTaskClosure
S5_SITE site=2910 count=2 requested_bytes=176 type=blorp_src_compiler_stage_09_core_ir__CoreConcurrentlyLoop
S5_SITE site=2911 count=6 requested_bytes=480 type=blorp_src_compiler_stage_09_core_ir__CorePreClosureConcurrentlyLoop
S5_SITE site=2921 count=607735 requested_bytes=24309400 type=blorp_src_compiler_stage_09_core_ir__CoreRecordFieldValue
S5_SITE site=2922 count=19569 requested_bytes=626208 type=blorp_src_compiler_stage_09_core_ir__CoreRecordCowField
S5_SITE site=2923 count=2511 requested_bytes=100440 type=blorp_src_compiler_stage_09_core_ir__CoreStackOptionRepresentation
S5_SITE site=2924 count=3959 requested_bytes=158360 type=blorp_src_compiler_stage_09_core_ir__CoreStackResultRepresentation
S5_SITE site=2925 count=45266 requested_bytes=3621280 type=blorp_src_compiler_stage_09_core_ir__CoreUnionConstruct
S5_SITE site=2927 count=406 requested_bytes=22736 type=blorp_src_compiler_stage_09_core_ir__CoreResourceScope
S5_SITE site=2928 count=402 requested_bytes=12864 type=blorp_src_compiler_stage_09_core_ir__CoreResourceCleanupExit
S5_SITE site=2929 count=73378 requested_bytes=2935120 type=blorp_src_compiler_stage_09_core_ir__CoreLiteralMatchCase
S5_SITE site=2930 count=63656 requested_bytes=3564736 type=blorp_src_compiler_stage_09_core_ir__CoreMatchBinding
S5_SITE site=2931 count=66397 requested_bytes=4249408 type=blorp_src_compiler_stage_09_core_ir__CoreConstructorLiteralMatch
S5_SITE site=2932 count=232573 requested_bytes=7442336 type=blorp_src_compiler_stage_09_core_ir__CoreConstructorLengthMatchBranch
S5_SITE site=2933 count=34560 requested_bytes=1105920 type=blorp_src_compiler_stage_09_core_ir__CoreConstructorLengthMatchCase
S5_SITE site=2934 count=124891 requested_bytes=3996512 type=blorp_src_compiler_stage_09_core_ir__CoreConstructorLengthMatchGeq
S5_SITE site=2935 count=159953 requested_bytes=10236992 type=blorp_src_compiler_stage_09_core_ir__CoreConstructorLengthMatch
S5_SITE site=2936 count=820707 requested_bytes=45959592 type=blorp_src_compiler_stage_09_core_ir__CoreConstructorMatchCase
S5_SITE site=2937 count=316621 requested_bytes=12664840 type=blorp_src_compiler_stage_09_core_ir__CoreParam
S5_SITE site=2941 count=69 requested_bytes=3312 type=blorp_src_compiler_stage_09_core_ir__CoreForeignFunction
S5_SITE site=2942 count=10 requested_bytes=560 type=blorp_src_compiler_stage_09_core_ir__CoreDeclarationIndex
S5_SITE site=2943 count=10 requested_bytes=240 type=blorp_src_compiler_stage_09_core_ir__CoreStandardModules
S5_SITE site=2944 count=8 requested_bytes=256 type=blorp_src_compiler_stage_09_core_ir__CoreStandardModuleEntry
S5_SITE site=2945 count=714784 requested_bytes=80055808 type=blorp_src_compiler_stage_09_core_ir__CoreFunction
S5_SITE site=2946 count=54488 requested_bytes=3923136 type=blorp_src_compiler_stage_09_core_ir__CoreGlobal
S5_SITE site=2947 count=22145 requested_bytes=1240120 type=blorp_src_compiler_stage_09_core_ir__CoreUnionVariant
S5_SITE site=2948 count=16634 requested_bytes=532288 type=blorp_src_compiler_stage_09_core_ir__CoreUnionField
S5_SITE site=2949 count=4883 requested_bytes=351576 type=blorp_src_compiler_stage_09_core_ir__CoreUnionDecl
S5_SITE site=2950 count=34208 requested_bytes=1641984 type=blorp_src_compiler_stage_09_core_ir__CoreHeapRecordField
S5_SITE site=2951 count=10188 requested_bytes=733536 type=blorp_src_compiler_stage_09_core_ir__CoreHeapRecordDecl
S5_SITE site=2952 count=508 requested_bytes=20320 type=blorp_src_compiler_stage_09_core_ir__CoreInlineRecordField
S5_SITE site=2953 count=154 requested_bytes=6160 type=blorp_src_compiler_stage_09_core_ir__CoreInlineRecordDecl
S5_SITE site=2954 count=1260 requested_bytes=90720 type=blorp_src_compiler_stage_09_core_ir__CoreTypeAliasDecl
S5_SITE site=2955 count=212 requested_bytes=11872 type=blorp_src_compiler_stage_09_core_ir__CoreTraitMethod
S5_SITE site=2956 count=89 requested_bytes=4272 type=blorp_src_compiler_stage_09_core_ir__CoreTraitDecl
S5_SITE site=2957 count=75 requested_bytes=2400 type=blorp_src_compiler_stage_09_core_ir__CoreTypeParam
S5_SITE site=2958 count=28391 requested_bytes=1589896 type=blorp_src_compiler_stage_09_core_ir__CoreImplDecl
S5_SITE site=2959 count=1479 requested_bytes=59160 type=blorp_src_compiler_stage_09_core_ir__CoreProgram
S5_SITE site=2970 count=10974 requested_bytes=438960 type=blorp_src_compiler_stage_07_ctfe_globals__CtfeGlobalDecl
S5_SITE site=2971 count=380 requested_bytes=24320 type=blorp_src_compiler_stage_07_ctfe_globals__CtfeEvaluatedGlobalGraphMetrics
S5_SITE site=2972 count=1 requested_bytes=48 type=blorp_src_compiler_stage_07_ctfe_globals__CtfeEvaluatedGlobalGraphRep
S5_SITE site=2973 count=759 requested_bytes=30360 type=blorp_src_compiler_stage_07_ctfe_globals__CtfeGlobalGraphEvaluationState
S5_SITE site=2974 count=1687 requested_bytes=53984 type=blorp_src_compiler_stage_07_ctfe_globals__CtfeGlobalInitializerReplacement
S5_SITE site=2975 count=2163 requested_bytes=69216 type=blorp_src_compiler_stage_07_ctfe_globals__CtfeGlobalReplacementsRep
S5_SITE site=2976 count=24771 requested_bytes=792672 type=blorp_src_compiler_stage_07_ctfe_globals__CtfeRewriteDeclResult
S5_SITE site=2977 count=379 requested_bytes=18192 type=blorp_src_compiler_stage_07_ctfe_globals__CtfeGlobalEnvEvaluationRun
S5_SITE site=2978 count=379 requested_bytes=12128 type=blorp_src_compiler_stage_07_ctfe_globals__CtfeModuleGlobalEvaluationStep
S5_SITE site=2979 count=475 requested_bytes=19000 type=blorp_src_compiler_stage_08_core_lower_graph_prepare__CoreGraphUnit
S5_SITE site=2980 count=1 requested_bytes=40 type=blorp_src_compiler_stage_08_core_lower_graph_prepare__CoreGraphModulesRep
S5_SITE site=2981 count=1 requested_bytes=32 type=blorp_src_compiler_stage_08_core_lower_graph_prepare__CorePreparedGraph
S5_SITE site=2982 count=450 requested_bytes=10800 type=blorp_src_compiler_stage_08_core_lower_graph_prepare__CoreGraphCallableNameRegistryBuild
S5_SITE site=2983 count=476 requested_bytes=19040 type=blorp_src_compiler_stage_08_core_lower_graph_prepare__LoweredCoreModules
S5_SITE site=2984 count=1 requested_bytes=48 type=blorp_src_compiler_stage_09_core_early_pipeline__CoreEarlyPipelineConfiguration
S5_SITE site=2985 count=1 requested_bytes=56 type=blorp_src_compiler_stage_09_core_early_pipeline__CoreEarlyPipelineInput
S5_SITE site=2987 count=3 requested_bytes=216 type=blorp_src_compiler_stage_09_core_early_pipeline__CoreEarlyPipelineOutput
S5_SITE site=2988 count=475 requested_bytes=15200 type=blorp_src_compiler_stage_09_core_resolve__CoreResolveModuleImports
S5_SITE site=2989 count=26451 requested_bytes=1058040 type=blorp_src_compiler_stage_09_core_resolve__CoreCallableIdentity
S5_SITE site=2990 count=20624 requested_bytes=1319936 type=blorp_src_compiler_stage_09_core_resolve__CoreCallableTarget
S5_SITE site=2991 count=17971 requested_bytes=575072 type=blorp_src_compiler_stage_09_core_resolve__CoreModuleCallable
S5_SITE site=2992 count=64 requested_bytes=2048 type=blorp_src_compiler_stage_09_core_resolve__CoreForeignTarget
S5_SITE site=2993 count=5262 requested_bytes=252576 type=blorp_src_compiler_stage_09_core_resolve__CoreConstructorTarget
S5_SITE site=2994 count=1625 requested_bytes=65000 type=blorp_src_compiler_stage_09_core_resolve__CoreGlobalTarget
S5_SITE site=2995 count=1 requested_bytes=128 type=blorp_src_compiler_stage_09_core_resolve__CoreCallResolveEnv
S5_SITE site=2996 count=42505 requested_bytes=1700200 type=blorp_src_compiler_stage_09_core_resolve__CoreProgramResolution
S5_SITE site=2997 count=3361108 requested_bytes=107555456 type=blorp_src_compiler_stage_09_core_resolve__CoreGlobalValueResolveContext
S5_SITE site=2998 count=636 requested_bytes=20352 type=blorp_src_compiler_stage_09_core_resolve__CoreGlobalValueCastLayer
S5_SITE site=3000 count=1 requested_bytes=32 type=blorp_src_compiler_stage_09_core_runtime_projection__CanonicalExprContext
S5_SITE site=3001 count=65 requested_bytes=1560 type=blorp_src_compiler_stage_10_backend_build_artifact_builder__ForeignBuildMetadata
S5_SITE site=3005 count=1064340 requested_bytes=51088320 type=blorp_src_compiler_stage_10_backend_emit__FunctionBodyC
S5_SITE site=3006 count=20405 requested_bytes=1632400 type=blorp_src_compiler_stage_10_backend_emit__FunctionEmissionContext
S5_SITE site=3007 count=1194 requested_bytes=38208 type=blorp_src_compiler_stage_10_backend_emit__StringLiteralDispatchCase
S5_SITE site=3008 count=59 requested_bytes=1888 type=blorp_src_compiler_stage_10_backend_emit__StringLiteralDispatchPlan
S5_SITE site=3009 count=59 requested_bytes=2360 type=blorp_src_compiler_stage_10_backend_emit__StringLiteralDispatchSelectionC
S5_SITE site=3010 count=1194 requested_bytes=38208 type=blorp_src_compiler_stage_10_backend_emit__LiteralMatchDispatchBranchC
S5_SITE site=3011 count=103 requested_bytes=3296 type=blorp_src_compiler_stage_10_backend_emit__CallArgCleanupSlot
S5_SITE site=3013 count=42251 requested_bytes=2028048 type=blorp_src_compiler_stage_10_backend_emit__CallArgsBody
S5_SITE site=3014 count=8322 requested_bytes=266304 type=blorp_src_compiler_stage_10_backend_emit__RecordCowFieldC
S5_SITE site=3015 count=382 requested_bytes=18336 type=blorp_src_compiler_stage_10_backend_emit__ForeignCallArgsBody
S5_SITE site=3016 count=23378 requested_bytes=935120 type=blorp_src_compiler_stage_10_backend_emit__ConditionC
S5_SITE site=3017 count=21591 requested_bytes=690912 type=blorp_src_compiler_stage_10_backend_emit__MatchScrutineeC
S5_SITE site=3018 count=16 requested_bytes=512 type=blorp_src_compiler_stage_10_backend_emit__ResourceCleanupHook
S5_SITE site=3020 count=9937 requested_bytes=397480 type=blorp_src_compiler_stage_10_backend_emit__ClosureArgBinding
S5_SITE site=3022 count=1 requested_bytes=40 type=blorp_src_compiler_stage_10_backend_emit__ConcurrentTimeoutSetup
S5_SITE site=3023 count=829 requested_bytes=26528 type=blorp_src_compiler_stage_10_backend_emit__StaticValueInitializer
S5_SITE site=3024 count=55 requested_bytes=1760 type=blorp_src_compiler_stage_10_backend_emit__StaticInlineListStorage
S5_SITE site=3026 count=1991 requested_bytes=79640 type=blorp_src_compiler_stage_10_backend_emit__CHeapRecordDeclEmission
S5_SITE site=3027 count=2738 requested_bytes=87616 type=blorp_src_compiler_stage_10_backend_emit__CUnionConstructorPiece
S5_SITE site=3028 count=921 requested_bytes=44208 type=blorp_src_compiler_stage_10_backend_emit__CUnionDeclEmission
S5_SITE site=3030 count=1 requested_bytes=40 type=blorp_src_compiler_stage_10_backend_emit__CFunctionEmissionContext
S5_SITE site=3031 count=5 requested_bytes=160 type=blorp_src_compiler_stage_10_backend_emit__CClosureEnvEmission
S5_SITE site=3032 count=1 requested_bytes=32 type=blorp_src_compiler_stage_10_backend_emit__CFlatTypeDeclSections
S5_SITE site=3033 count=1 requested_bytes=32 type=blorp_src_compiler_stage_10_backend_emit__CTypeDeclEmissions
S5_SITE site=3034 count=1 requested_bytes=120 type=blorp_src_compiler_stage_10_backend_emit__CEmissionSections
S5_SITE site=3038 count=94402 requested_bytes=2265648 type=blorp_src_compiler_stage_09_core_traverse__CoreMatchResultMapContext
S5_SITE site=3039 count=365962 requested_bytes=11710784 type=blorp_src_compiler_stage_09_core_traverse__ScopedCoreMatchResultMapContext
S5_SITE site=3040 count=421263 requested_bytes=13480416 type=blorp_src_compiler_stage_09_core_traverse__CoreSequenceSpine
S5_SITE site=3041 count=2988 requested_bytes=262944 type=blorp_src_compiler_stage_10_backend_c_naming__BackendTypeNaming
S5_SITE site=3043 count=21936 requested_bytes=877440 type=blorp_src_compiler_stage_09_core_early_invariants__CoreResolveInlineWalk
S5_SITE site=3044 count=1 requested_bytes=32 type=blorp_src_compiler_stage_09_core_mono_specialize__CoreMonoProgramSpecialization
S5_SITE site=3045 count=3 requested_bytes=144 type=blorp_src_compiler_stage_09_core_mono_specialize__CoreMonoFunctionSpecializationStep
S5_SITE site=3046 count=95487 requested_bytes=6111168 type=blorp_src_compiler_stage_09_core_mono_specialize__CoreMonoFunctionRequest
S5_SITE site=3047 count=2 requested_bytes=64 type=blorp_src_compiler_stage_09_core_mono_specialize__CoreGenericFunctionIndex
S5_SITE site=3048 count=9042 requested_bytes=361680 type=blorp_src_compiler_stage_09_core_mono_specialize__CoreMonoOptionFusionSite
S5_SITE site=3049 count=21538 requested_bytes=689216 type=blorp_src_compiler_stage_09_core_mono_specialize__CoreMonoExprRequestScan
S5_SITE site=3050 count=21538 requested_bytes=1206128 type=blorp_src_compiler_stage_09_core_mono_specialize__CoreMonoCallRewriteContext
S5_SITE site=3051 count=2481 requested_bytes=99240 type=blorp_src_compiler_stage_09_core_mono_specialize__CoreMonoSelfReferenceContext
S5_SITE site=3052 count=95487 requested_bytes=3055584 type=blorp_src_compiler_stage_09_core_mono_specialize__CoreMonoConcreteCall
S5_SITE site=3053 count=24656 requested_bytes=788992 type=blorp_src_compiler_stage_09_core_mono_specialize__CoreMonoDiagnosticCandidates
S5_SITE site=3054 count=5187 requested_bytes=165984 type=blorp_src_compiler_stage_09_core_mono_specialize__CoreMonoQueuedInstance
S5_SITE site=3055 count=3 requested_bytes=120 type=blorp_src_compiler_stage_09_core_mono_specialize__CoreMonoInstanceQueue
S5_SITE site=3056 count=255 requested_bytes=10200 type=blorp_src_compiler_stage_09_core_record_representation__EligibilityState
S5_SITE site=3061 count=67014 requested_bytes=3216672 type=blorp_src_compiler_stage_09_core_ownership_contracts__ParameterFlow
S5_SITE site=3062 count=35657 requested_bytes=1141024 type=blorp_src_compiler_stage_09_core_ownership_contracts__ReverseParameterFlow
S5_SITE site=3063 count=51811 requested_bytes=1657952 type=blorp_src_compiler_stage_09_core_ownership_contracts__FunctionContractEquation
S5_SITE site=3064 count=1 requested_bytes=40 type=blorp_src_compiler_stage_09_core_ownership_contracts__OwnershipContractGraph
S5_SITE site=3065 count=4781 requested_bytes=152992 type=blorp_src_compiler_stage_09_core_ownership_contracts__PendingContractWork
S5_SITE site=3067 count=16673 requested_bytes=533536 type=blorp_src_compiler_stage_09_core_ownership_contracts__ContractParameterIndex
S5_SITE site=3068 count=55371 requested_bytes=2214840 type=blorp_src_compiler_stage_09_core_ownership_contracts__ContractCollectionState
S5_SITE site=3069 count=336500 requested_bytes=10768000 type=blorp_src_compiler_stage_09_core_ownership_contracts__ContractCollectionStep
S5_SITE site=3070 count=16673 requested_bytes=666920 type=blorp_src_compiler_stage_09_core_ownership_contracts__CollectedContractEquation
S5_SITE site=3071 count=9 requested_bytes=216 type=blorp_src_compiler_stage_09_core_ownership_contracts__OwnershipContractFacts
S5_SITE site=3075 count=2303 requested_bytes=110544 type=blorp_src_compiler_stage_09_core_trait_resolve__CoreSelectedTraitMethod
S5_SITE site=3076 count=2912 requested_bytes=139776 type=blorp_src_compiler_stage_09_core_trait_resolve__CoreGenericBuiltinTarget
S5_SITE site=3077 count=1668 requested_bytes=106752 type=blorp_src_compiler_stage_09_core_trait_resolve__CoreTraitResolveRegistry
S5_SITE site=3078 count=23842 requested_bytes=762944 type=blorp_src_compiler_stage_09_core_trait_resolve__CoreTraitResolveContext
S5_SITE site=3079 count=1077088 requested_bytes=34466816 type=blorp_src_compiler_stage_09_core_trait_resolve__CoreTraitDiagnosticWork
S5_SITE site=3081 count=1 requested_bytes=32 type=blorp_src_compiler_stage_09_core_tuple_flatten__TupleFlattenedProgram
S5_SITE site=3082 count=867 requested_bytes=27744 type=blorp_src_compiler_stage_09_core_tuple_flatten__TupleElement
S5_SITE site=3083 count=419 requested_bytes=13408 type=blorp_src_compiler_stage_09_core_tuple_flatten__ElementGroup
S5_SITE site=3084 count=3 requested_bytes=96 type=blorp_src_compiler_stage_09_core_tuple_flatten__FlattenedLocal
S5_SITE site=3085 count=46 requested_bytes=1472 type=blorp_src_compiler_stage_09_core_tuple_flatten__ElementAlias
S5_SITE site=3086 count=453 requested_bytes=14496 type=blorp_src_compiler_stage_09_core_tuple_flatten__TupleAliases
S5_SITE site=3087 count=359 requested_bytes=11488 type=blorp_src_compiler_stage_09_core_tuple_flatten__LocalFacts
S5_SITE site=3088 count=38094 requested_bytes=2742768 type=blorp_src_compiler_stage_09_core_tuple_flatten__TupleFlattenState
S5_SITE site=3089 count=647 requested_bytes=20704 type=blorp_src_compiler_stage_09_core_tuple_flatten__LocalFactsAnswer
S5_SITE site=3090 count=308 requested_bytes=9856 type=blorp_src_compiler_stage_09_core_tuple_flatten__KeepsBoxAnswer
S5_SITE site=3091 count=419 requested_bytes=16760 type=blorp_src_compiler_stage_09_core_tuple_flatten__BoundGroup
S5_SITE site=3092 count=867 requested_bytes=27744 type=blorp_src_compiler_stage_09_core_tuple_flatten__ReusableElement
S5_SITE site=3093 count=1466 requested_bytes=46912 type=blorp_src_compiler_stage_09_core_tuple_flatten__PendingBinding
S5_SITE site=3094 count=3527 requested_bytes=141080 type=blorp_src_compiler_stage_09_core_tuple_flatten__ConvertedTree
S5_SITE site=3095 count=419 requested_bytes=20112 type=blorp_src_compiler_stage_09_core_tuple_flatten__SplitContext
S5_SITE site=3096 count=3108 requested_bytes=99456 type=blorp_src_compiler_stage_09_core_tuple_flatten__PlacedChild
S5_SITE site=3097 count=3645 requested_bytes=233280 type=blorp_src_compiler_stage_09_core_tuple_flatten__LeafBindingPlan
S5_SITE site=3098 count=3108 requested_bytes=124320 type=blorp_src_compiler_stage_09_core_tuple_flatten__PlacedSubtree
S5_SITE site=3099 count=1288 requested_bytes=51520 type=blorp_src_compiler_stage_09_core_tuple_flatten__PlacedOptional
S5_SITE site=3100 count=21936 requested_bytes=877440 type=blorp_src_compiler_stage_09_core_tuple_flatten__FlattenedBody
S5_SITE site=3101 count=2980 requested_bytes=119200 type=blorp_src_compiler_stage_09_core_backend_projection__NullaryConstructorProjection
S5_SITE site=3102 count=1 requested_bytes=24 type=blorp_src_compiler_stage_09_core_backend_projection__NullaryConstructorIndex
S5_SITE site=3103 count=1 requested_bytes=48 type=blorp_src_compiler_stage_09_core_backend_projection__BackendProjectionContext
S5_SITE site=3104 count=69469 requested_bytes=3334512 type=blorp_src_compiler_stage_09_core_closure__FreeVar
S5_SITE site=3105 count=637 requested_bytes=25480 type=blorp_src_compiler_stage_09_core_closure__FunctionValueSignature
S5_SITE site=3106 count=11964 requested_bytes=382848 type=blorp_src_compiler_stage_09_core_closure__ClosureDefinitionFacts
S5_SITE site=3107 count=2 requested_bytes=112 type=blorp_src_compiler_stage_09_core_closure__ClosureProgramFacts
S5_SITE site=3108 count=41785 requested_bytes=2005680 type=blorp_src_compiler_stage_09_core_closure__ClosureFacts
S5_SITE site=3109 count=5242 requested_bytes=335488 type=blorp_src_compiler_stage_09_core_closure__ClosureState
S5_SITE site=3110 count=2313696 requested_bytes=74038272 type=blorp_src_compiler_stage_09_core_closure__ConvertedExpr
S5_SITE site=3111 count=359621 requested_bytes=14384840 type=blorp_src_compiler_stage_09_core_closure__ConvertedExprs
S5_SITE site=3112 count=99803 requested_bytes=3992120 type=blorp_src_compiler_stage_09_core_closure__ConvertedSemanticMatchTree
S5_SITE site=3113 count=26230 requested_bytes=1049200 type=blorp_src_compiler_stage_09_core_closure__ConvertedOptionalSemanticMatchTree
S5_SITE site=3114 count=5053 requested_bytes=202120 type=blorp_src_compiler_stage_09_core_closure__ConvertedOptionalSemanticLengthGeq
S5_SITE site=3115 count=2 requested_bytes=80 type=blorp_src_compiler_stage_09_core_closure__ConvertedOptionalExpr
S5_SITE site=3116 count=19110 requested_bytes=764400 type=blorp_src_compiler_stage_09_core_closure__ConvertedBoxedStorageValue
S5_SITE site=3117 count=13790 requested_bytes=551600 type=blorp_src_compiler_stage_09_core_closure__ConvertedBoxedStorageValues
S5_SITE site=3120 count=19637 requested_bytes=785480 type=blorp_src_compiler_stage_09_core_closure__ConvertedRecordFields
S5_SITE site=3121 count=587 requested_bytes=23480 type=blorp_src_compiler_stage_09_core_closure__ConvertedRecordCowFields
S5_SITE site=3122 count=451 requested_bytes=18040 type=blorp_src_compiler_stage_09_core_closure__ConvertedDictEntries
S5_SITE site=3123 count=429 requested_bytes=17160 type=blorp_src_compiler_stage_09_core_closure__ConvertedDictLiteralEntries
S5_SITE site=3124 count=2328 requested_bytes=93120 type=blorp_src_compiler_stage_09_core_closure__ConvertedLiteralMatchCases
S5_SITE site=3126 count=2328 requested_bytes=93120 type=blorp_src_compiler_stage_09_core_closure__ConvertedLiteralMatchFallback
S5_SITE site=3127 count=68041 requested_bytes=2721640 type=blorp_src_compiler_stage_09_core_closure__ConvertedConstructorMatchBody
S5_SITE site=3128 count=20969 requested_bytes=838760 type=blorp_src_compiler_stage_09_core_closure__ConvertedConstructorMatchCases
S5_SITE site=3129 count=20969 requested_bytes=838760 type=blorp_src_compiler_stage_09_core_closure__ConvertedConstructorMatchFallback
S5_SITE site=3130 count=7887 requested_bytes=315480 type=blorp_src_compiler_stage_09_core_closure__ConvertedConstructorLengthBranch
S5_SITE site=3131 count=5053 requested_bytes=202120 type=blorp_src_compiler_stage_09_core_closure__ConvertedConstructorLengthCases
S5_SITE site=3132 count=5053 requested_bytes=202120 type=blorp_src_compiler_stage_09_core_closure__ConvertedConstructorLengthGeq
S5_SITE site=3133 count=5053 requested_bytes=202120 type=blorp_src_compiler_stage_09_core_closure__ConvertedConstructorLengthFallback
S5_SITE site=3136 count=42255 requested_bytes=1352160 type=blorp_src_compiler_stage_09_core_closure__ConvertedDecl
S5_SITE site=3137 count=48256 requested_bytes=1544192 type=blorp_src_compiler_stage_09_core_closure__ConvertedOptionalDecl
S5_SITE site=3138 count=2 requested_bytes=64 type=blorp_src_compiler_stage_09_core_closure__ConvertedDecls
S5_SITE site=3139 count=2617 requested_bytes=125616 type=blorp_src_compiler_stage_09_core_closure__FreshHoistedName
S5_SITE site=3140 count=1974 requested_bytes=63168 type=blorp_src_compiler_stage_09_core_closure__HoistedClosureCreate
S5_SITE site=3141 count=6 requested_bytes=192 type=blorp_src_compiler_stage_09_core_closure__HoistedTaskClosure
S5_SITE site=3142 count=2 requested_bytes=80 type=blorp_src_compiler_stage_09_core_closure__FunctionIndexes
S5_SITE site=3143 count=7 requested_bytes=224 type=blorp_src_compiler_stage_09_core_closure__CoreDroppedCapture
S5_SITE site=3144 count=6 requested_bytes=192 type=blorp_src_compiler_stage_09_core_closure__DroppedBody
S5_SITE site=3145 count=2208 requested_bytes=88320 type=blorp_src_compiler_stage_09_core_closure__ConvertedConstructorLiteralMatch
S5_SITE site=3146 count=5053 requested_bytes=202120 type=blorp_src_compiler_stage_09_core_closure__ConvertedConstructorLengthMatch
S5_SITE site=3147 count=2 requested_bytes=80 type=blorp_src_compiler_stage_09_core_closure__ClosurePassResult
S5_SITE site=3148 count=1227 requested_bytes=49080 type=blorp_src_compiler_stage_09_core_consume_specialize__CloneKey
S5_SITE site=3149 count=1227 requested_bytes=58896 type=blorp_src_compiler_stage_09_core_consume_specialize__CloneCandidate
S5_SITE site=3150 count=2438 requested_bytes=97520 type=blorp_src_compiler_stage_09_core_consume_specialize__CloneCandidateCatalog
S5_SITE site=3151 count=724 requested_bytes=17376 type=blorp_src_compiler_stage_09_core_consume_specialize__UsedCloneKeyIndex
S5_SITE site=3152 count=333 requested_bytes=15984 type=blorp_src_compiler_stage_09_core_consume_specialize__ConsumeSpecializeState
S5_SITE site=3153 count=19084 requested_bytes=610688 type=blorp_src_compiler_stage_09_core_consume_specialize__CloneCandidateDiscoveryState
S5_SITE site=3154 count=19100 requested_bytes=611200 type=blorp_src_compiler_stage_09_core_consume_specialize__FunctionCandidateAppendState
S5_SITE site=3155 count=3521 requested_bytes=140840 type=blorp_src_compiler_stage_09_core_consume_specialize__CloneTarget
S5_SITE site=3156 count=610 requested_bytes=24400 type=blorp_src_compiler_stage_09_core_consume_specialize__ReplacedFieldSlot
S5_SITE site=3157 count=72662 requested_bytes=3487776 type=blorp_src_compiler_stage_09_core_consume_specialize__LastUseWalk
S5_SITE site=3158 count=22475 requested_bytes=719200 type=blorp_src_compiler_stage_09_core_consume_specialize__CloneCallCollection
S5_SITE site=3159 count=1315 requested_bytes=52600 type=blorp_src_compiler_stage_09_core_consume_specialize__ConsumingCloneScan
S5_SITE site=3160 count=1 requested_bytes=32 type=blorp_src_compiler_stage_09_core_consume_specialize__CloneCallReversal
S5_SITE site=3161 count=1 requested_bytes=48 type=blorp_src_compiler_stage_09_core_consume_specialize__BuiltConsumingClones
S5_SITE site=3162 count=1 requested_bytes=32 type=blorp_src_compiler_stage_09_core_consume_specialize__ConsumeSpecializeResult
S5_SITE site=3163 count=110407 requested_bytes=3533024 type=blorp_src_compiler_stage_09_core_dce__DceConstructorReference
S5_SITE site=3164 count=16490 requested_bytes=527680 type=blorp_src_compiler_stage_09_core_dce__DceConstructorIdentity
S5_SITE site=3165 count=457 requested_bytes=21936 type=blorp_src_compiler_stage_09_core_dce__DceTraitReference
S5_SITE site=3166 count=95862 requested_bytes=6902064 type=blorp_src_compiler_stage_09_core_dce__DceReachabilityDelta
S5_SITE site=3167 count=23329 requested_bytes=1119792 type=blorp_src_compiler_stage_09_core_dce__CoreValueReferences
S5_SITE site=3168 count=3 requested_bytes=216 type=blorp_src_compiler_stage_09_core_dce__DceReachabilityIndex
S5_SITE site=3169 count=3 requested_bytes=168 type=blorp_src_compiler_stage_09_core_dce__DceRoots
S5_SITE site=3170 count=3 requested_bytes=144 type=blorp_src_compiler_stage_09_core_dce__DceClosure
S5_SITE site=3171 count=1 requested_bytes=32 type=blorp_src_compiler_stage_09_core_hash_key_callbacks__HashKeyCallbackResult
S5_SITE site=3172 count=6 requested_bytes=192 type=blorp_src_compiler_stage_09_core_hash_key_callbacks__HashKeySlotAdapterInfo
S5_SITE site=3173 count=1 requested_bytes=32 type=blorp_src_compiler_stage_09_core_hash_key_callbacks__HashKeyAdapterTable
S5_SITE site=3175 count=3771 requested_bytes=150840 type=blorp_src_compiler_stage_09_core_match_projection__LoweredSemanticLiteralMatchCase
S5_SITE site=3176 count=921 requested_bytes=36840 type=blorp_src_compiler_stage_09_core_match_projection__MatchProjectionUnionLayout
S5_SITE site=3177 count=1843 requested_bytes=73720 type=blorp_src_compiler_stage_09_core_match_projection__MatchProjectionLayoutCounters
S5_SITE site=3178 count=921 requested_bytes=36840 type=blorp_src_compiler_stage_09_core_match_projection__MatchProjectionUnionLayoutBuild
S5_SITE site=3179 count=922 requested_bytes=36880 type=blorp_src_compiler_stage_09_core_match_projection__MatchProjectionLayoutState
S5_SITE site=3180 count=1 requested_bytes=48 type=blorp_src_compiler_stage_09_core_match_projection__MatchProjectionLayout
S5_SITE site=3181 count=1 requested_bytes=32 type=blorp_src_compiler_stage_09_core_match_projection__LateProjectionFusion
S5_SITE site=3182 count=2398 requested_bytes=95920 type=blorp_src_compiler_stage_09_core_prepare__PreparedTupleLiteral
S5_SITE site=3183 count=2 requested_bytes=96 type=blorp_src_compiler_stage_09_core_prepare__PrepareDecls
S5_SITE site=3184 count=6186 requested_bytes=197952 type=blorp_src_compiler_stage_09_core_prepare__RecordFieldOrder
S5_SITE site=3185 count=3 requested_bytes=96 type=blorp_src_compiler_stage_09_core_prepare__DeclaredRecords
S5_SITE site=3189 count=443 requested_bytes=14176 type=blorp_src_compiler_stage_09_core_prepare__DictKeyValueTypes
S5_SITE site=3190 count=1 requested_bytes=32 type=blorp_src_compiler_stage_09_core_prepare__WrittenOrderRecordLiterals
S5_SITE site=3191 count=6 requested_bytes=192 type=blorp_src_compiler_stage_09_core_prepare__RecordLiteralBinding
S5_SITE site=3192 count=32 requested_bytes=1280 type=blorp_src_compiler_stage_09_core_prepare__RecordFieldBinding
S5_SITE site=3193 count=10412 requested_bytes=249888 type=blorp_src_compiler_stage_09_core_prepare__CleanupFieldPlan
S5_SITE site=3194 count=2738 requested_bytes=87616 type=blorp_src_compiler_stage_09_core_prepare__CleanupVariantPlan
S5_SITE site=3195 count=572 requested_bytes=22880 type=blorp_src_compiler_stage_09_core_prepare__UnionCleanupTypePlan
S5_SITE site=3196 count=1991 requested_bytes=63712 type=blorp_src_compiler_stage_09_core_prepare__HeapRecordCleanupTypePlan
S5_SITE site=3197 count=1 requested_bytes=24 type=blorp_src_compiler_stage_09_core_prepare__CleanupPlan
S5_SITE site=3198 count=1 requested_bytes=24 type=blorp_src_compiler_stage_09_core_prepare__CancellationPlanTable
S5_SITE site=3199 count=1147 requested_bytes=64232 type=blorp_src_compiler_stage_09_core_record_update__RecordUpdateLayer
S5_SITE site=3200 count=503 requested_bytes=24144 type=blorp_src_compiler_stage_09_core_record_update__RecordUpdateChain
S5_SITE site=3201 count=111 requested_bytes=4440 type=blorp_src_compiler_stage_09_core_record_update__RecordFieldEvaluation
S5_SITE site=3202 count=613 requested_bytes=19616 type=blorp_src_compiler_stage_09_core_record_update__StagedRecordLayer
S5_SITE site=3203 count=8 requested_bytes=256 type=blorp_src_compiler_stage_09_core_reuse__SourceAlias
S5_SITE site=3204 count=1 requested_bytes=24 type=blorp_src_compiler_stage_09_core_reuse__PreparedReuseLayout
S5_SITE site=3205 count=4026 requested_bytes=128832 type=blorp_src_compiler_stage_09_core_reuse__HoistedFieldAlias
S5_SITE site=3206 count=28367 requested_bytes=1134680 type=blorp_src_compiler_stage_09_core_static_string_literals__StaticStringLiteralEntry
S5_SITE site=3207 count=1 requested_bytes=32 type=blorp_src_compiler_stage_09_core_static_string_literals__StaticStringLiteralProgram
S5_SITE site=3208 count=2 requested_bytes=64 type=blorp_src_compiler_stage_09_core_static_string_literals__StaticStringLiteralCatalog
S5_SITE site=3209 count=248 requested_bytes=11904 type=blorp_src_compiler_stage_09_core_static_string_literals__StaticStringLiteralBinding
S5_SITE site=3210 count=2229 requested_bytes=89160 type=blorp_src_compiler_stage_09_core_static_string_literals__StaticStringLiteralRewriteContext
S5_SITE site=3211 count=1387 requested_bytes=66576 type=blorp_src_compiler_stage_09_core_tensor_specialize__LoopIndexBound
S5_SITE site=3212 count=2709 requested_bytes=65016 type=blorp_src_compiler_stage_09_core_tensor_specialize__TensorSpecializeEnv
S5_SITE site=3218 count=1 requested_bytes=24 type=blorp_src_compiler_new_stage_01_discovery_pipeline__ImplicitModules
S5_SITE site=3220 count=1 requested_bytes=40 type=blorp_src_compiler_new_stage_01_discovery_sources_source_provider__SourceLookupRoots
S5_SITE site=3221 count=476 requested_bytes=15232 type=blorp_src_compiler_new_stage_01_discovery_sources_source_provider__ImportRequester
S5_SITE site=3222 count=2799 requested_bytes=111960 type=blorp_src_compiler_new_stage_01_discovery_sources_source_provider__ImportRequest
S5_SITE site=3223 count=4269 requested_bytes=170760 type=blorp_src_compiler_new_stage_01_discovery_sources_source_provider__SourceCandidate
S5_SITE site=3224 count=1 requested_bytes=32 type=blorp_src_compiler_new_stage_01_discovery_sources_source_provider__RootRequest
S5_SITE site=3225 count=1 requested_bytes=24 type=blorp_src_compiler_new_stage_01_discovery_sources_source_provider__FileSystemSourceProvider
S5_SITE site=3227 count=1 requested_bytes=32 type=blorp_src_compiler_discovery_adapter__LegacyModuleNaming
S5_SITE site=3228 count=10 requested_bytes=320 type=blorp_src_compiler_discovery_adapter__OwnerRows
S5_SITE site=3229 count=1 requested_bytes=208 type=blorp_src_compiler_discovery_adapter__DeclarationReader
S5_SITE site=3230 count=1 requested_bytes=24 type=blorp_src_compiler_discovery_adapter__CompilerEmbeddedTexts
S5_SITE site=3232 count=476 requested_bytes=15232 type=blorp_src_compiler_discovery_adapter__ModuleBodies
S5_SITE site=3233 count=971635 requested_bytes=54411560 type=blorp_src_compiler_discovery_adapter__NodeView
S5_SITE site=3234 count=476 requested_bytes=19040 type=blorp_src_compiler_discovery_adapter__LegacyModuleParts
S5_SITE site=3238 count=1 requested_bytes=32 type=toml__TomlDocument
S5_SITE site=3239 count=1 requested_bytes=40 type=toml__TomlError
S5_SITE site=3240 count=1 requested_bytes=32 type=toml__ParsedTomlLines
S5_SITE site=3241 count=3840 requested_bytes=153600 type=blorp_src_compiler_stage_06_typecheck_graph_range_record__ResolvedRangeFields
S5_SITE site=3242 count=477 requested_bytes=19080 type=blorp_src_compiler_stage_06_typecheck_headers_accepted_record_graph__RecordInputCollection
S5_SITE site=3244 count=476 requested_bytes=19040 type=blorp_src_compiler_stage_06_typecheck_headers_native_managed_authority__AcceptedNativeManagedAuthority
S5_SITE site=3245 count=13803 requested_bytes=662544 type=blorp_src_compiler_stage_06_typecheck_type_system_accepted_record_authority__AcceptedFieldRow
S5_SITE site=3246 count=7351 requested_bytes=294040 type=blorp_src_compiler_stage_06_typecheck_type_system_accepted_record_authority__AcceptedRecordEntry
S5_SITE site=3247 count=1880 requested_bytes=90240 type=blorp_src_compiler_stage_06_typecheck_type_system_accepted_record_authority__AcceptedRecordTableRecord
S5_SITE site=3248 count=1 requested_bytes=40 type=blorp_src_compiler_stage_06_typecheck_type_system_accepted_record_authority__AcceptedRecordTableInput
S5_SITE site=3249 count=1 requested_bytes=96 type=blorp_src_compiler_stage_06_typecheck_type_system_accepted_record_authority__AcceptedRecordTableRep
S5_SITE site=3250 count=48491 requested_bytes=1939640 type=blorp_src_compiler_stage_06_typecheck_type_system_accepted_record_authority__AcceptedVisibleRecordBinding
S5_SITE site=3251 count=3840 requested_bytes=153600 type=blorp_src_compiler_stage_06_typecheck_type_system_accepted_record_authority__AcceptedRecordModuleViewRep
S5_SITE site=3252 count=3840 requested_bytes=215040 type=blorp_src_compiler_stage_06_typecheck_type_system_accepted_record_authority__AcceptedRecordAuthorityRep
S5_SITE site=3253 count=1874 requested_bytes=59968 type=blorp_src_compiler_stage_06_typecheck_type_system_accepted_record_authority__AcceptedRecordExactProbe
S5_SITE site=3254 count=1 requested_bytes=72 type=blorp_src_compiler_stage_06_typecheck_type_system_accepted_semantic_catalog__AcceptedSemanticCatalogInput
S5_SITE site=3255 count=1 requested_bytes=80 type=blorp_src_compiler_stage_06_typecheck_type_system_accepted_semantic_catalog__AcceptedSemanticCatalogRep
S5_SITE site=3256 count=2 requested_bytes=192 type=blorp_src_compiler_stage_06_typecheck_type_system_accepted_semantic_catalog__AcceptedSemanticCatalogTableCounts
S5_SITE site=3257 count=5 requested_bytes=240 type=blorp_src_compiler_stage_07_ctfe_body_dependencies__CtfeDependencyAccumulator
S5_SITE site=3258 count=380 requested_bytes=12160 type=blorp_src_compiler_stage_07_ctfe_body_worklist__CtfeBodyModuleRegistry
S5_SITE site=3259 count=3 requested_bytes=120 type=blorp_src_compiler_stage_07_ctfe_body_worklist__CtfeCheckedBody
S5_SITE site=3260 count=3 requested_bytes=120 type=blorp_src_compiler_stage_07_ctfe_body_worklist__CtfeBodyContextLookup
S5_SITE site=3261 count=1 requested_bytes=88 type=blorp_src_compiler_stage_07_ctfe_body_worklist__CtfeBodyQueue
S5_SITE site=3262 count=394629 requested_bytes=15785160 type=blorp_src_compiler_stage_07_ctfe_context__CtfeFunction
S5_SITE site=3263 count=235 requested_bytes=9400 type=blorp_src_compiler_stage_07_ctfe_context__CtfeImportedProgramSetRep
S5_SITE site=3264 count=181368 requested_bytes=7254720 type=blorp_src_compiler_stage_07_ctfe_context__CtfeImportedFunctionGroup
S5_SITE site=3265 count=13738 requested_bytes=549520 type=blorp_src_compiler_stage_07_ctfe_context__CtfeModuleAlias
S5_SITE site=3266 count=26426 requested_bytes=2748304 type=blorp_src_compiler_stage_07_ctfe_context__CtfeContext
S5_SITE site=3267 count=12853 requested_bytes=514120 type=blorp_src_compiler_stage_06_typecheck_diagnostic__TypecheckDiagnostic
S5_SITE site=3268 count=1 requested_bytes=80 type=blorp_src_compiler_stage_06_typecheck_graph_indexed_graph__IndexedGraphRep
S5_SITE site=3269 count=1430 requested_bytes=45760 type=blorp_src_compiler_stage_06_typecheck_graph_indexed_graph__PreparedModuleScopeRep
S5_SITE site=3270 count=1 requested_bytes=32 type=blorp_src_compiler_stage_06_typecheck_graph_indexed_graph__GraphSelectiveExportDemand
S5_SITE site=3271 count=885 requested_bytes=28320 type=blorp_src_compiler_stage_06_typecheck_headers_callable_headers__ResolvedCallableTypeParameterRep
S5_SITE site=3272 count=15427 requested_bytes=987328 type=blorp_src_compiler_stage_06_typecheck_headers_callable_headers__CallableHeaderRep
S5_SITE site=3273 count=1687 requested_bytes=80976 type=blorp_src_compiler_stage_06_typecheck_headers_callable_headers__AnnotatedGlobalHeaderRep
S5_SITE site=3275 count=1 requested_bytes=56 type=blorp_src_compiler_stage_06_typecheck_headers_callable_headers__CallableHeaderGraphRep
S5_SITE site=3276 count=15427 requested_bytes=493664 type=blorp_src_compiler_stage_06_typecheck_headers_callable_headers__CallableTypeParameterResolution
S5_SITE site=3277 count=15427 requested_bytes=617080 type=blorp_src_compiler_stage_06_typecheck_headers_callable_headers__CallableSignatureResolution
S5_SITE site=3278 count=1688 requested_bytes=121536 type=blorp_src_compiler_stage_06_typecheck_headers_callable_headers__CallableHeaderBuildState
S5_SITE site=3279 count=64 requested_bytes=2048 type=blorp_src_compiler_stage_06_typecheck_headers_implementation_headers__ResolvedImplementationTypeParameterRep
S5_SITE site=3281 count=386 requested_bytes=21616 type=blorp_src_compiler_stage_06_typecheck_headers_implementation_headers__ExplicitImplementationMethodHeaderRep
S5_SITE site=3282 count=92 requested_bytes=3680 type=blorp_src_compiler_stage_06_typecheck_headers_implementation_headers__DefaultImplementationMethodHeaderRep
S5_SITE site=3283 count=300 requested_bytes=21600 type=blorp_src_compiler_stage_06_typecheck_headers_implementation_headers__ImplementationHeaderRep
S5_SITE site=3284 count=1 requested_bytes=32 type=blorp_src_compiler_stage_06_typecheck_headers_implementation_headers__ImplementationHeaderGraphRep
S5_SITE site=3285 count=300 requested_bytes=9600 type=blorp_src_compiler_stage_06_typecheck_headers_implementation_headers__ImplementationParameterResolution
S5_SITE site=3286 count=386 requested_bytes=12352 type=blorp_src_compiler_stage_06_typecheck_headers_implementation_headers__ImplementationMethodParameterResolution
S5_SITE site=3287 count=386 requested_bytes=15440 type=blorp_src_compiler_stage_06_typecheck_headers_implementation_headers__ImplementationMethodSignatureResolution
S5_SITE site=3288 count=300 requested_bytes=9600 type=blorp_src_compiler_stage_06_typecheck_headers_implementation_headers__ImplementationMethodsResolution
S5_SITE site=3289 count=1 requested_bytes=32 type=blorp_src_compiler_stage_06_typecheck_headers_implementation_headers__ImplementationHeaderBuildState
S5_SITE site=3291 count=95 requested_bytes=5320 type=blorp_src_compiler_stage_06_typecheck_headers_trait_headers__TraitMethodSlotRep
S5_SITE site=3292 count=42 requested_bytes=1344 type=blorp_src_compiler_stage_06_typecheck_headers_trait_headers__ResolvedSupertrait
S5_SITE site=3293 count=39 requested_bytes=2184 type=blorp_src_compiler_stage_06_typecheck_headers_trait_headers__TraitTopologyHeaderRep
S5_SITE site=3294 count=1 requested_bytes=32 type=blorp_src_compiler_stage_06_typecheck_headers_trait_headers__TraitTopologyTable
S5_SITE site=3295 count=1 requested_bytes=32 type=blorp_src_compiler_stage_06_typecheck_headers_trait_headers__TraitTopologyGraphRep
S5_SITE site=3296 count=40 requested_bytes=1600 type=blorp_src_compiler_stage_06_typecheck_headers_trait_headers__TraitTopologyBuildState
S5_SITE site=3297 count=315 requested_bytes=10080 type=blorp_src_compiler_stage_06_typecheck_headers_type_header_dependencies__TypeAliasDependency
S5_SITE site=3298 count=1 requested_bytes=40 type=blorp_src_compiler_stage_06_typecheck_headers_type_header_dependencies__TypeAliasDependencyGraphRep
S5_SITE site=3299 count=1 requested_bytes=24 type=blorp_src_compiler_stage_06_typecheck_headers_type_header_dependencies__AcyclicTypeAliasDependencyGraphRep
S5_SITE site=3300 count=631 requested_bytes=20192 type=blorp_src_compiler_stage_06_typecheck_headers_type_header_dependencies__TypeAliasIdentityCycleSearchState
S5_SITE site=3302 count=885 requested_bytes=35400 type=blorp_src_compiler_stage_06_typecheck_headers_type_header_graph__CallableTypeParameterIdRep
S5_SITE site=3303 count=64 requested_bytes=2560 type=blorp_src_compiler_stage_06_typecheck_headers_type_header_graph__ImplementationTypeParameterIdRep
S5_SITE site=3304 count=6644 requested_bytes=265760 type=blorp_src_compiler_stage_06_typecheck_headers_type_header_graph__TypeHeaderField
S5_SITE site=3305 count=5575 requested_bytes=312200 type=blorp_src_compiler_stage_06_typecheck_headers_type_header_graph__TypeHeaderVariant
S5_SITE site=3306 count=190106 requested_bytes=4562544 type=blorp_src_compiler_stage_06_typecheck_headers_type_header_graph__TypeContainmentFacts
S5_SITE site=3307 count=3351 requested_bytes=214464 type=blorp_src_compiler_stage_06_typecheck_headers_type_header_graph__TypeHeader
S5_SITE site=3308 count=9269 requested_bytes=519064 type=blorp_src_compiler_stage_06_typecheck_headers_type_header_graph__AcceptedBuiltinHeaderRep
S5_SITE site=3309 count=123413 requested_bytes=6911128 type=blorp_src_compiler_stage_06_typecheck_headers_type_header_graph__AcceptedRecordHeaderRep
S5_SITE site=3310 count=74043 requested_bytes=4738752 type=blorp_src_compiler_stage_06_typecheck_headers_type_header_graph__AcceptedUnionHeaderRep
S5_SITE site=3311 count=23514 requested_bytes=1504896 type=blorp_src_compiler_stage_06_typecheck_headers_type_header_graph__AcceptedAliasHeaderRep
S5_SITE site=3312 count=3196 requested_bytes=102272 type=blorp_src_compiler_stage_06_typecheck_headers_type_header_graph__ModuleTypeHeaderIndices
S5_SITE site=3313 count=1 requested_bytes=64 type=blorp_src_compiler_stage_06_typecheck_headers_type_header_graph__TypeHeaderSemanticCounts
S5_SITE site=3314 count=2 requested_bytes=128 type=blorp_src_compiler_stage_06_typecheck_headers_type_header_graph__TypeHeaderTable
S5_SITE site=3315 count=1 requested_bytes=32 type=blorp_src_compiler_stage_06_typecheck_headers_type_header_graph__TypeHeaderGraphRep
S5_SITE site=3316 count=20 requested_bytes=640 type=blorp_src_compiler_stage_06_typecheck_headers_type_header_graph__LayoutTypeSubstitution
S5_SITE site=3317 count=21851 requested_bytes=1223656 type=blorp_src_compiler_stage_06_typecheck_headers_type_header_graph__TypeResolutionContext
S5_SITE site=3318 count=3196 requested_bytes=127840 type=blorp_src_compiler_stage_06_typecheck_headers_type_header_graph__TypeHeaderBuildContext
S5_SITE site=3319 count=16096 requested_bytes=515072 type=blorp_src_compiler_stage_06_typecheck_headers_type_header_graph__PendingValueLayoutShape
S5_SITE site=3320 count=9413 requested_bytes=301216 type=blorp_src_compiler_stage_06_typecheck_headers_type_header_graph__ValueLayoutSummary
S5_SITE site=3321 count=50 requested_bytes=2000 type=blorp_src_compiler_stage_06_typecheck_headers_type_parameter_headers__TypeParameterIdRep
S5_SITE site=3322 count=50 requested_bytes=1600 type=blorp_src_compiler_stage_06_typecheck_headers_type_parameter_headers__ResolvedTypeParameter
S5_SITE site=3323 count=3196 requested_bytes=102272 type=blorp_src_compiler_stage_06_typecheck_headers_type_parameter_headers__ResolvedTypeParameterEntry
S5_SITE site=3324 count=1 requested_bytes=40 type=blorp_src_compiler_stage_06_typecheck_headers_type_parameter_headers__ResolvedTypeParameterGraphRep
S5_SITE site=3325 count=855 requested_bytes=34200 type=blorp_src_compiler_stage_06_typecheck_modules_bound_module_graph__BoundModuleVisibilityRep
S5_SITE site=3326 count=855 requested_bytes=47880 type=blorp_src_compiler_stage_06_typecheck_modules_bound_module_graph__BoundModuleRep
S5_SITE site=3327 count=1 requested_bytes=56 type=blorp_src_compiler_stage_06_typecheck_modules_bound_module_graph__BoundModuleGraphRep
S5_SITE site=3328 count=855 requested_bytes=27360 type=blorp_src_compiler_stage_06_typecheck_modules_module_binding__ProgramImportRegistration
S5_SITE site=3329 count=476 requested_bytes=34272 type=blorp_src_compiler_stage_06_typecheck_modules_module_binding__AcceptedImportableModuleContents
S5_SITE site=3330 count=476 requested_bytes=22848 type=blorp_src_compiler_stage_06_typecheck_modules_module_binding__ImportableModuleRep
S5_SITE site=3331 count=4 requested_bytes=224 type=blorp_src_compiler_stage_06_typecheck_modules_module_binding__ImportableModuleIndexRep
S5_SITE site=3332 count=1 requested_bytes=40 type=blorp_src_compiler_stage_06_typecheck_modules_module_binding__ImportableModuleGraphRep
S5_SITE site=3333 count=476 requested_bytes=19040 type=blorp_src_compiler_stage_06_typecheck_modules_module_binding__ImportableDeclarationFacts
S5_SITE site=3334 count=855 requested_bytes=27360 type=blorp_src_compiler_stage_06_typecheck_modules_module_binding__ImportModuleIndex
S5_SITE site=3335 count=78328 requested_bytes=3133120 type=blorp_src_compiler_stage_06_typecheck_modules_module_view__ImportedNameBinding
S5_SITE site=3336 count=24939 requested_bytes=1396584 type=blorp_src_compiler_stage_06_typecheck_modules_module_view__ImportedConstructorBinding
S5_SITE site=3337 count=24939 requested_bytes=1396584 type=blorp_src_compiler_stage_06_typecheck_modules_module_view__BoundAcceptedConstructorBinding
S5_SITE site=3338 count=156580 requested_bytes=7515840 type=blorp_src_compiler_stage_06_typecheck_modules_module_view__BoundAcceptedDefinitionBinding
S5_SITE site=3339 count=76 requested_bytes=3648 type=blorp_src_compiler_stage_06_typecheck_modules_module_view__BoundRejectedLocalCandidateRow
S5_SITE site=3341 count=3416 requested_bytes=218624 type=blorp_src_compiler_stage_06_typecheck_modules_module_view__BoundCandidateTable
S5_SITE site=3342 count=4844 requested_bytes=387520 type=blorp_src_compiler_stage_06_typecheck_modules_module_view__BoundVisibility
S5_SITE site=3343 count=10810 requested_bytes=1383680 type=blorp_src_compiler_stage_06_typecheck_modules_module_view__ModuleViewRep
S5_SITE site=3344 count=82002 requested_bytes=5248128 type=blorp_src_compiler_stage_06_typecheck_modules_module_view__GraphImportAdmissionRep
S5_SITE site=3345 count=355046 requested_bytes=11361472 type=blorp_src_compiler_stage_06_typecheck_state__TypeHomeEntry
S5_SITE site=3346 count=7659 requested_bytes=245088 type=blorp_src_compiler_stage_06_typecheck_state__ResourceCapabilityMemoEntry
S5_SITE site=3347 count=7659 requested_bytes=245088 type=blorp_src_compiler_stage_06_typecheck_state__TypeShapeMemo
S5_SITE site=3348 count=1113 requested_bytes=35616 type=blorp_src_compiler_stage_06_typecheck_state__ScopedTraitFunction
S5_SITE site=3349 count=362086 requested_bytes=46347008 type=blorp_src_compiler_stage_06_typecheck_state__TypecheckState
S5_SITE site=3350 count=78328 requested_bytes=2506496 type=blorp_src_compiler_stage_06_typecheck_state__ImportedNameRegistration
S5_SITE site=3351 count=18754 requested_bytes=1650352 type=blorp_src_compiler_stage_06_typecheck_state__InferModuleFacts
S5_SITE site=3352 count=323591 requested_bytes=20709824 type=blorp_src_compiler_stage_06_typecheck_state__InferSession
S5_SITE site=3353 count=22513 requested_bytes=720416 type=blorp_src_compiler_stage_06_typecheck_type_system_builtins__BuiltinImplementationFactRep
S5_SITE site=3354 count=1440 requested_bytes=57600 type=blorp_src_compiler_stage_06_typecheck_type_system_builtins__BuiltinUnionType
S5_SITE site=3355 count=38017 requested_bytes=912408 type=blorp_src_compiler_stage_06_typecheck_type_system_env__TypeContainmentSummary
S5_SITE site=3356 count=20550 requested_bytes=657600 type=blorp_src_compiler_stage_06_typecheck_type_system_env__AcceptedTypeContainmentFacts
S5_SITE site=3357 count=142647 requested_bytes=6847056 type=blorp_src_compiler_stage_06_typecheck_type_system_env__TypeContainmentScopeSnapshot
S5_SITE site=3358 count=6644 requested_bytes=212608 type=blorp_src_compiler_stage_06_typecheck_type_system_env__FieldDecl
S5_SITE site=3359 count=8935 requested_bytes=357400 type=blorp_src_compiler_stage_06_typecheck_type_system_env__VariantDef
S5_SITE site=3360 count=109018 requested_bytes=8721440 type=blorp_src_compiler_stage_06_typecheck_type_system_env__VarSymbol
S5_SITE site=3361 count=30656 requested_bytes=3188224 type=blorp_src_compiler_stage_06_typecheck_type_system_env__FuncSymbol
S5_SITE site=3362 count=32070 requested_bytes=1539360 type=blorp_src_compiler_stage_06_typecheck_type_system_env__TypeSymbol
S5_SITE site=3364 count=960 requested_bytes=30720 type=blorp_src_compiler_stage_06_typecheck_type_system_env__AliasSymbol
S5_SITE site=3366 count=19226 requested_bytes=1230464 type=blorp_src_compiler_stage_06_typecheck_type_system_env__ConstructorSymbol
S5_SITE site=3367 count=191930 requested_bytes=6141760 type=blorp_src_compiler_stage_06_typecheck_type_system_env__Symbol
S5_SITE site=3368 count=11596 requested_bytes=371072 type=blorp_src_compiler_stage_06_typecheck_type_system_env__SymbolLookup
S5_SITE site=3369 count=172706 requested_bytes=5526592 type=blorp_src_compiler_stage_06_typecheck_type_system_env__Scope
S5_SITE site=3370 count=36618 requested_bytes=1171776 type=blorp_src_compiler_stage_06_typecheck_type_system_env__TraitObligation
S5_SITE site=3371 count=34595 requested_bytes=1937320 type=blorp_src_compiler_stage_06_typecheck_type_system_env__TraitMethodSig
S5_SITE site=3372 count=13990 requested_bytes=1007280 type=blorp_src_compiler_stage_06_typecheck_type_system_env__TraitDef
S5_SITE site=3373 count=1148 requested_bytes=110208 type=blorp_src_compiler_stage_06_typecheck_type_system_env__ImplMethodInfo
S5_SITE site=3374 count=22813 requested_bytes=1460032 type=blorp_src_compiler_stage_06_typecheck_type_system_env__ImplInstance
S5_SITE site=3375 count=50247 requested_bytes=5225688 type=blorp_src_compiler_stage_06_typecheck_type_system_env__OverloadEntry
S5_SITE site=3376 count=566480 requested_bytes=63445760 type=blorp_src_compiler_stage_06_typecheck_type_system_env__Env
S5_SITE site=3377 count=1 requested_bytes=24 type=blorp_src_compiler_stage_06_typecheck_type_system_meta_identity__CompilationRunTokenRep
S5_SITE site=3378 count=64335 requested_bytes=2573400 type=blorp_src_compiler_stage_06_typecheck_graph_definition_identity__FuncCallableKeyRep
S5_SITE site=3379 count=29543 requested_bytes=1654408 type=blorp_src_compiler_stage_06_typecheck_graph_definition_identity__SourceDefinitionKeyRep
S5_SITE site=3382 count=953 requested_bytes=45744 type=blorp_src_compiler_stage_06_typecheck_headers_accepted_alias_graph__AliasInputCollection
S5_SITE site=3383 count=477 requested_bytes=15264 type=blorp_src_compiler_stage_06_typecheck_headers_accepted_union_graph__UnionInputCollection
S5_SITE site=3384 count=476 requested_bytes=22848 type=blorp_src_compiler_stage_06_typecheck_headers_derived_record_equality__RecordEqualityModule
S5_SITE site=3385 count=1874 requested_bytes=74960 type=blorp_src_compiler_stage_06_typecheck_headers_derived_record_equality__RecordEqualityCandidate
S5_SITE site=3386 count=36288 requested_bytes=1161216 type=blorp_src_compiler_stage_06_typecheck_headers_callable_signature__CallableParameter
S5_SITE site=3387 count=16092 requested_bytes=643680 type=blorp_src_compiler_stage_06_typecheck_headers_callable_signature__CallableSignatureRep
S5_SITE site=3388 count=1 requested_bytes=48 type=blorp_src_compiler_stage_06_typecheck_headers_global_header_completion__GlobalHeaderIndex
S5_SITE site=3389 count=1 requested_bytes=56 type=blorp_src_compiler_stage_06_typecheck_headers_global_header_completion__GlobalHeaderCompletionPlanRep
S5_SITE site=3390 count=1 requested_bytes=40 type=blorp_src_compiler_stage_06_typecheck_headers_global_header_completion__GlobalDependencyAdjacency
S5_SITE site=3391 count=1 requested_bytes=32 type=blorp_src_compiler_stage_06_typecheck_headers_global_header_completion__PendingGlobalOrder
S5_SITE site=3392 count=50444 requested_bytes=1614208 type=blorp_src_compiler_stage_06_typecheck_headers_type_decl_analysis__ResourceTypeScanContext
S5_SITE site=3393 count=44 requested_bytes=1408 type=blorp_src_compiler_stage_06_typecheck_headers_type_header_install__SemanticTypeSubstitution
S5_SITE site=3394 count=5575 requested_bytes=178400 type=blorp_src_compiler_stage_06_typecheck_headers_type_header_install__InstalledUnionVariant
S5_SITE site=3395 count=9217 requested_bytes=737360 type=blorp_src_compiler_stage_06_typecheck_headers_type_header_install__InstalledBuiltinHeaderFacts
S5_SITE site=3396 count=66264 requested_bytes=3180672 type=blorp_src_compiler_stage_06_typecheck_headers_type_header_install__InstalledRecordHeaderFacts
S5_SITE site=3397 count=43613 requested_bytes=2093424 type=blorp_src_compiler_stage_06_typecheck_headers_type_header_install__InstalledUnionHeaderFacts
S5_SITE site=3398 count=21981 requested_bytes=1230936 type=blorp_src_compiler_stage_06_typecheck_headers_type_header_install__InstalledAliasHeaderFacts
S5_SITE site=3399 count=27305 requested_bytes=1965960 type=blorp_src_compiler_stage_06_typecheck_headers_type_header_install__ModuleHeaderSection
S5_SITE site=3400 count=951 requested_bytes=30432 type=blorp_src_compiler_stage_06_typecheck_headers_type_header_install__ModuleHeaderProduct
S5_SITE site=3401 count=855 requested_bytes=34200 type=blorp_src_compiler_stage_06_typecheck_modules_module_selection__ImportableModuleSelection
S5_SITE site=3402 count=3196 requested_bytes=204544 type=blorp_src_compiler_stage_06_typecheck_type_occurrence__TypedTypeDefinition
S5_SITE site=3403 count=104562 requested_bytes=3345984 type=blorp_src_compiler_stage_06_typecheck_type_occurrence__TypedTypeReference
S5_SITE site=3404 count=476 requested_bytes=15232 type=blorp_src_compiler_stage_06_typecheck_type_occurrence__TypeOccurrenceLookup
S5_SITE site=3405 count=3196 requested_bytes=127840 type=blorp_src_compiler_stage_06_typecheck_type_system_accepted_alias_authority__AcceptedTypeIdentity
S5_SITE site=3406 count=30 requested_bytes=1440 type=blorp_src_compiler_stage_06_typecheck_type_system_accepted_alias_authority__AcceptedTransparentAlias
S5_SITE site=3407 count=285 requested_bytes=13680 type=blorp_src_compiler_stage_06_typecheck_type_system_accepted_alias_authority__AcceptedOpaqueAlias
S5_SITE site=3408 count=14605 requested_bytes=467360 type=blorp_src_compiler_stage_06_typecheck_type_system_accepted_alias_authority__TransparentTypeAlias
S5_SITE site=3409 count=3424 requested_bytes=164352 type=blorp_src_compiler_stage_06_typecheck_type_system_accepted_alias_authority__OpaqueTypeAlias
S5_SITE site=3410 count=1 requested_bytes=48 type=blorp_src_compiler_stage_06_typecheck_type_system_accepted_alias_authority__AcceptedAliasTableInput
S5_SITE site=3411 count=1 requested_bytes=120 type=blorp_src_compiler_stage_06_typecheck_type_system_accepted_alias_authority__AcceptedAliasTableRep
S5_SITE site=3412 count=15237 requested_bytes=609480 type=blorp_src_compiler_stage_06_typecheck_type_system_accepted_alias_authority__AcceptedVisibleTypeBinding
S5_SITE site=3413 count=15237 requested_bytes=853272 type=blorp_src_compiler_stage_06_typecheck_type_system_accepted_alias_authority__AcceptedVisibleAliasBinding
S5_SITE site=3414 count=855 requested_bytes=34200 type=blorp_src_compiler_stage_06_typecheck_type_system_accepted_alias_authority__AcceptedAliasModuleViewRep
S5_SITE site=3415 count=855 requested_bytes=75240 type=blorp_src_compiler_stage_06_typecheck_type_system_accepted_alias_authority__AcceptedAliasAuthority
S5_SITE site=3416 count=15427 requested_bytes=740496 type=blorp_src_compiler_stage_06_typecheck_type_system_accepted_callable_authority__AcceptedCallableTableRecord
S5_SITE site=3417 count=1 requested_bytes=32 type=blorp_src_compiler_stage_06_typecheck_type_system_accepted_callable_authority__AcceptedCallableTableInput
S5_SITE site=3418 count=30854 requested_bytes=1234160 type=blorp_src_compiler_stage_06_typecheck_type_system_accepted_callable_authority__AcceptedCallableBinding
S5_SITE site=3419 count=15427 requested_bytes=740496 type=blorp_src_compiler_stage_06_typecheck_type_system_accepted_callable_authority__AcceptedCallableSlot
S5_SITE site=3420 count=1 requested_bytes=80 type=blorp_src_compiler_stage_06_typecheck_type_system_accepted_callable_authority__AcceptedCallableTableRep
S5_SITE site=3421 count=15546 requested_bytes=497472 type=blorp_src_compiler_stage_06_typecheck_type_system_accepted_callable_authority__AcceptedVisibleCallableBindingRep
S5_SITE site=3422 count=855 requested_bytes=27360 type=blorp_src_compiler_stage_06_typecheck_type_system_accepted_callable_authority__AcceptedCallableVisibilityRep
S5_SITE site=3423 count=855 requested_bytes=27360 type=blorp_src_compiler_stage_06_typecheck_type_system_accepted_callable_authority__AcceptedCallableNameAccess
S5_SITE site=3424 count=855 requested_bytes=41040 type=blorp_src_compiler_stage_06_typecheck_type_system_accepted_callable_authority__AcceptedCallableAuthorityRep
S5_SITE site=3425 count=4268 requested_bytes=204864 type=blorp_src_compiler_stage_06_typecheck_type_system_accepted_global_authority__AcceptedGlobalBinding
S5_SITE site=3426 count=1687 requested_bytes=67480 type=blorp_src_compiler_stage_06_typecheck_type_system_accepted_global_authority__AcceptedGlobalTableRecord
S5_SITE site=3427 count=1 requested_bytes=40 type=blorp_src_compiler_stage_06_typecheck_type_system_accepted_global_authority__AcceptedGlobalTableInput
S5_SITE site=3428 count=3374 requested_bytes=215936 type=blorp_src_compiler_stage_06_typecheck_type_system_accepted_global_authority__AcceptedGlobalSlot
S5_SITE site=3429 count=2 requested_bytes=128 type=blorp_src_compiler_stage_06_typecheck_type_system_accepted_global_authority__AcceptedGlobalTableRep
S5_SITE site=3430 count=4197 requested_bytes=134304 type=blorp_src_compiler_stage_06_typecheck_type_system_accepted_global_authority__AcceptedVisibleGlobalBindingRep
S5_SITE site=3431 count=855 requested_bytes=41040 type=blorp_src_compiler_stage_06_typecheck_type_system_accepted_global_authority__AcceptedGlobalVisibilityRep
S5_SITE site=3432 count=3398 requested_bytes=190288 type=blorp_src_compiler_stage_06_typecheck_type_system_accepted_global_authority__AcceptedGlobalAuthorityRep
S5_SITE site=3433 count=39 requested_bytes=2808 type=blorp_src_compiler_stage_06_typecheck_type_system_accepted_trait_implementation_authority__AcceptedTraitTableRecord
S5_SITE site=3434 count=300 requested_bytes=16800 type=blorp_src_compiler_stage_06_typecheck_type_system_accepted_trait_implementation_authority__AcceptedImplementationTableRecord
S5_SITE site=3435 count=2 requested_bytes=96 type=blorp_src_compiler_stage_06_typecheck_type_system_accepted_trait_implementation_authority__AcceptedTraitImplementationTableInput
S5_SITE site=3436 count=1874 requested_bytes=74960 type=blorp_src_compiler_stage_06_typecheck_type_system_accepted_trait_implementation_authority__AcceptedDerivedEquality
S5_SITE site=3437 count=13 requested_bytes=416 type=blorp_src_compiler_stage_06_typecheck_type_system_accepted_trait_implementation_authority__DerivedEqualityParameter
S5_SITE site=3438 count=7 requested_bytes=168 type=blorp_src_compiler_stage_06_typecheck_type_system_accepted_trait_implementation_authority__AcceptedDerivedEqualitiesRep
S5_SITE site=3439 count=198 requested_bytes=6336 type=blorp_src_compiler_stage_06_typecheck_type_system_accepted_trait_implementation_authority__AcceptedImplementationDefinitionIds
S5_SITE site=3440 count=3 requested_bytes=456 type=blorp_src_compiler_stage_06_typecheck_type_system_accepted_trait_implementation_authority__AcceptedTraitImplementationTableRep
S5_SITE site=3441 count=855 requested_bytes=34200 type=blorp_src_compiler_stage_06_typecheck_type_system_accepted_trait_implementation_authority__AcceptedTraitVisibilityRep
S5_SITE site=3442 count=1108 requested_bytes=35456 type=blorp_src_compiler_stage_06_typecheck_type_system_accepted_trait_implementation_authority__AcceptedVisibleTraitRow
S5_SITE site=3443 count=3341 requested_bytes=133640 type=blorp_src_compiler_stage_06_typecheck_type_system_accepted_trait_implementation_authority__AcceptedVisibleTraitMethodRow
S5_SITE site=3444 count=262244 requested_bytes=8391808 type=blorp_src_compiler_stage_06_typecheck_type_system_accepted_trait_implementation_authority__AcceptedCompilerImplementationBucket
S5_SITE site=3445 count=3711 requested_bytes=475008 type=blorp_src_compiler_stage_06_typecheck_type_system_accepted_trait_implementation_authority__AcceptedTraitImplementationAuthorityRep
S5_SITE site=3446 count=855 requested_bytes=75240 type=blorp_src_compiler_stage_06_typecheck_type_system_accepted_trait_implementation_authority__AcceptedTraitProjectionFields
S5_SITE site=3448 count=2301 requested_bytes=110448 type=blorp_src_compiler_stage_06_typecheck_type_system_accepted_trait_implementation_authority__AcceptedTraitMethodMatch
S5_SITE site=3449 count=9595 requested_bytes=460560 type=blorp_src_compiler_stage_06_typecheck_type_system_accepted_union_authority__AcceptedUnionVariantEntry
S5_SITE site=3450 count=1742 requested_bytes=69680 type=blorp_src_compiler_stage_06_typecheck_type_system_accepted_union_authority__AcceptedUnionEntry
S5_SITE site=3451 count=975 requested_bytes=46800 type=blorp_src_compiler_stage_06_typecheck_type_system_accepted_union_authority__AcceptedUnionTableRecord
S5_SITE site=3452 count=1 requested_bytes=32 type=blorp_src_compiler_stage_06_typecheck_type_system_accepted_union_authority__AcceptedUnionTableInput
S5_SITE site=3453 count=112867 requested_bytes=4514680 type=blorp_src_compiler_stage_06_typecheck_type_system_accepted_union_authority__AcceptedUnionConstructorLocator
S5_SITE site=3454 count=1 requested_bytes=104 type=blorp_src_compiler_stage_06_typecheck_type_system_accepted_union_authority__AcceptedUnionTableRep
S5_SITE site=3455 count=10646 requested_bytes=425840 type=blorp_src_compiler_stage_06_typecheck_type_system_accepted_union_authority__AcceptedVisibleUnionBinding
S5_SITE site=3456 count=24939 requested_bytes=1396584 type=blorp_src_compiler_stage_06_typecheck_type_system_accepted_union_authority__AcceptedVisibleConstructorBinding
S5_SITE site=3457 count=855 requested_bytes=47880 type=blorp_src_compiler_stage_06_typecheck_type_system_accepted_union_authority__AcceptedUnionModuleViewRep
S5_SITE site=3458 count=855 requested_bytes=54720 type=blorp_src_compiler_stage_06_typecheck_type_system_accepted_union_authority__AcceptedUnionAuthorityRep
S5_SITE site=3460 count=5138 requested_bytes=164416 type=blorp_src_compiler_stage_06_typecheck_type_system_context__ResourceCleanupEntry
S5_SITE site=3461 count=421 requested_bytes=16840 type=blorp_src_compiler_stage_06_typecheck_type_system_context__MetaSolverStateRep
S5_SITE site=3462 count=21503 requested_bytes=1204168 type=blorp_src_compiler_stage_06_typecheck_type_system_context__Context
S5_SITE site=3463 count=220 requested_bytes=7040 type=blorp_src_compiler_stage_06_typecheck_type_system_context__FreshMetaStep
S5_SITE site=3464 count=6992 requested_bytes=223744 type=blorp_src_compiler_stage_06_typecheck_type_system_context__UnifyStep
S5_SITE site=3465 count=6791 requested_bytes=271640 type=blorp_src_compiler_stage_06_typecheck_type_system_context__UnifyOptions
S5_SITE site=3466 count=2316 requested_bytes=129696 type=blorp_src_compiler_stage_06_typecheck_type_system_generic_params__BoundTraitIdentity
S5_SITE site=3467 count=54619 requested_bytes=2184760 type=blorp_src_compiler_stage_06_typecheck_type_system_generic_params__BoundTypeParam
S5_SITE site=3472 count=33346 requested_bytes=1867376 type=blorp_src_compiler_stage_06_typecheck_graph_definition_table_storage__DefinitionTableRow
S5_SITE site=3473 count=1 requested_bytes=56 type=blorp_src_compiler_stage_06_typecheck_graph_definition_table_storage__DefinitionTableRep
S5_SITE site=3478 count=12029 requested_bytes=384928 type=blorp_src_compiler_stage_06_typecheck_type_system_int_literal_range__IntLiteralValue
S5_SITE site=3479 count=23199 requested_bytes=927960 type=blorp_src_compiler_stage_06_typecheck_type_system_int_literal_range__IntegerTypeRange
S5_SITE site=3529 count=38 requested_bytes=1520 type=blorp_src_compiler_stage_09_core_known_functions__CoreKnownFunctionRow
S5_SITE site=3530 count=2 requested_bytes=96 type=blorp_src_compiler_stage_09_core_known_functions__CoreKnownImplMethodRow
S5_SITE site=3531 count=3421 requested_bytes=109472 type=blorp_src_compiler_stage_07_ctfe_env__CtfeAssignResult
S5_SITE site=3532 count=3371 requested_bytes=134840 type=blorp_src_compiler_stage_07_ctfe_value__CtfeConstructorInfo
S5_SITE site=3533 count=3371 requested_bytes=134840 type=blorp_src_compiler_stage_07_ctfe_value__CtfeConstructorPayload
S5_SITE site=3534 count=2 requested_bytes=80 type=blorp_src_compiler_stage_07_ctfe_value__CtfeFunctionReferencePayload
S5_SITE site=3535 count=27471 requested_bytes=1098840 type=blorp_src_compiler_stage_07_ctfe_value__CtfeBinding
S5_SITE site=3536 count=6 requested_bytes=384 type=blorp_src_compiler_stage_07_ctfe_value__CtfeLambdaSource
S5_SITE site=3537 count=6 requested_bytes=240 type=blorp_src_compiler_stage_07_ctfe_value__CtfeLambdaPayload
S5_SITE site=3538 count=39799 requested_bytes=1591960 type=blorp_src_compiler_stage_07_ctfe_value__CtfeValue
S5_SITE site=3539 count=1 requested_bytes=32 type=blorp_src_compiler_stage_08_core_lower_entrypoint__EntrypointRewriteContext
S5_SITE site=3540 count=15359 requested_bytes=982976 type=blorp_src_compiler_stage_08_core_lower_flatten__CallableRewrite
S5_SITE site=3541 count=476 requested_bytes=11424 type=blorp_src_compiler_stage_08_core_lower_flatten__CallableRewriteIndex
S5_SITE site=3542 count=30683 requested_bytes=1227320 type=blorp_src_compiler_stage_08_core_lower_flatten__CallableNameFacts
S5_SITE site=3543 count=475 requested_bytes=15200 type=blorp_src_compiler_stage_08_core_lower_flatten__CallableRewritePlan
S5_SITE site=3544 count=20 requested_bytes=960 type=blorp_src_compiler_stage_08_core_lower_flatten__CoreCallableAlias
S5_SITE site=3545 count=475 requested_bytes=19000 type=blorp_src_compiler_stage_08_core_lower_flatten__CorePrefixedModule
S5_SITE site=3546 count=1669 requested_bytes=53408 type=blorp_src_compiler_stage_08_core_lower_flatten__GlobalRewrite
S5_SITE site=3547 count=3169 requested_bytes=101408 type=blorp_src_compiler_stage_08_core_lower_flatten__CoreTypeNameRewrite
S5_SITE site=3548 count=475 requested_bytes=11400 type=blorp_src_compiler_stage_08_core_lower_flatten__CoreTypeRewriteContext
S5_SITE site=3549 count=475 requested_bytes=15200 type=blorp_src_compiler_stage_08_core_lower_flatten__MaterializedCallableFacts
S5_SITE site=3550 count=309942 requested_bytes=12397680 type=blorp_src_compiler_stage_08_core_lower_flatten__FlattenNameScope
S5_SITE site=3551 count=17 requested_bytes=680 type=blorp_src_compiler_stage_08_core_lower_list_layout__CoreLayoutTypeIndex
S5_SITE site=3553 count=36106 requested_bytes=1155392 type=blorp_src_compiler_stage_08_core_lower_lower__CoreLowerParamResult
S5_SITE site=3554 count=16000 requested_bytes=512000 type=blorp_src_compiler_stage_08_core_lower_lower__CoreLowerParams
S5_SITE site=3555 count=71166 requested_bytes=8539920 type=blorp_src_compiler_stage_08_core_lower_lower__CoreLowerContext
S5_SITE site=3556 count=106937 requested_bytes=3421984 type=blorp_src_compiler_stage_08_core_lower_lower__CoreLowerScopeEntry
S5_SITE site=3557 count=15841 requested_bytes=506912 type=blorp_src_compiler_stage_08_core_lower_lower__CoreLowerCallableName
S5_SITE site=3558 count=21365 requested_bytes=683680 type=blorp_src_compiler_stage_08_core_lower_lower__CoreLowerDeclResult
S5_SITE site=3559 count=15841 requested_bytes=506912 type=blorp_src_compiler_stage_08_core_lower_lower__CoreLowerFunctionResult
S5_SITE site=3560 count=476 requested_bytes=15232 type=blorp_src_compiler_stage_08_core_lower_lower__CoreLowerProgramResult
S5_SITE site=3561 count=2978 requested_bytes=142944 type=blorp_src_compiler_stage_08_core_lower_lower__CoreLowerForParts
S5_SITE site=3562 count=2978 requested_bytes=95296 type=blorp_src_compiler_stage_08_core_lower_lower__CoreLowerLoopBinding
S5_SITE site=3566 count=810461 requested_bytes=25934752 type=blorp_src_compiler_stage_08_core_lower_lower__CoreLowerTypeProjection
S5_SITE site=3567 count=742 requested_bytes=35616 type=blorp_src_compiler_stage_08_core_lower_lower__DerivedEqualityOperands
S5_SITE site=3568 count=2 requested_bytes=64 type=blorp_src_compiler_stage_08_core_lower_lower__CoreLowerTypeKindTable
S5_SITE site=3569 count=1574 requested_bytes=50368 type=blorp_src_compiler_stage_09_core_collection_pipeline__CoreCollectionFreshVar
S5_SITE site=3570 count=202 requested_bytes=6464 type=blorp_src_compiler_stage_09_core_collection_pipeline__CoreCollectionLowering
S5_SITE site=3571 count=74 requested_bytes=2368 type=blorp_src_compiler_stage_09_core_match_lowering__CoreMatchCloneRename
S5_SITE site=3572 count=4718 requested_bytes=150976 type=blorp_src_compiler_stage_09_core_match_lowering__CoreMatchCloneState
S5_SITE site=3573 count=66791 requested_bytes=2137312 type=blorp_src_compiler_stage_09_core_match_lowering__ConstructorCaseGroup
S5_SITE site=3574 count=88956 requested_bytes=2846592 type=blorp_src_compiler_stage_09_core_match_lowering__ConstructorCaseGroups
S5_SITE site=3575 count=72060 requested_bytes=2882400 type=blorp_src_compiler_stage_09_core_match_lowering__PatternMatrixArm
S5_SITE site=3576 count=1665 requested_bytes=53280 type=blorp_src_compiler_stage_09_core_match_lowering__ScopedCoreExpr
S5_SITE site=3577 count=23626 requested_bytes=756032 type=blorp_src_compiler_stage_09_core_match_lowering__SplitMatchCases
S5_SITE site=3579 count=2 requested_bytes=64 type=blorp_src_compiler_stage_09_core_parallel_tensor_pipeline__CoreParallelStdCall
S5_SITE site=3587 count=83220 requested_bytes=2663040 type=blorp_src_compiler_stage_09_core_parallel_tensor_pipeline__CoreParallelCallArgs
S5_SITE site=3588 count=1010 requested_bytes=56560 type=blorp_src_compiler_stage_09_core_std_inline__StdInlineTarget
S5_SITE site=3589 count=1012 requested_bytes=24288 type=blorp_src_compiler_stage_09_core_std_inline__StdInlineTargets
S5_SITE site=3590 count=23660 requested_bytes=757120 type=blorp_src_compiler_stage_09_core_std_inline__StdInlineRename
S5_SITE site=3591 count=9207 requested_bytes=368280 type=blorp_src_compiler_stage_09_core_std_inline__StdInlinePreparedArg
S5_SITE site=3592 count=6281 requested_bytes=251240 type=blorp_src_compiler_stage_09_core_std_inline__StdInlinePreparedArgs
S5_SITE site=3593 count=182865 requested_bytes=5851680 type=blorp_src_compiler_stage_09_core_std_inline__StdInlineExprResult
S5_SITE site=3594 count=22628 requested_bytes=724096 type=blorp_src_compiler_stage_09_core_std_inline__StdInlineRewriteState
S5_SITE site=3595 count=60766 requested_bytes=2430640 type=blorp_src_compiler_stage_09_core_std_inline__StdInlineExprsResult
S5_SITE site=3602 count=6281 requested_bytes=200992 type=blorp_src_compiler_stage_09_core_std_inline__StdInlineExpandedCall
S5_SITE site=3604 count=20794 requested_bytes=665408 type=blorp_src_compiler_stage_09_core_std_inline__StdInlineFunctionResult
S5_SITE site=3605 count=1 requested_bytes=32 type=blorp_src_compiler_stage_09_core_std_inline__StdInlineResult
S5_SITE site=3606 count=972 requested_bytes=31104 type=blorp_src_compiler_stage_09_core_string_pipeline__StringPipeline
S5_SITE site=3607 count=1385 requested_bytes=55400 type=blorp_src_compiler_stage_09_core_string_pipeline__StringSourceWindow
S5_SITE site=3608 count=3008 requested_bytes=96256 type=blorp_src_compiler_stage_09_core_string_pipeline__StringCall
S5_SITE site=3609 count=2592 requested_bytes=82944 type=blorp_src_compiler_stage_09_core_string_pipeline__StringFreshVar
S5_SITE site=3610 count=411 requested_bytes=13152 type=blorp_src_compiler_stage_09_core_string_pipeline__StringLowering
S5_SITE site=3612 count=22541 requested_bytes=721312 type=blorp_src_compiler_stage_09_core_string_pipeline__StringFusionState
S5_SITE site=3613 count=2625 requested_bytes=84000 type=blorp_src_compiler_stage_09_core_synth__SynthesizedBody
S5_SITE site=3614 count=1 requested_bytes=24 type=blorp_src_compiler_stage_09_core_tailrec__TailrecContext
S5_SITE site=3615 count=6824 requested_bytes=218368 type=blorp_src_compiler_stage_09_core_tailrec__ListParamPlan
S5_SITE site=3616 count=20794 requested_bytes=831760 type=blorp_src_compiler_stage_09_core_tailrec__LoweredFunction
S5_SITE site=3617 count=24683 requested_bytes=987320 type=blorp_src_compiler_stage_09_core_tailrec__LoweredDecl
S5_SITE site=3620 count=1 requested_bytes=32 type=blorp_src_compiler_stage_09_core_opaque_hash_keys__OpaqueHashKeyPinning
S5_SITE site=3621 count=8 requested_bytes=320 type=blorp_src_compiler_stage_09_core_opaque_hash_keys__OpaqueHashKeyPin
S5_SITE site=3622 count=9 requested_bytes=432 type=blorp_src_compiler_stage_09_core_specialize_layout__CoreSpecializeLayout
S5_SITE site=3623 count=9718 requested_bytes=544208 type=blorp_src_compiler_stage_09_core_cancellation_plan__CancellationCleanupCandidate
S5_SITE site=3624 count=142629 requested_bytes=6846192 type=blorp_src_compiler_stage_09_core_cancellation_plan__CancellationLetProtection
S5_SITE site=3625 count=6026 requested_bytes=192832 type=blorp_src_compiler_stage_09_core_cancellation_plan__CancellationBackendTemporaryProtection
S5_SITE site=3626 count=6026 requested_bytes=192832 type=blorp_src_compiler_stage_09_core_cancellation_plan__CancellationMatchScrutineeProtection
S5_SITE site=3627 count=4258 requested_bytes=136256 type=blorp_src_compiler_stage_09_core_cancellation_plan__CancellationEntrySlot
S5_SITE site=3628 count=42475 requested_bytes=3737800 type=blorp_src_compiler_stage_09_core_cancellation_plan__CancellationProtectionPlan
S5_SITE site=3629 count=1565800 requested_bytes=75158400 type=blorp_src_compiler_stage_09_core_cancellation_plan__CancellationOwnershipFacts
S5_SITE site=3630 count=1565800 requested_bytes=112737600 type=blorp_src_compiler_stage_09_core_cancellation_plan__CancellationPlanAnalysis
S5_SITE site=3631 count=21829 requested_bytes=873160 type=blorp_src_compiler_stage_09_core_cancellation_plan__CancellationParameterPlan
S5_SITE site=3632 count=176232 requested_bytes=4229568 type=blorp_src_compiler_stage_09_core_cancellation_plan__CancellationSummary
S5_SITE site=3633 count=20445 requested_bytes=654240 type=blorp_src_compiler_stage_09_core_cancellation_plan__CancellationFunctionSummary
S5_SITE site=3634 count=1619 requested_bytes=51808 type=blorp_src_compiler_stage_09_core_cancellation_plan__CancellationGlobalInitializerSummary
S5_SITE site=3635 count=1 requested_bytes=72 type=blorp_src_compiler_stage_09_core_cancellation_plan__CancellationProgramSummary
S5_SITE site=3636 count=21045 requested_bytes=673440 type=blorp_src_compiler_stage_09_core_cancellation_plan__CancellationParameterHandOff
S5_SITE site=3637 count=20445 requested_bytes=981360 type=blorp_src_compiler_stage_09_core_cancellation_plan__CancellationCallableFacts
S5_SITE site=3638 count=21829 requested_bytes=873160 type=blorp_src_compiler_stage_09_core_cancellation_plan__CancellationExprFacts
S5_SITE site=3639 count=21830 requested_bytes=698560 type=blorp_src_compiler_stage_09_core_cancellation_plan__CancellationIdentityIndex
S5_SITE site=3640 count=3050577 requested_bytes=97618464 type=blorp_src_compiler_stage_09_core_ownership__OwnershipCallContract
S5_SITE site=3641 count=20203 requested_bytes=808120 type=blorp_src_compiler_stage_10_backend_c_symbol_projection__CCallableSymbolCandidate
S5_SITE site=3642 count=20203 requested_bytes=969744 type=blorp_src_compiler_stage_10_backend_c_symbol_projection__CCallableSymbol
S5_SITE site=3643 count=1 requested_bytes=24 type=blorp_src_compiler_stage_10_backend_c_symbol_projection__CCallableSymbolPlan
S5_SITE site=3644 count=1 requested_bytes=24 type=blorp_src_compiler_stage_10_backend_c_symbol_projection__CEmissionCallablePlan
S5_SITE site=3645 count=1 requested_bytes=40 type=blorp_src_compiler_stage_10_backend_c_symbol_projection__CVariantSymbolTable
S5_SITE site=3646 count=1 requested_bytes=72 type=blorp_src_compiler_stage_10_backend_c_symbol_projection__CProgramSymbolInventory
S5_SITE site=3647 count=1 requested_bytes=104 type=blorp_src_compiler_stage_10_backend_c_symbol_projection__CEmissionSymbolPlanRep
S5_SITE site=3648 count=21830 requested_bytes=1047840 type=blorp_src_compiler_stage_10_backend_c_symbol_projection__CProjectionValidation
S5_SITE site=3649 count=8046 requested_bytes=321840 type=blorp_src_compiler_stage_10_backend_canonical_empty_list__CanonicalEmptyList
S5_SITE site=3650 count=1 requested_bytes=48 type=blorp_src_compiler_stage_10_backend_emit_record_layout__CRecordLayoutRegistry
S5_SITE site=3651 count=2672 requested_bytes=85504 type=blorp_src_compiler_stage_10_backend_emit_record_layout__CRecordMemberScope
S5_SITE site=3652 count=1 requested_bytes=40 type=blorp_src_compiler_stage_10_backend_emit_record_layout__CRecordDeclIndex
S5_SITE site=3653 count=6753 requested_bytes=270120 type=blorp_src_compiler_stage_10_backend_emit_record_layout__RecordMemberScan
S5_SITE site=3656 count=8 requested_bytes=256 type=blorp_src_compiler_stage_10_backend_prepared_backend_renderer__CustomCtorArgs
S5_SITE site=3658 count=1 requested_bytes=64 type=blorp_src_compiler_stage_10_backend_prepared_backend_renderer__StackOptionInlineRecordGetArgs
S5_SITE site=3659 count=20 requested_bytes=1120 type=blorp_src_compiler_stage_10_backend_prepared_backend_renderer__StackOptionScalarGetArgs
S5_SITE site=3660 count=1189 requested_bytes=57072 type=blorp_src_compiler_stage_10_backend_prepared_backend_renderer__DictInsertArgs
S5_SITE site=3661 count=4 requested_bytes=128 type=blorp_src_compiler_stage_10_backend_prepared_backend_renderer__DictIterSourceBindingArgs
S5_SITE site=3662 count=4 requested_bytes=128 type=blorp_src_compiler_stage_10_backend_prepared_backend_renderer__DictIterLoopOpenArgs
S5_SITE site=3664 count=4 requested_bytes=160 type=blorp_src_compiler_stage_10_backend_prepared_backend_renderer__DictIterSlotBindingArgs
S5_SITE site=3666 count=4 requested_bytes=160 type=blorp_src_compiler_stage_10_backend_prepared_backend_renderer__DictIterPairBindingArgs
S5_SITE site=3667 count=258 requested_bytes=12384 type=blorp_src_compiler_stage_10_backend_prepared_backend_renderer__DictConstructWithBodyArgs
S5_SITE site=3673 count=5 requested_bytes=160 type=blorp_src_compiler_stage_10_backend_prepared_backend_renderer__StringIterSourceBindingArgs
S5_SITE site=3674 count=5 requested_bytes=160 type=blorp_src_compiler_stage_10_backend_prepared_backend_renderer__StringIterLoopOpenArgs
S5_SITE site=3675 count=5 requested_bytes=200 type=blorp_src_compiler_stage_10_backend_prepared_backend_renderer__StringIterCodepointBindingArgs
S5_SITE site=3677 count=3495 requested_bytes=139800 type=blorp_src_compiler_stage_10_backend_prepared_backend_renderer__FlatIterSourceBindingArgs
S5_SITE site=3678 count=3495 requested_bytes=111840 type=blorp_src_compiler_stage_10_backend_prepared_backend_renderer__FlatIterLengthBindingArgs
S5_SITE site=3679 count=3495 requested_bytes=111840 type=blorp_src_compiler_stage_10_backend_prepared_backend_renderer__FlatIterLoopOpenArgs
S5_SITE site=3680 count=3495 requested_bytes=139800 type=blorp_src_compiler_stage_10_backend_prepared_backend_renderer__FlatIterLoopHeaderArgs
S5_SITE site=3683 count=6 requested_bytes=192 type=blorp_src_compiler_stage_10_backend_prepared_backend_renderer__ChannelWithElemReleaseArgs
S5_SITE site=3701 count=4183 requested_bytes=234248 type=blorp_src_compiler_stage_10_backend_prepared_backend_renderer__StackResultTaggedPayloadArgs
S5_SITE site=3713 count=1262 requested_bytes=50480 type=blorp_src_compiler_stage_10_backend_prepared_constructor_renderer__StackOptionValueArgs
S5_SITE site=3715 count=1303 requested_bytes=52120 type=blorp_src_compiler_stage_10_backend_prepared_constructor_renderer__StackOptionNoneArgs
S5_SITE site=3718 count=162 requested_bytes=9072 type=blorp_src_compiler_stage_10_backend_prepared_list_renderer__InlineStructLoadArgs
S5_SITE site=3719 count=189 requested_bytes=9072 type=blorp_src_compiler_stage_10_backend_prepared_list_renderer__InlineBitsLoadArgs
S5_SITE site=3721 count=153 requested_bytes=6120 type=blorp_src_compiler_stage_10_backend_prepared_list_renderer__PointerStoreArgs
S5_SITE site=3726 count=40 requested_bytes=1920 type=blorp_src_compiler_stage_10_backend_prepared_list_renderer__SourceSlotHandoffArgs
S5_SITE site=3727 count=256 requested_bytes=14336 type=blorp_src_compiler_stage_10_backend_prepared_list_renderer__CopySpanUninitArgs
S5_SITE site=3728 count=99 requested_bytes=3168 type=blorp_src_compiler_stage_10_backend_prepared_list_renderer__EnsureUniqueArgs
S5_SITE site=3729 count=4754 requested_bytes=190160 type=blorp_src_compiler_stage_10_backend_prepared_list_renderer__EnsureCapacityArgs
S5_SITE site=3732 count=362 requested_bytes=11584 type=blorp_src_compiler_stage_10_backend_prepared_list_renderer__ListAllocInlineArgs
S5_SITE site=3733 count=13 requested_bytes=416 type=blorp_src_compiler_stage_10_backend_prepared_list_renderer__ListAllocInlineStructArgs
S5_SITE site=3735 count=1 requested_bytes=40 type=blorp_src_compiler_stage_10_backend_prepared_list_renderer__ListAllocWithReleaseStatementsArgs
S5_SITE site=3740 count=197 requested_bytes=15760 type=blorp_src_compiler_stage_10_backend_prepared_list_renderer__ListHandoffOpenArgs
S5_SITE site=3741 count=196 requested_bytes=7840 type=blorp_src_compiler_stage_10_backend_prepared_list_renderer__ListHandoffBorrowSuffixArgs
S5_SITE site=3742 count=197 requested_bytes=22064 type=blorp_src_compiler_stage_10_backend_prepared_list_renderer__ListHandoffPrefixArgs
S5_SITE site=3743 count=1 requested_bytes=56 type=blorp_src_compiler_stage_10_backend_prepared_list_renderer__ListHandoffReuseSuffixArgs
S5_SITE site=3744 count=96 requested_bytes=6144 type=blorp_src_compiler_stage_10_backend_prepared_list_renderer__ListInlineStructUnboxOpenArgs
S5_SITE site=3747 count=17705 requested_bytes=566560 type=blorp_src_compiler_stage_10_backend_prepared_tensor_renderer__StorageCheckArgs
S5_SITE site=3773 count=18 requested_bytes=576 type=blorp_src_compiler_stage_10_backend_prepared_tuple_renderer__TupleConstructArgs
S5_SITE site=3774 count=23 requested_bytes=736 type=blorp_src_compiler_stage_10_backend_prepared_tuple_renderer__TupleRetainElemArgs
S5_SITE site=3775 count=2379 requested_bytes=133224 type=blorp_src_compiler_stage_10_backend_prepared_tuple_renderer__TupleConstructWithRcArgs
S5_SITE site=3776 count=244 requested_bytes=7808 type=blorp_src_compiler_stage_10_backend_prepared_tuple_renderer__TupleFieldElementArgs
S5_SITE site=3781 count=8815 requested_bytes=282080 type=blorp_src_compiler_stage_10_backend_static_string_literal_pool__BackendStaticStringLiteral
S5_SITE site=3782 count=4390 requested_bytes=210720 type=blorp_src_compiler_stage_10_backend_static_string_literal_pool__BackendStaticStringLiteralPool
S5_SITE site=3783 count=1 requested_bytes=32 type=blorp_src_compiler_stage_09_core_ssa__CoreSsaProgramRewrite
S5_SITE site=3784 count=1584 requested_bytes=50688 type=blorp_src_compiler_stage_09_core_ssa__CoreSsaSubstitution
S5_SITE site=3785 count=257 requested_bytes=8224 type=blorp_src_compiler_stage_09_core_ssa__CoreSsaFreshVar
S5_SITE site=3786 count=17370 requested_bytes=555840 type=blorp_src_compiler_stage_09_core_ssa__CoreSsaFunctionRewrite
S5_SITE site=3787 count=1042 requested_bytes=33344 type=blorp_src_compiler_stage_09_core_ssa__CoreSsaFunctionsRewrite
S5_SITE site=3788 count=21346 requested_bytes=683072 type=blorp_src_compiler_stage_09_core_ssa__CoreSsaDeclRewrite
S5_SITE site=3789 count=95487 requested_bytes=3819480 type=blorp_src_compiler_stage_09_core_mono_instance__CoreMonoInstanceKey
S5_SITE site=3790 count=5187 requested_bytes=165984 type=blorp_src_compiler_stage_09_core_mono_instance__CoreMonoInstance
S5_SITE site=3791 count=5187 requested_bytes=165984 type=blorp_src_compiler_stage_09_core_mono_instance__CoreMonoInstanceEntry
S5_SITE site=3792 count=3 requested_bytes=72 type=blorp_src_compiler_stage_09_core_mono_instance__CoreMonoInstanceIndex
S5_SITE site=3793 count=4564 requested_bytes=255584 type=blorp_src_compiler_stage_09_core_perceus_env__ConstructorCallContract
S5_SITE site=3794 count=3244 requested_bytes=103808 type=blorp_src_compiler_stage_09_core_perceus_env__PerceusGlobal
S5_SITE site=3795 count=39654 requested_bytes=2220624 type=blorp_src_compiler_stage_09_core_perceus_env__OwnershipCallableEntry
S5_SITE site=3796 count=10 requested_bytes=320 type=blorp_src_compiler_stage_09_core_perceus_env__OwnershipCallableIndex
S5_SITE site=3797 count=22 requested_bytes=704 type=blorp_src_compiler_stage_09_core_perceus_env__UserCallContractTable
S5_SITE site=3798 count=19859 requested_bytes=476616 type=blorp_src_compiler_stage_09_core_perceus_env__MatchShadowCatalog
S5_SITE site=3799 count=19859 requested_bytes=476616 type=blorp_src_compiler_stage_09_core_perceus_env__LetAliasSourceCatalog
S5_SITE site=3800 count=130711 requested_bytes=17776696 type=blorp_src_compiler_stage_09_core_perceus_env__PerceusEnv
S5_SITE site=3801 count=589767 requested_bytes=18872544 type=blorp_src_compiler_stage_09_core_perceus_mutable__MutableAssignmentRewrite
S5_SITE site=3802 count=104959 requested_bytes=3358688 type=blorp_src_compiler_stage_09_core_perceus_mutable__MutableExprListRewrite
S5_SITE site=3803 count=4513 requested_bytes=144416 type=blorp_src_compiler_stage_09_core_perceus_mutable__MutableRecordFieldsRewrite
S5_SITE site=3804 count=503 requested_bytes=20120 type=blorp_src_compiler_stage_09_core_perceus_mutable__MutableRecordCowFieldsRewrite
S5_SITE site=3805 count=2655 requested_bytes=84960 type=blorp_src_compiler_stage_09_core_perceus_mutable__MutableBoxedValuesRewrite
S5_SITE site=3806 count=565 requested_bytes=18080 type=blorp_src_compiler_stage_09_core_perceus_mutable__MutableDictEntriesRewrite
S5_SITE site=3807 count=30 requested_bytes=1200 type=blorp_src_compiler_stage_09_core_perceus_mutable__AssignmentAliasNormalizationContext
S5_SITE site=3809 count=30 requested_bytes=960 type=blorp_src_compiler_stage_09_core_perceus_mutable__MutableLiteralCasesRewrite
S5_SITE site=3810 count=19127 requested_bytes=612064 type=blorp_src_compiler_stage_09_core_perceus_mutable__MutableConstructorMatchBodyRewrite
S5_SITE site=3811 count=89 requested_bytes=2848 type=blorp_src_compiler_stage_09_core_perceus_mutable__MutableLiteralMatchFallbackRewrite
S5_SITE site=3812 count=59 requested_bytes=1888 type=blorp_src_compiler_stage_09_core_perceus_mutable__MutableConstructorLiteralMatchRewrite
S5_SITE site=3813 count=238 requested_bytes=7616 type=blorp_src_compiler_stage_09_core_perceus_mutable__MutableConstructorLengthBranchRewrite
S5_SITE site=3814 count=122 requested_bytes=3904 type=blorp_src_compiler_stage_09_core_perceus_mutable__MutableConstructorLengthMatchRewrite
S5_SITE site=3815 count=9160 requested_bytes=293120 type=blorp_src_compiler_stage_09_core_perceus_mutable__MutableConstructorMatchFallbackRewrite
S5_SITE site=3816 count=9160 requested_bytes=366400 type=blorp_src_compiler_stage_09_core_perceus_mutable__MutableConstructorMatchRewrite
S5_SITE site=3818 count=71997 requested_bytes=5759760 type=blorp_src_compiler_stage_09_core_perceus_results_and_loops__PerceusManagedLetPlan
S5_SITE site=3819 count=1176895 requested_bytes=28245480 type=blorp_src_compiler_stage_09_core_perceus_results_and_loops__PerceusResolvedValueIndex
S5_SITE site=3820 count=2386840 requested_bytes=95473600 type=blorp_src_compiler_stage_09_core_perceus_results_and_loops__PerceusInsertedExpr
S5_SITE site=3821 count=52212 requested_bytes=1670784 type=blorp_src_compiler_stage_09_core_perceus_results_and_loops__BorrowedLoopContext
S5_SITE site=3822 count=17870 requested_bytes=714800 type=blorp_src_compiler_stage_09_core_perceus_results_and_loops__SyntheticOwnershipBinding
S5_SITE site=3823 count=51027 requested_bytes=1632864 type=blorp_src_compiler_stage_09_core_perceus_results_and_loops__PreparedTemporaryCall
S5_SITE site=3824 count=104999 requested_bytes=3359968 type=blorp_src_compiler_stage_09_core_perceus_results_and_loops__PreparedBorrowedArgument
S5_SITE site=3825 count=235034 requested_bytes=7521088 type=blorp_src_compiler_stage_09_core_perceus_results_and_loops__MaterializedBorrowedTemporary
S5_SITE site=3826 count=5491253 requested_bytes=263580144 type=blorp_src_compiler_stage_09_core_perceus_uses__PerceusOwnershipSummaryFrame
S5_SITE site=3827 count=5523482 requested_bytes=220939280 type=blorp_src_compiler_stage_09_core_perceus_uses__OwnershipUseSummary
S5_SITE site=3828 count=56311 requested_bytes=1801952 type=blorp_src_compiler_stage_09_core_trait_dispatch__CoreTraitMethodIdentity
S5_SITE site=3829 count=578 requested_bytes=18496 type=blorp_src_compiler_stage_09_core_tuple_element_producers__TupleBinderMint
S5_SITE site=3830 count=578 requested_bytes=23120 type=blorp_src_compiler_stage_09_core_tuple_element_producers__TupleCoreBinding
S5_SITE site=3831 count=419 requested_bytes=16760 type=blorp_src_compiler_stage_09_core_tuple_element_producers__TupleElementSource
S5_SITE site=3837 count=1 requested_bytes=32 type=blorp_src_compiler_stage_09_core_tuple_element_producers__TupleProducerTables
S5_SITE site=3838 count=380 requested_bytes=12160 type=blorp_src_compiler_stage_09_core_operation_metadata__OperationErrorCaseSpec
S5_SITE site=3839 count=51 requested_bytes=2856 type=blorp_src_compiler_stage_09_core_operation_metadata__OperationErrorSpec
S5_SITE site=3840 count=18 requested_bytes=720 type=blorp_src_compiler_stage_09_core_operation_metadata__RuntimeUnionCaseSpec
S5_SITE site=3841 count=98 requested_bytes=5488 type=blorp_src_compiler_stage_09_core_operation_metadata__OperationSpec
S5_SITE site=3842 count=50 requested_bytes=2000 type=blorp_src_compiler_stage_09_core_operation_metadata__ResultPayloadTypes
S5_SITE site=3843 count=2 requested_bytes=64 type=blorp_src_compiler_stage_09_core_operation_metadata__FallibleTerminalSpec
S5_SITE site=3844 count=13 requested_bytes=520 type=blorp_src_compiler_stage_09_core_runtime_callbacks__CoreRuntimeCallbackTable
S5_SITE site=3845 count=8452 requested_bytes=405696 type=blorp_src_compiler_stage_09_core_runtime_callbacks__RuntimeCallbackEntry
S5_SITE site=3847 count=17732 requested_bytes=567424 type=blorp_src_compiler_stage_09_core_perceus_balance__FreshenedConstructorMatchBindingBody
S5_SITE site=3848 count=35978 requested_bytes=1151296 type=blorp_src_compiler_stage_09_core_perceus_borrowed__BorrowedOwnerOrigin
S5_SITE site=3849 count=35978 requested_bytes=1151296 type=blorp_src_compiler_stage_09_core_perceus_borrowed__BorrowedOwnerEntry
S5_SITE site=3850 count=18259 requested_bytes=730360 type=blorp_src_compiler_stage_09_core_perceus_borrowed__BorrowedOwnerCatalog
S5_SITE site=3851 count=18259 requested_bytes=584288 type=blorp_src_compiler_stage_09_core_perceus_borrowed__BorrowedFacts
S5_SITE site=3852 count=3496222 requested_bytes=83909328 type=blorp_src_compiler_stage_09_core_perceus_borrowed__BorrowedChildMode
S5_SITE site=3853 count=114 requested_bytes=3648 type=blorp_src_compiler_stage_09_core_perceus_borrowed__BorrowedCallMaterialization
S5_SITE site=3854 count=137687 requested_bytes=5507480 type=blorp_src_compiler_stage_09_core_perceus_borrowed__BorrowedNormalizationState
S5_SITE site=3855 count=23694 requested_bytes=947760 type=blorp_src_compiler_stage_09_core_perceus_borrowed__MatchBindingLifetimeContext
S5_SITE site=3856 count=19849 requested_bytes=635168 type=blorp_src_compiler_stage_09_core_perceus_shadow_catalog__PerceusBodyCatalogs
S5_SITE site=3858 count=7943 requested_bytes=444808 type=blorp_src_compiler_stage_09_core_perceus_short_circuit__OwnerAliasCensus
S5_SITE site=3859 count=23996 requested_bytes=767872 type=blorp_src_compiler_stage_09_core_perceus_short_circuit__ShortCircuitContext
S5_SITE site=3860 count=12308 requested_bytes=590784 type=blorp_src_compiler_stage_09_core_perceus_short_circuit__ShortCircuitOperandFrame
S5_SITE site=3864 count=477 requested_bytes=45792 type=blorp_src_compiler_new_stage_01_discovery_tables_rows__ModuleRow
S5_SITE site=3865 count=2 requested_bytes=64 type=blorp_src_compiler_new_stage_01_discovery_tables_rows__RootRow
S5_SITE site=3866 count=3 requested_bytes=96 type=blorp_src_compiler_new_stage_01_discovery_tables_rows__ImplicitRequestRow
S5_SITE site=3867 count=66699 requested_bytes=4268736 type=blorp_src_compiler_new_stage_01_discovery_tables_rows__DefinitionRow
S5_SITE site=3868 count=164 requested_bytes=5248 type=blorp_src_compiler_new_stage_01_discovery_tables_rows__PendingAnnotationRow
S5_SITE site=3869 count=163 requested_bytes=6520 type=blorp_src_compiler_new_stage_01_discovery_tables_rows__AnnotationRow
S5_SITE site=3870 count=935 requested_bytes=59840 type=blorp_src_compiler_new_stage_01_discovery_tables_rows__TypeParameterRow
S5_SITE site=3871 count=15908 requested_bytes=890848 type=blorp_src_compiler_new_stage_01_discovery_tables_rows__SignatureRow
S5_SITE site=3872 count=35924 requested_bytes=2586528 type=blorp_src_compiler_new_stage_01_discovery_tables_rows__ParameterRow
S5_SITE site=3873 count=974065 requested_bytes=54547640 type=blorp_src_compiler_new_stage_01_discovery_tables_rows__NodeRow
S5_SITE site=3876 count=1751 requested_bytes=70040 type=blorp_src_compiler_new_stage_01_discovery_lex_lexed_module__HoleScan
S5_SITE site=3877 count=2238 requested_bytes=71616 type=blorp_src_compiler_new_stage_01_discovery_lex_lexed_module__TextScan
S5_SITE site=3878 count=946 requested_bytes=22704 type=blorp_src_compiler_new_stage_01_discovery_lex_lexed_module__InterpolationScan
S5_SITE site=3879 count=476 requested_bytes=19040 type=blorp_src_compiler_new_stage_01_discovery_lex_lexed_module__LexedSource
S5_SITE site=3880 count=476 requested_bytes=30464 type=blorp_src_compiler_new_stage_01_discovery_lex_lexed_module__LexedModule
S5_SITE site=3881 count=2703 requested_bytes=151368 type=blorp_src_compiler_new_stage_01_discovery_lex_lexed_module__LexedRun
S5_SITE site=3882 count=10745 requested_bytes=343840 type=blorp_src_compiler_new_stage_01_discovery_lex_lexer__NumberScan
S5_SITE site=3883 count=932797 requested_bytes=29849504 type=blorp_src_compiler_new_stage_01_discovery_lex_lexer__SymbolMatch
S5_SITE site=3884 count=2227 requested_bytes=71264 type=blorp_src_compiler_new_stage_01_discovery_lex_lexer__KeywordIndex
S5_SITE site=3885 count=2227 requested_bytes=89080 type=blorp_src_compiler_new_stage_01_discovery_lex_lexer__LexRange
S5_SITE site=3886 count=2799 requested_bytes=89568 type=blorp_src_compiler_new_stage_01_discovery_sources_module_graph__PendingImport
S5_SITE site=3887 count=1 requested_bytes=32 type=blorp_src_compiler_new_stage_01_discovery_sources_module_graph__ImportQueue
S5_SITE site=3888 count=2228 requested_bytes=1158560 type=blorp_src_compiler_new_stage_01_discovery_tables_builder__DiscoveryBuilder
S5_SITE site=3889 count=476 requested_bytes=38080 type=blorp_src_compiler_new_stage_01_discovery_tables_builder__ModuleOpeningFields
S5_SITE site=3890 count=935 requested_bytes=44880 type=blorp_src_compiler_new_stage_01_discovery_tables_builder__WrittenTypeParameter
S5_SITE site=3891 count=946 requested_bytes=22704 type=blorp_src_compiler_new_stage_01_discovery_tables_builder__BridgedInterpolation
S5_SITE site=3892 count=1777880 requested_bytes=42669120 type=blorp_src_compiler_new_stage_01_discovery_tables_row_kinds__NodeSchema
S5_SITE site=3893 count=1 requested_bytes=416 type=blorp_src_compiler_new_stage_01_discovery_tables_discovery_tables__DiscoveryTables
S5_SITE site=3894 count=159206 requested_bytes=8915536 type=blorp_src_compiler_stage_07_ctfe_ir__CtfeIrDirectCall
S5_SITE site=3895 count=154088 requested_bytes=6163520 type=blorp_src_compiler_stage_07_ctfe_ir__CtfeNullaryConstructorReference
S5_SITE site=3896 count=322628 requested_bytes=10324096 type=blorp_src_compiler_stage_07_ctfe_ir__CtfeIrIdentifier
S5_SITE site=3897 count=157107 requested_bytes=6284280 type=blorp_src_compiler_stage_07_ctfe_ir__CtfeIrCall
S5_SITE site=3898 count=2413 requested_bytes=96520 type=blorp_src_compiler_stage_07_ctfe_ir__CtfeIrField
S5_SITE site=3899 count=212 requested_bytes=6784 type=blorp_src_compiler_stage_07_ctfe_ir__CtfeIrDictEntry
S5_SITE site=3900 count=158901 requested_bytes=5084832 type=blorp_src_compiler_stage_07_ctfe_ir__CtfeIrBlock
S5_SITE site=3901 count=1820 requested_bytes=58240 type=blorp_src_compiler_stage_07_ctfe_ir__CtfeIrFieldAccess
S5_SITE site=3903 count=156005 requested_bytes=4992160 type=blorp_src_compiler_stage_07_ctfe_ir__CtfeIrMatchCase
S5_SITE site=3904 count=655626 requested_bytes=26225040 type=blorp_src_compiler_stage_07_ctfe_ir__CtfeIrExpr
S5_SITE site=3905 count=12 requested_bytes=480 type=blorp_src_compiler_stage_07_ctfe_ir__CtfeIrTranslateError
S5_SITE site=3919 count=964 requested_bytes=30848 type=blorp_src_compiler_stage_09_core_collection_plan__CoreNonemptyCollectionPipelineStages
S5_SITE site=3920 count=964 requested_bytes=61696 type=blorp_src_compiler_stage_09_core_collection_plan__CoreCollectionPipelinePlan
S5_SITE site=3921 count=147418 requested_bytes=7076064 type=blorp_src_compiler_stage_09_core_collection_plan__CollectedCollectionPipeline
S5_SITE site=3922 count=2346 requested_bytes=75072 type=blorp_src_compiler_stage_09_core_collection_plan__CoreCollectionPipelineCall
S5_SITE site=3923 count=196 requested_bytes=7840 type=blorp_src_compiler_stage_09_core_collection_policy__CoreCollectionCollectPolicy
S5_SITE site=3924 count=192 requested_bytes=6144 type=blorp_src_compiler_stage_09_core_collection_policy__CoreCollectionSourceAccessPolicy
S5_SITE site=3925 count=1 requested_bytes=40 type=blorp_src_compiler_stage_09_core_collection_policy__CoreCollectionPipelineModel
S5_SITE site=3926 count=1 requested_bytes=32 type=blorp_src_compiler_stage_09_core_mono_data__CoreMonoDataSpecialization
S5_SITE site=3927 count=14551 requested_bytes=582040 type=blorp_src_compiler_stage_09_core_mono_data__CoreMonoDataRequest
S5_SITE site=3928 count=3529963 requested_bytes=112958816 type=blorp_src_compiler_stage_09_core_mono_data__CoreMonoDataTypeRewrite
S5_SITE site=3929 count=3723169 requested_bytes=119141408 type=blorp_src_compiler_stage_09_core_mono_data__CoreMonoDataTypeListRewrite
S5_SITE site=3930 count=58948 requested_bytes=2829504 type=blorp_src_compiler_stage_09_core_mono_data__CoreMonoDataRewriteContext
S5_SITE site=3931 count=356 requested_bytes=14240 type=blorp_src_compiler_stage_09_core_mono_data__CoreMonoDataMaterializationState
S5_SITE site=3932 count=711 requested_bytes=28440 type=blorp_src_compiler_stage_09_core_mono_data__CoreMonoDataOrderState
S5_SITE site=3933 count=1010 requested_bytes=48480 type=blorp_src_compiler_stage_09_core_mono_impl__CoreMonoImplRequest
S5_SITE site=3934 count=213 requested_bytes=8520 type=blorp_src_compiler_stage_09_core_mono_impl__CoreMonoImplMaterialization
S5_SITE site=3935 count=411 requested_bytes=16440 type=blorp_src_compiler_stage_09_core_mono_impl__CoreMonoImplMethodSelection
S5_SITE site=3936 count=3 requested_bytes=144 type=blorp_src_compiler_stage_09_core_mono_impl__CoreMonoImplSpecializationStep
S5_SITE site=3937 count=411 requested_bytes=13152 type=blorp_src_compiler_stage_09_core_mono_impl__CoreMonoMethodIdRewrite
S5_SITE site=3938 count=1 requested_bytes=64 type=blorp_src_compiler_stage_09_core_synth_context__CoreSynthContext
S5_SITE site=3939 count=433 requested_bytes=17320 type=blorp_src_compiler_stage_09_core_synth_hash_collections__CoreHashTypeLayoutFacts
S5_SITE site=3941 count=90647 requested_bytes=3625880 type=blorp_src_compiler_new_stage_01_discovery_syntax_spellings__InternedSpellings
S5_SITE site=3942 count=2884996 requested_bytes=115399840 type=blorp_src_compiler_new_stage_01_discovery_tables_token__Token
S5_SITE site=3943 count=1 requested_bytes=48 type=blorp_src_compiler_new_stage_01_discovery_lex_char_literals__UnicodeEscapeScan
S5_SITE site=3944 count=953 requested_bytes=38120 type=blorp_src_compiler_new_stage_01_discovery_lex_interpolation__InterpolationSegment
S5_SITE site=3945 count=3989 requested_bytes=223384 type=blorp_src_compiler_new_stage_01_discovery_lex_interpolation__ScannedPart
S5_SITE site=3946 count=2548 requested_bytes=163072 type=blorp_src_compiler_new_stage_01_discovery_lex_interpolation__PieceScan
S5_SITE site=3947 count=52 requested_bytes=1664 type=blorp_src_compiler_new_stage_01_discovery_lex_interpolation__EscapeDecode
S5_SITE site=3948 count=2227 requested_bytes=124712 type=blorp_src_compiler_new_stage_01_discovery_lex_layout__LayoutStacks
S5_SITE site=3949 count=433259 requested_bytes=20796432 type=blorp_src_compiler_new_stage_01_discovery_lex_layout__LineStartPlan
S5_SITE site=3951 count=6479 requested_bytes=310992 type=blorp_src_compiler_new_stage_01_discovery_lex_scan_support__LiteralScan
S5_SITE site=3952 count=37187 requested_bytes=1189984 type=blorp_src_compiler_new_stage_01_discovery_lex_string_literals__PipeLineScan
S5_SITE site=3953 count=46080 requested_bytes=3317760 type=blorp_src_compiler_new_stage_01_discovery_parse_declaration_header__DeclarationHeader
S5_SITE site=3954 count=33349 requested_bytes=6136216 type=blorp_src_compiler_new_stage_01_discovery_parse_definition_openings__OpeningFields
S5_SITE site=3955 count=23194 requested_bytes=742208 type=blorp_src_compiler_new_stage_01_discovery_parse_body_scope__BodyScope
S5_SITE site=3976 count=1 requested_bytes=32 type=blorp_src_compiler_new_stage_01_discovery_sources_source_provider__OverlaySourceProvider__mono_blorp_usrc_ucompiler_unew_ustage_u01_udiscovery_usources_usource_uprovider_u_uFileSystemSourceProvider
S5_SITE site=3978 count=938853 requested_bytes=30043296 type=blorp_src_compiler_stage_09_core_traverse__CoreMapState__mono_blorp_usrc_ucompiler_ustage_u09_ucore_utuple_uflatten_u_uTupleFlattenState_blorp_usrc_ucompiler_ustage_u09_ucore_uir_u_uCoreExpr
S5_SITE site=3979 count=1150 requested_bytes=46000 type=blorp_src_compiler_stage_09_core_tuple_flatten__PlacedCases__mono_blorp_usrc_ucompiler_ustage_u09_ucore_uir_u_uCoreSemanticConstructorMatchCase
S5_SITE site=3980 count=51 requested_bytes=2040 type=blorp_src_compiler_stage_09_core_tuple_flatten__PlacedCases__mono_blorp_usrc_ucompiler_ustage_u09_ucore_uir_u_uCoreSemanticLiteralMatchCase
S5_SITE site=3981 count=138 requested_bytes=5520 type=blorp_src_compiler_stage_09_core_tuple_flatten__PlacedCases__mono_blorp_usrc_ucompiler_ustage_u09_ucore_uir_u_uCoreSemanticLengthMatchCase
S5_SITE site=3982 count=138 requested_bytes=5520 type=blorp_src_compiler_stage_09_core_tuple_flatten__PlacedCases__mono_blorp_usrc_ucompiler_ustage_u09_ucore_uir_u_uCoreSemanticLengthMatchGeq
S5_SITE site=3983 count=920732 requested_bytes=29463424 type=blorp_src_compiler_stage_09_core_traverse__CoreMapState__mono_blorp_usrc_ucompiler_ustage_u09_ucore_uprepare_u_uRecordLiteralBinding_blorp_usrc_ucompiler_ustage_u09_ucore_uir_u_uCoreExpr
S5_SITE site=3984 count=18465 requested_bytes=590880 type=blorp_src_compiler_stage_09_core_traverse__CoreMapState__mono_blorp_usrc_ucompiler_ustage_u09_ucore_uprepare_u_uRecordLiteralBinding_blorp_usrc_ucompiler_ustage_u09_ucore_uir_u_uCoreFunction
S5_SITE site=3985 count=3409643 requested_bytes=109108576 type=blorp_src_compiler_stage_09_core_traverse__CoreMapState__mono_Int_blorp_usrc_ucompiler_ustage_u09_ucore_uir_u_uCoreExpr
S5_SITE site=3986 count=21192 requested_bytes=678144 type=blorp_src_compiler_stage_09_core_traverse__CoreMapState__mono_blorp_usrc_ucompiler_ustage_u09_ucore_umatch_ulowering_u_uCoreMatchCloneState_blorp_usrc_ucompiler_ustage_u09_ucore_uir_u_uCoreExpr
S5_SITE site=3987 count=695382 requested_bytes=22252224 type=blorp_src_compiler_stage_09_core_traverse__CoreMapState__mono_blorp_usrc_ucompiler_ustage_u09_ucore_ustd_uinline_u_uStdInlineRewriteState_blorp_usrc_ucompiler_ustage_u09_ucore_uir_u_uCoreExpr
S5_SITE site=3988 count=2096143 requested_bytes=67076576 type=blorp_src_compiler_stage_09_core_traverse__CoreMapState__mono_blorp_usrc_ucompiler_ustage_u09_ucore_ustring_upipeline_u_uStringFusionState_blorp_usrc_ucompiler_ustage_u09_ucore_uir_u_uCoreExpr
S5_SITE site=3989 count=717799 requested_bytes=34454352 type=blorp_src_compiler_stage_09_core_traverse__CoreMapState__mono_data_2_204_G6_Result2_109_G4_Dict2_3_Int92_G4_List1_80_blorp_usrc_ucompiler_ustage_u09_ucore_umono_uimpl_u_uCoreMonoImplMethodSelection77_blorp_usrc_ucompiler_ustage_u09_ucore_umono_uspecialize_u_uCoreMonoDiagnostic53_blorp_usrc_ucompiler_ustage_u09_ucore_uir_u_uCoreExpr
S5_SITE site=3990 count=22898 requested_bytes=1099104 type=blorp_src_compiler_stage_09_core_traverse__CoreMapState__mono_data_2_204_G6_Result2_109_G4_Dict2_3_Int92_G4_List1_80_blorp_usrc_ucompiler_ustage_u09_ucore_umono_uimpl_u_uCoreMonoImplMethodSelection77_blorp_usrc_ucompiler_ustage_u09_ucore_umono_uspecialize_u_uCoreMonoDiagnostic57_blorp_usrc_ucompiler_ustage_u09_ucore_uir_u_uCoreFunction
S5_SITE site=3993 count=190615 requested_bytes=6099680 type=blorp_src_compiler_stage_09_core_traverse__CoreMapState__mono_data_2_74_blorp_usrc_ucompiler_ustage_u09_ucore_utuple_uflatten_u_uTupleFlattenState79_G6_Option1_65_G4_List1_53_blorp_usrc_ucompiler_ustage_u09_ucore_uir_u_uCoreExpr
S5_SITE site=3995 count=6859 requested_bytes=219488 type=blorp_src_compiler_stage_09_core_traverse__CoreMapState__mono_data_2_74_blorp_usrc_ucompiler_ustage_u09_ucore_utuple_uflatten_u_uTupleFlattenState92_G6_Option1_78_G4_List1_66_blorp_usrc_ucompiler_ustage_u09_ucore_uir_u_uCoreBoxedStorageValue
S5_SITE site=3996 count=429 requested_bytes=13728 type=blorp_src_compiler_stage_09_core_traverse__CoreMapState__mono_data_2_74_blorp_usrc_ucompiler_ustage_u09_ucore_utuple_uflatten_u_uTupleFlattenState91_G6_Option1_77_G4_List1_65_blorp_usrc_ucompiler_ustage_u09_ucore_uir_u_uCoreDictLiteralEntry
S5_SITE site=3997 count=8 requested_bytes=256 type=blorp_src_compiler_stage_09_core_traverse__CoreMapState__mono_data_2_74_blorp_usrc_ucompiler_ustage_u09_ucore_utuple_uflatten_u_uTupleFlattenState84_G6_Option1_70_G4_List1_58_blorp_usrc_ucompiler_ustage_u09_ucore_uir_u_uCoreDictEntry
S5_SITE site=3998 count=9911 requested_bytes=317152 type=blorp_src_compiler_stage_09_core_traverse__CoreMapState__mono_data_2_74_blorp_usrc_ucompiler_ustage_u09_ucore_utuple_uflatten_u_uTupleFlattenState91_G6_Option1_77_G4_List1_65_blorp_usrc_ucompiler_ustage_u09_ucore_uir_u_uCoreRecordFieldValue
S5_SITE site=4001 count=8364 requested_bytes=267648 type=blorp_src_compiler_stage_09_core_traverse__CoreMapState__mono_data_2_74_blorp_usrc_ucompiler_ustage_u09_ucore_utuple_uflatten_u_uTupleFlattenState80_G6_Option1_66_blorp_usrc_ucompiler_ustage_u09_ucore_uir_u_uCoreBoxedStorageValue
S5_SITE site=4005 count=1 requested_bytes=32 type=blorp_src_compiler_stage_09_core_traverse__CoreMapState__mono_data_2_74_blorp_usrc_ucompiler_ustage_u09_ucore_utuple_uflatten_u_uTupleFlattenState67_G6_Option1_53_blorp_usrc_ucompiler_ustage_u09_ucore_uir_u_uCoreExpr
S5_SITE site=4007 count=95459 requested_bytes=3054688 type=blorp_src_compiler_stage_09_core_traverse__CoreMapState__mono_data_2_74_blorp_usrc_ucompiler_ustage_u09_ucore_utuple_uflatten_u_uTupleFlattenState80_G6_Option1_66_blorp_usrc_ucompiler_ustage_u09_ucore_uir_u_uCoreSemanticMatchTree
S5_SITE site=4014 count=169027 requested_bytes=5408864 type=blorp_src_compiler_stage_09_core_traverse__CoreMapState__mono_data_2_70_blorp_usrc_ucompiler_ustage_u09_ucore_uprepare_u_uRecordLiteralBinding79_G6_Option1_65_G4_List1_53_blorp_usrc_ucompiler_ustage_u09_ucore_uir_u_uCoreExpr
S5_SITE site=4016 count=6931 requested_bytes=221792 type=blorp_src_compiler_stage_09_core_traverse__CoreMapState__mono_data_2_70_blorp_usrc_ucompiler_ustage_u09_ucore_uprepare_u_uRecordLiteralBinding92_G6_Option1_78_G4_List1_66_blorp_usrc_ucompiler_ustage_u09_ucore_uir_u_uCoreBoxedStorageValue
S5_SITE site=4017 count=435 requested_bytes=13920 type=blorp_src_compiler_stage_09_core_traverse__CoreMapState__mono_data_2_70_blorp_usrc_ucompiler_ustage_u09_ucore_uprepare_u_uRecordLiteralBinding91_G6_Option1_77_G4_List1_65_blorp_usrc_ucompiler_ustage_u09_ucore_uir_u_uCoreDictLiteralEntry
S5_SITE site=4018 count=8 requested_bytes=256 type=blorp_src_compiler_stage_09_core_traverse__CoreMapState__mono_data_2_70_blorp_usrc_ucompiler_ustage_u09_ucore_uprepare_u_uRecordLiteralBinding84_G6_Option1_70_G4_List1_58_blorp_usrc_ucompiler_ustage_u09_ucore_uir_u_uCoreDictEntry
S5_SITE site=4019 count=9726 requested_bytes=311232 type=blorp_src_compiler_stage_09_core_traverse__CoreMapState__mono_data_2_70_blorp_usrc_ucompiler_ustage_u09_ucore_uprepare_u_uRecordLiteralBinding91_G6_Option1_77_G4_List1_65_blorp_usrc_ucompiler_ustage_u09_ucore_uir_u_uCoreRecordFieldValue
S5_SITE site=4020 count=587 requested_bytes=18784 type=blorp_src_compiler_stage_09_core_traverse__CoreMapState__mono_data_2_70_blorp_usrc_ucompiler_ustage_u09_ucore_uprepare_u_uRecordLiteralBinding89_G6_Option1_75_G4_List1_63_blorp_usrc_ucompiler_ustage_u09_ucore_uir_u_uCoreRecordCowField
S5_SITE site=4022 count=21146 requested_bytes=676672 type=blorp_src_compiler_stage_09_core_traverse__CoreMapState__mono_data_2_70_blorp_usrc_ucompiler_ustage_u09_ucore_uprepare_u_uRecordLiteralBinding80_G6_Option1_66_blorp_usrc_ucompiler_ustage_u09_ucore_uir_u_uCoreBoxedStorageValue
S5_SITE site=4026 count=1 requested_bytes=32 type=blorp_src_compiler_stage_09_core_traverse__CoreMapState__mono_data_2_70_blorp_usrc_ucompiler_ustage_u09_ucore_uprepare_u_uRecordLiteralBinding67_G6_Option1_53_blorp_usrc_ucompiler_ustage_u09_ucore_uir_u_uCoreExpr
S5_SITE site=4029 count=2328 requested_bytes=74496 type=blorp_src_compiler_stage_09_core_traverse__CoreMapState__mono_data_2_70_blorp_usrc_ucompiler_ustage_u09_ucore_uprepare_u_uRecordLiteralBinding91_G6_Option1_77_G4_List1_65_blorp_usrc_ucompiler_ustage_u09_ucore_uir_u_uCoreLiteralMatchCase
S5_SITE site=4030 count=2208 requested_bytes=70656 type=blorp_src_compiler_stage_09_core_traverse__CoreMapState__mono_data_2_70_blorp_usrc_ucompiler_ustage_u09_ucore_uprepare_u_uRecordLiteralBinding86_G6_Option1_72_blorp_usrc_ucompiler_ustage_u09_ucore_uir_u_uCoreConstructorLiteralMatch
S5_SITE site=4031 count=5053 requested_bytes=161696 type=blorp_src_compiler_stage_09_core_traverse__CoreMapState__mono_data_2_70_blorp_usrc_ucompiler_ustage_u09_ucore_uprepare_u_uRecordLiteralBinding85_G6_Option1_71_blorp_usrc_ucompiler_ustage_u09_ucore_uir_u_uCoreConstructorLengthMatch
S5_SITE site=4032 count=20969 requested_bytes=671008 type=blorp_src_compiler_stage_09_core_traverse__CoreMapState__mono_data_2_70_blorp_usrc_ucompiler_ustage_u09_ucore_uprepare_u_uRecordLiteralBinding95_G6_Option1_81_G4_List1_69_blorp_usrc_ucompiler_ustage_u09_ucore_uir_u_uCoreConstructorMatchCase
S5_SITE site=4033 count=2328 requested_bytes=74496 type=blorp_src_compiler_stage_09_core_traverse__CoreMapState__mono_data_2_70_blorp_usrc_ucompiler_ustage_u09_ucore_uprepare_u_uRecordLiteralBinding83_G6_Option1_69_blorp_usrc_ucompiler_ustage_u09_ucore_uir_u_uCoreLiteralMatchFallback
S5_SITE site=4034 count=20969 requested_bytes=671008 type=blorp_src_compiler_stage_09_core_traverse__CoreMapState__mono_data_2_70_blorp_usrc_ucompiler_ustage_u09_ucore_uprepare_u_uRecordLiteralBinding87_G6_Option1_73_blorp_usrc_ucompiler_ustage_u09_ucore_uir_u_uCoreConstructorMatchFallback
S5_SITE site=4035 count=479192 requested_bytes=15334144 type=blorp_src_compiler_stage_09_core_traverse__CoreMapState__mono_data_2_3_Int79_G6_Option1_65_G4_List1_53_blorp_usrc_ucompiler_ustage_u09_ucore_uir_u_uCoreExpr
S5_SITE site=4037 count=21327 requested_bytes=682464 type=blorp_src_compiler_stage_09_core_traverse__CoreMapState__mono_data_2_3_Int92_G6_Option1_78_G4_List1_66_blorp_usrc_ucompiler_ustage_u09_ucore_uir_u_uCoreBoxedStorageValue
S5_SITE site=4038 count=1353 requested_bytes=43296 type=blorp_src_compiler_stage_09_core_traverse__CoreMapState__mono_data_2_3_Int91_G6_Option1_77_G4_List1_65_blorp_usrc_ucompiler_ustage_u09_ucore_uir_u_uCoreDictLiteralEntry
S5_SITE site=4040 count=28437 requested_bytes=909984 type=blorp_src_compiler_stage_09_core_traverse__CoreMapState__mono_data_2_3_Int91_G6_Option1_77_G4_List1_65_blorp_usrc_ucompiler_ustage_u09_ucore_uir_u_uCoreRecordFieldValue
S5_SITE site=4043 count=28146 requested_bytes=900672 type=blorp_src_compiler_stage_09_core_traverse__CoreMapState__mono_data_2_3_Int80_G6_Option1_66_blorp_usrc_ucompiler_ustage_u09_ucore_uir_u_uCoreBoxedStorageValue
S5_SITE site=4047 count=2 requested_bytes=64 type=blorp_src_compiler_stage_09_core_traverse__CoreMapState__mono_data_2_3_Int67_G6_Option1_53_blorp_usrc_ucompiler_ustage_u09_ucore_uir_u_uCoreExpr
S5_SITE site=4048 count=39910 requested_bytes=1277120 type=blorp_src_compiler_stage_09_core_traverse__CoreMapState__mono_data_2_3_Int87_G6_Option1_73_G4_List1_61_blorp_usrc_ucompiler_ustage_u09_ucore_uir_u_uCoreRawMatchCase
S5_SITE site=4049 count=99004 requested_bytes=3168128 type=blorp_src_compiler_stage_09_core_traverse__CoreMapState__mono_data_2_3_Int80_G6_Option1_66_blorp_usrc_ucompiler_ustage_u09_ucore_uir_u_uCoreSemanticMatchTree
S5_SITE site=4056 count=3893 requested_bytes=124576 type=blorp_src_compiler_stage_09_core_traverse__CoreMapState__mono_data_2_77_blorp_usrc_ucompiler_ustage_u09_ucore_umatch_ulowering_u_uCoreMatchCloneState79_G6_Option1_65_G4_List1_53_blorp_usrc_ucompiler_ustage_u09_ucore_uir_u_uCoreExpr
S5_SITE site=4058 count=27 requested_bytes=864 type=blorp_src_compiler_stage_09_core_traverse__CoreMapState__mono_data_2_77_blorp_usrc_ucompiler_ustage_u09_ucore_umatch_ulowering_u_uCoreMatchCloneState92_G6_Option1_78_G4_List1_66_blorp_usrc_ucompiler_ustage_u09_ucore_uir_u_uCoreBoxedStorageValue
S5_SITE site=4059 count=3 requested_bytes=96 type=blorp_src_compiler_stage_09_core_traverse__CoreMapState__mono_data_2_77_blorp_usrc_ucompiler_ustage_u09_ucore_umatch_ulowering_u_uCoreMatchCloneState91_G6_Option1_77_G4_List1_65_blorp_usrc_ucompiler_ustage_u09_ucore_uir_u_uCoreDictLiteralEntry
S5_SITE site=4061 count=51 requested_bytes=1632 type=blorp_src_compiler_stage_09_core_traverse__CoreMapState__mono_data_2_77_blorp_usrc_ucompiler_ustage_u09_ucore_umatch_ulowering_u_uCoreMatchCloneState91_G6_Option1_77_G4_List1_65_blorp_usrc_ucompiler_ustage_u09_ucore_uir_u_uCoreRecordFieldValue
S5_SITE site=4064 count=23 requested_bytes=736 type=blorp_src_compiler_stage_09_core_traverse__CoreMapState__mono_data_2_77_blorp_usrc_ucompiler_ustage_u09_ucore_umatch_ulowering_u_uCoreMatchCloneState80_G6_Option1_66_blorp_usrc_ucompiler_ustage_u09_ucore_uir_u_uCoreBoxedStorageValue
S5_SITE site=4070 count=110 requested_bytes=3520 type=blorp_src_compiler_stage_09_core_traverse__CoreMapState__mono_data_2_77_blorp_usrc_ucompiler_ustage_u09_ucore_umatch_ulowering_u_uCoreMatchCloneState80_G6_Option1_66_blorp_usrc_ucompiler_ustage_u09_ucore_uir_u_uCoreSemanticMatchTree
S5_SITE site=4077 count=143890 requested_bytes=4604480 type=blorp_src_compiler_stage_09_core_traverse__CoreMapState__mono_data_2_75_blorp_usrc_ucompiler_ustage_u09_ucore_ustd_uinline_u_uStdInlineRewriteState79_G6_Option1_65_G4_List1_53_blorp_usrc_ucompiler_ustage_u09_ucore_uir_u_uCoreExpr
S5_SITE site=4079 count=6658 requested_bytes=213056 type=blorp_src_compiler_stage_09_core_traverse__CoreMapState__mono_data_2_75_blorp_usrc_ucompiler_ustage_u09_ucore_ustd_uinline_u_uStdInlineRewriteState92_G6_Option1_78_G4_List1_66_blorp_usrc_ucompiler_ustage_u09_ucore_uir_u_uCoreBoxedStorageValue
S5_SITE site=4080 count=402 requested_bytes=12864 type=blorp_src_compiler_stage_09_core_traverse__CoreMapState__mono_data_2_75_blorp_usrc_ucompiler_ustage_u09_ucore_ustd_uinline_u_uStdInlineRewriteState91_G6_Option1_77_G4_List1_65_blorp_usrc_ucompiler_ustage_u09_ucore_uir_u_uCoreDictLiteralEntry
S5_SITE site=4082 count=9769 requested_bytes=312608 type=blorp_src_compiler_stage_09_core_traverse__CoreMapState__mono_data_2_75_blorp_usrc_ucompiler_ustage_u09_ucore_ustd_uinline_u_uStdInlineRewriteState91_G6_Option1_77_G4_List1_65_blorp_usrc_ucompiler_ustage_u09_ucore_uir_u_uCoreRecordFieldValue
S5_SITE site=4085 count=5909 requested_bytes=189088 type=blorp_src_compiler_stage_09_core_traverse__CoreMapState__mono_data_2_75_blorp_usrc_ucompiler_ustage_u09_ucore_ustd_uinline_u_uStdInlineRewriteState80_G6_Option1_66_blorp_usrc_ucompiler_ustage_u09_ucore_uir_u_uCoreBoxedStorageValue
S5_SITE site=4091 count=95882 requested_bytes=3068224 type=blorp_src_compiler_stage_09_core_traverse__CoreMapState__mono_data_2_75_blorp_usrc_ucompiler_ustage_u09_ucore_ustd_uinline_u_uStdInlineRewriteState80_G6_Option1_66_blorp_usrc_ucompiler_ustage_u09_ucore_uir_u_uCoreSemanticMatchTree
S5_SITE site=4098 count=188568 requested_bytes=6034176 type=blorp_src_compiler_stage_09_core_traverse__CoreMapState__mono_data_2_76_blorp_usrc_ucompiler_ustage_u09_ucore_ustring_upipeline_u_uStringFusionState79_G6_Option1_65_G4_List1_53_blorp_usrc_ucompiler_ustage_u09_ucore_uir_u_uCoreExpr
S5_SITE site=4100 count=6861 requested_bytes=219552 type=blorp_src_compiler_stage_09_core_traverse__CoreMapState__mono_data_2_76_blorp_usrc_ucompiler_ustage_u09_ucore_ustring_upipeline_u_uStringFusionState92_G6_Option1_78_G4_List1_66_blorp_usrc_ucompiler_ustage_u09_ucore_uir_u_uCoreBoxedStorageValue
S5_SITE site=4101 count=437 requested_bytes=13984 type=blorp_src_compiler_stage_09_core_traverse__CoreMapState__mono_data_2_76_blorp_usrc_ucompiler_ustage_u09_ucore_ustring_upipeline_u_uStringFusionState91_G6_Option1_77_G4_List1_65_blorp_usrc_ucompiler_ustage_u09_ucore_uir_u_uCoreDictLiteralEntry
S5_SITE site=4103 count=9911 requested_bytes=317152 type=blorp_src_compiler_stage_09_core_traverse__CoreMapState__mono_data_2_76_blorp_usrc_ucompiler_ustage_u09_ucore_ustring_upipeline_u_uStringFusionState91_G6_Option1_77_G4_List1_65_blorp_usrc_ucompiler_ustage_u09_ucore_uir_u_uCoreRecordFieldValue
S5_SITE site=4106 count=8152 requested_bytes=260864 type=blorp_src_compiler_stage_09_core_traverse__CoreMapState__mono_data_2_76_blorp_usrc_ucompiler_ustage_u09_ucore_ustring_upipeline_u_uStringFusionState80_G6_Option1_66_blorp_usrc_ucompiler_ustage_u09_ucore_uir_u_uCoreBoxedStorageValue
S5_SITE site=4110 count=1 requested_bytes=32 type=blorp_src_compiler_stage_09_core_traverse__CoreMapState__mono_data_2_76_blorp_usrc_ucompiler_ustage_u09_ucore_ustring_upipeline_u_uStringFusionState67_G6_Option1_53_blorp_usrc_ucompiler_ustage_u09_ucore_uir_u_uCoreExpr
S5_SITE site=4112 count=99022 requested_bytes=3168704 type=blorp_src_compiler_stage_09_core_traverse__CoreMapState__mono_data_2_76_blorp_usrc_ucompiler_ustage_u09_ucore_ustring_upipeline_u_uStringFusionState80_G6_Option1_66_blorp_usrc_ucompiler_ustage_u09_ucore_uir_u_uCoreSemanticMatchTree
S5_SITE site=4119 count=145600 requested_bytes=6988800 type=blorp_src_compiler_stage_09_core_traverse__CoreMapState__mono_data_2_204_G6_Result2_109_G4_Dict2_3_Int92_G4_List1_80_blorp_usrc_ucompiler_ustage_u09_ucore_umono_uimpl_u_uCoreMonoImplMethodSelection77_blorp_usrc_ucompiler_ustage_u09_ucore_umono_uspecialize_u_uCoreMonoDiagnostic79_G6_Option1_65_G4_List1_53_blorp_usrc_ucompiler_ustage_u09_ucore_uir_u_uCoreExpr
S5_SITE site=4121 count=7557 requested_bytes=362736 type=blorp_src_compiler_stage_09_core_traverse__CoreMapState__mono_data_2_204_G6_Result2_109_G4_Dict2_3_Int92_G4_List1_80_blorp_usrc_ucompiler_ustage_u09_ucore_umono_uimpl_u_uCoreMonoImplMethodSelection77_blorp_usrc_ucompiler_ustage_u09_ucore_umono_uspecialize_u_uCoreMonoDiagnostic92_G6_Option1_78_G4_List1_66_blorp_usrc_ucompiler_ustage_u09_ucore_uir_u_uCoreBoxedStorageValue
S5_SITE site=4122 count=459 requested_bytes=22032 type=blorp_src_compiler_stage_09_core_traverse__CoreMapState__mono_data_2_204_G6_Result2_109_G4_Dict2_3_Int92_G4_List1_80_blorp_usrc_ucompiler_ustage_u09_ucore_umono_uimpl_u_uCoreMonoImplMethodSelection77_blorp_usrc_ucompiler_ustage_u09_ucore_umono_uspecialize_u_uCoreMonoDiagnostic91_G6_Option1_77_G4_List1_65_blorp_usrc_ucompiler_ustage_u09_ucore_uir_u_uCoreDictLiteralEntry
S5_SITE site=4124 count=10763 requested_bytes=516624 type=blorp_src_compiler_stage_09_core_traverse__CoreMapState__mono_data_2_204_G6_Result2_109_G4_Dict2_3_Int92_G4_List1_80_blorp_usrc_ucompiler_ustage_u09_ucore_umono_uimpl_u_uCoreMonoImplMethodSelection77_blorp_usrc_ucompiler_ustage_u09_ucore_umono_uspecialize_u_uCoreMonoDiagnostic91_G6_Option1_77_G4_List1_65_blorp_usrc_ucompiler_ustage_u09_ucore_uir_u_uCoreRecordFieldValue
S5_SITE site=4127 count=9992 requested_bytes=479616 type=blorp_src_compiler_stage_09_core_traverse__CoreMapState__mono_data_2_204_G6_Result2_109_G4_Dict2_3_Int92_G4_List1_80_blorp_usrc_ucompiler_ustage_u09_ucore_umono_uimpl_u_uCoreMonoImplMethodSelection77_blorp_usrc_ucompiler_ustage_u09_ucore_umono_uspecialize_u_uCoreMonoDiagnostic80_G6_Option1_66_blorp_usrc_ucompiler_ustage_u09_ucore_uir_u_uCoreBoxedStorageValue
S5_SITE site=4132 count=23127 requested_bytes=1110096 type=blorp_src_compiler_stage_09_core_traverse__CoreMapState__mono_data_2_204_G6_Result2_109_G4_Dict2_3_Int92_G4_List1_80_blorp_usrc_ucompiler_ustage_u09_ucore_umono_uimpl_u_uCoreMonoImplMethodSelection77_blorp_usrc_ucompiler_ustage_u09_ucore_umono_uspecialize_u_uCoreMonoDiagnostic87_G6_Option1_73_G4_List1_61_blorp_usrc_ucompiler_ustage_u09_ucore_uir_u_uCoreRawMatchCase
S5_SITE site=4141 count=1083 requested_bytes=34656 type=blorp_src_compiler_stage_09_core_traverse__CoreMapState__mono_data_2_74_blorp_usrc_ucompiler_ustage_u09_ucore_utuple_uflatten_u_uTupleFlattenState79_G6_Option1_65_blorp_usrc_ucompiler_ustage_u09_ucore_uir_u_uCoreDictLiteralEntry
S5_SITE site=4142 count=106 requested_bytes=3392 type=blorp_src_compiler_stage_09_core_traverse__CoreMapState__mono_data_2_74_blorp_usrc_ucompiler_ustage_u09_ucore_utuple_uflatten_u_uTupleFlattenState72_G6_Option1_58_blorp_usrc_ucompiler_ustage_u09_ucore_uir_u_uCoreDictEntry
S5_SITE site=4147 count=20027 requested_bytes=640864 type=blorp_src_compiler_stage_09_core_traverse__CoreMapState__mono_data_2_74_blorp_usrc_ucompiler_ustage_u09_ucore_utuple_uflatten_u_uTupleFlattenState103_G6_Option1_89_G4_List1_77_blorp_usrc_ucompiler_ustage_u09_ucore_uir_u_uCoreSemanticConstructorMatchCase
S5_SITE site=4148 count=2275 requested_bytes=72800 type=blorp_src_compiler_stage_09_core_traverse__CoreMapState__mono_data_2_74_blorp_usrc_ucompiler_ustage_u09_ucore_utuple_uflatten_u_uTupleFlattenState99_G6_Option1_85_G4_List1_73_blorp_usrc_ucompiler_ustage_u09_ucore_uir_u_uCoreSemanticLiteralMatchCase
S5_SITE site=4149 count=4915 requested_bytes=157280 type=blorp_src_compiler_stage_09_core_traverse__CoreMapState__mono_data_2_74_blorp_usrc_ucompiler_ustage_u09_ucore_utuple_uflatten_u_uTupleFlattenState98_G6_Option1_84_G4_List1_72_blorp_usrc_ucompiler_ustage_u09_ucore_uir_u_uCoreSemanticLengthMatchCase
S5_SITE site=4150 count=4915 requested_bytes=157280 type=blorp_src_compiler_stage_09_core_traverse__CoreMapState__mono_data_2_74_blorp_usrc_ucompiler_ustage_u09_ucore_utuple_uflatten_u_uTupleFlattenState85_G6_Option1_71_blorp_usrc_ucompiler_ustage_u09_ucore_uir_u_uCoreSemanticLengthMatchGeq
S5_SITE site=4157 count=1083 requested_bytes=34656 type=blorp_src_compiler_stage_09_core_traverse__CoreMapState__mono_data_2_70_blorp_usrc_ucompiler_ustage_u09_ucore_uprepare_u_uRecordLiteralBinding79_G6_Option1_65_blorp_usrc_ucompiler_ustage_u09_ucore_uir_u_uCoreDictLiteralEntry
S5_SITE site=4158 count=106 requested_bytes=3392 type=blorp_src_compiler_stage_09_core_traverse__CoreMapState__mono_data_2_70_blorp_usrc_ucompiler_ustage_u09_ucore_uprepare_u_uRecordLiteralBinding72_G6_Option1_58_blorp_usrc_ucompiler_ustage_u09_ucore_uir_u_uCoreDictEntry
S5_SITE site=4159 count=8322 requested_bytes=266304 type=blorp_src_compiler_stage_09_core_traverse__CoreMapState__mono_data_2_70_blorp_usrc_ucompiler_ustage_u09_ucore_uprepare_u_uRecordLiteralBinding77_G6_Option1_63_blorp_usrc_ucompiler_ustage_u09_ucore_uir_u_uCoreRecordCowField
S5_SITE site=4167 count=3755 requested_bytes=120160 type=blorp_src_compiler_stage_09_core_traverse__CoreMapState__mono_data_2_70_blorp_usrc_ucompiler_ustage_u09_ucore_uprepare_u_uRecordLiteralBinding79_G6_Option1_65_blorp_usrc_ucompiler_ustage_u09_ucore_uir_u_uCoreLiteralMatchCase
S5_SITE site=4168 count=5053 requested_bytes=161696 type=blorp_src_compiler_stage_09_core_traverse__CoreMapState__mono_data_2_70_blorp_usrc_ucompiler_ustage_u09_ucore_uprepare_u_uRecordLiteralBinding101_G6_Option1_87_G4_List1_75_blorp_usrc_ucompiler_ustage_u09_ucore_uir_u_uCoreConstructorLengthMatchCase
S5_SITE site=4169 count=5053 requested_bytes=161696 type=blorp_src_compiler_stage_09_core_traverse__CoreMapState__mono_data_2_70_blorp_usrc_ucompiler_ustage_u09_ucore_uprepare_u_uRecordLiteralBinding88_G6_Option1_74_blorp_usrc_ucompiler_ustage_u09_ucore_uir_u_uCoreConstructorLengthMatchGeq
S5_SITE site=4170 count=12940 requested_bytes=414080 type=blorp_src_compiler_stage_09_core_traverse__CoreMapState__mono_data_2_70_blorp_usrc_ucompiler_ustage_u09_ucore_uprepare_u_uRecordLiteralBinding91_G6_Option1_77_blorp_usrc_ucompiler_ustage_u09_ucore_uir_u_uCoreConstructorLengthMatchBranch
S5_SITE site=4171 count=60154 requested_bytes=1924928 type=blorp_src_compiler_stage_09_core_traverse__CoreMapState__mono_data_2_70_blorp_usrc_ucompiler_ustage_u09_ucore_uprepare_u_uRecordLiteralBinding83_G6_Option1_69_blorp_usrc_ucompiler_ustage_u09_ucore_uir_u_uCoreConstructorMatchCase
S5_SITE site=4173 count=3567 requested_bytes=114144 type=blorp_src_compiler_stage_09_core_traverse__CoreMapState__mono_data_2_3_Int79_G6_Option1_65_blorp_usrc_ucompiler_ustage_u09_ucore_uir_u_uCoreDictLiteralEntry
S5_SITE site=4179 count=21200 requested_bytes=678400 type=blorp_src_compiler_stage_09_core_traverse__CoreMapState__mono_data_2_3_Int103_G6_Option1_89_G4_List1_77_blorp_usrc_ucompiler_ustage_u09_ucore_uir_u_uCoreSemanticConstructorMatchCase
S5_SITE site=4180 count=2326 requested_bytes=74432 type=blorp_src_compiler_stage_09_core_traverse__CoreMapState__mono_data_2_3_Int99_G6_Option1_85_G4_List1_73_blorp_usrc_ucompiler_ustage_u09_ucore_uir_u_uCoreSemanticLiteralMatchCase
S5_SITE site=4181 count=5053 requested_bytes=161696 type=blorp_src_compiler_stage_09_core_traverse__CoreMapState__mono_data_2_3_Int98_G6_Option1_84_G4_List1_72_blorp_usrc_ucompiler_ustage_u09_ucore_uir_u_uCoreSemanticLengthMatchCase
S5_SITE site=4182 count=5053 requested_bytes=161696 type=blorp_src_compiler_stage_09_core_traverse__CoreMapState__mono_data_2_3_Int85_G6_Option1_71_blorp_usrc_ucompiler_ustage_u09_ucore_uir_u_uCoreSemanticLengthMatchGeq
S5_SITE site=4195 count=25 requested_bytes=800 type=blorp_src_compiler_stage_09_core_traverse__CoreMapState__mono_data_2_77_blorp_usrc_ucompiler_ustage_u09_ucore_umatch_ulowering_u_uCoreMatchCloneState103_G6_Option1_89_G4_List1_77_blorp_usrc_ucompiler_ustage_u09_ucore_uir_u_uCoreSemanticConstructorMatchCase
S5_SITE site=4196 count=1 requested_bytes=32 type=blorp_src_compiler_stage_09_core_traverse__CoreMapState__mono_data_2_77_blorp_usrc_ucompiler_ustage_u09_ucore_umatch_ulowering_u_uCoreMatchCloneState99_G6_Option1_85_G4_List1_73_blorp_usrc_ucompiler_ustage_u09_ucore_uir_u_uCoreSemanticLiteralMatchCase
S5_SITE site=4197 count=6 requested_bytes=192 type=blorp_src_compiler_stage_09_core_traverse__CoreMapState__mono_data_2_77_blorp_usrc_ucompiler_ustage_u09_ucore_umatch_ulowering_u_uCoreMatchCloneState98_G6_Option1_84_G4_List1_72_blorp_usrc_ucompiler_ustage_u09_ucore_uir_u_uCoreSemanticLengthMatchCase
S5_SITE site=4198 count=6 requested_bytes=192 type=blorp_src_compiler_stage_09_core_traverse__CoreMapState__mono_data_2_77_blorp_usrc_ucompiler_ustage_u09_ucore_umatch_ulowering_u_uCoreMatchCloneState85_G6_Option1_71_blorp_usrc_ucompiler_ustage_u09_ucore_uir_u_uCoreSemanticLengthMatchGeq
S5_SITE site=4211 count=20187 requested_bytes=645984 type=blorp_src_compiler_stage_09_core_traverse__CoreMapState__mono_data_2_75_blorp_usrc_ucompiler_ustage_u09_ucore_ustd_uinline_u_uStdInlineRewriteState103_G6_Option1_89_G4_List1_77_blorp_usrc_ucompiler_ustage_u09_ucore_uir_u_uCoreSemanticConstructorMatchCase
S5_SITE site=4212 count=2298 requested_bytes=73536 type=blorp_src_compiler_stage_09_core_traverse__CoreMapState__mono_data_2_75_blorp_usrc_ucompiler_ustage_u09_ucore_ustd_uinline_u_uStdInlineRewriteState99_G6_Option1_85_G4_List1_73_blorp_usrc_ucompiler_ustage_u09_ucore_uir_u_uCoreSemanticLiteralMatchCase
S5_SITE site=4213 count=5047 requested_bytes=161504 type=blorp_src_compiler_stage_09_core_traverse__CoreMapState__mono_data_2_75_blorp_usrc_ucompiler_ustage_u09_ucore_ustd_uinline_u_uStdInlineRewriteState98_G6_Option1_84_G4_List1_72_blorp_usrc_ucompiler_ustage_u09_ucore_uir_u_uCoreSemanticLengthMatchCase
S5_SITE site=4214 count=5047 requested_bytes=161504 type=blorp_src_compiler_stage_09_core_traverse__CoreMapState__mono_data_2_75_blorp_usrc_ucompiler_ustage_u09_ucore_ustd_uinline_u_uStdInlineRewriteState85_G6_Option1_71_blorp_usrc_ucompiler_ustage_u09_ucore_uir_u_uCoreSemanticLengthMatchGeq
S5_SITE site=4221 count=1189 requested_bytes=38048 type=blorp_src_compiler_stage_09_core_traverse__CoreMapState__mono_data_2_76_blorp_usrc_ucompiler_ustage_u09_ucore_ustring_upipeline_u_uStringFusionState79_G6_Option1_65_blorp_usrc_ucompiler_ustage_u09_ucore_uir_u_uCoreDictLiteralEntry
S5_SITE site=4227 count=21206 requested_bytes=678592 type=blorp_src_compiler_stage_09_core_traverse__CoreMapState__mono_data_2_76_blorp_usrc_ucompiler_ustage_u09_ucore_ustring_upipeline_u_uStringFusionState103_G6_Option1_89_G4_List1_77_blorp_usrc_ucompiler_ustage_u09_ucore_uir_u_uCoreSemanticConstructorMatchCase
S5_SITE site=4228 count=2326 requested_bytes=74432 type=blorp_src_compiler_stage_09_core_traverse__CoreMapState__mono_data_2_76_blorp_usrc_ucompiler_ustage_u09_ucore_ustring_upipeline_u_uStringFusionState99_G6_Option1_85_G4_List1_73_blorp_usrc_ucompiler_ustage_u09_ucore_uir_u_uCoreSemanticLiteralMatchCase
S5_SITE site=4229 count=5053 requested_bytes=161696 type=blorp_src_compiler_stage_09_core_traverse__CoreMapState__mono_data_2_76_blorp_usrc_ucompiler_ustage_u09_ucore_ustring_upipeline_u_uStringFusionState98_G6_Option1_84_G4_List1_72_blorp_usrc_ucompiler_ustage_u09_ucore_uir_u_uCoreSemanticLengthMatchCase
S5_SITE site=4230 count=5053 requested_bytes=161696 type=blorp_src_compiler_stage_09_core_traverse__CoreMapState__mono_data_2_76_blorp_usrc_ucompiler_ustage_u09_ucore_ustring_upipeline_u_uStringFusionState85_G6_Option1_71_blorp_usrc_ucompiler_ustage_u09_ucore_uir_u_uCoreSemanticLengthMatchGeq
S5_SITE site=4237 count=1189 requested_bytes=57072 type=blorp_src_compiler_stage_09_core_traverse__CoreMapState__mono_data_2_204_G6_Result2_109_G4_Dict2_3_Int92_G4_List1_80_blorp_usrc_ucompiler_ustage_u09_ucore_umono_uimpl_u_uCoreMonoImplMethodSelection77_blorp_usrc_ucompiler_ustage_u09_ucore_umono_uspecialize_u_uCoreMonoDiagnostic79_G6_Option1_65_blorp_usrc_ucompiler_ustage_u09_ucore_uir_u_uCoreDictLiteralEntry
S5_SITE site=4256 count=1590 requested_bytes=50880 type=blorp_src_compiler_stage_09_core_traverse__CoreMapState__mono_data_2_70_blorp_usrc_ucompiler_ustage_u09_ucore_uprepare_u_uRecordLiteralBinding89_G6_Option1_75_blorp_usrc_ucompiler_ustage_u09_ucore_uir_u_uCoreConstructorLengthMatchCase
S5_SITE site=4257 count=68041 requested_bytes=2177312 type=blorp_src_compiler_stage_09_core_traverse__CoreMapState__mono_data_2_70_blorp_usrc_ucompiler_ustage_u09_ucore_uprepare_u_uRecordLiteralBinding83_G6_Option1_69_blorp_usrc_ucompiler_ustage_u09_ucore_uir_u_uCoreConstructorMatchBody
S5_TOTAL direct_alloc_calls=140348026 record_maker_allocations=88981528 managed_allocations=247558052 boundary=process_destructor
