
═══ Compiler Blorp TestSuites (.brp) ═══

BLORP_TEST_ARTIFACT_START kind=suite sources=273 timeout_seconds=360
BLORP_TEST_ARTIFACT_SOURCE <worktree:2776>/blorp/test/test_compiler/test_stage_10_backend/test_backend_helper_kind_mapping.brp
BLORP_TEST_ARTIFACT_SOURCE <worktree:2776>/blorp/test/test_compiler/test_stage_10_backend/test_codegen_intrinsic_renderer.brp
BLORP_TEST_ARTIFACT_SOURCE <worktree:2776>/blorp/test/test_compiler/test_stage_10_backend/test_codegen_prepared_backend_renderer.brp
BLORP_TEST_ARTIFACT_SOURCE <worktree:2776>/blorp/test/test_compiler/test_stage_10_backend/test_codegen_prepared_constructor_renderer.brp
BLORP_TEST_ARTIFACT_SOURCE <worktree:2776>/blorp/test/test_compiler/test_stage_10_backend/test_codegen_prepared_list_renderer.brp
BLORP_TEST_ARTIFACT_SOURCE <worktree:2776>/blorp/test/test_compiler/test_stage_10_backend/test_codegen_prepared_tensor_renderer.brp
BLORP_TEST_ARTIFACT_SOURCE <worktree:2776>/blorp/test/test_compiler/test_stage_10_backend/test_codegen_prepared_tuple_renderer.brp
BLORP_TEST_ARTIFACT_SOURCE <worktree:2776>/blorp/test/test_compiler/test_artifact_writer.brp
BLORP_TEST_ARTIFACT_SOURCE <worktree:2776>/blorp/test/test_compiler/test_stage_06_typecheck/test_accepted_alias_authority.brp
BLORP_TEST_ARTIFACT_SOURCE <worktree:2776>/blorp/test/test_compiler/test_stage_06_typecheck/test_accepted_semantic_catalog.brp
BLORP_TEST_ARTIFACT_SOURCE <worktree:2776>/blorp/test/test_compiler/test_pipeline/test_backend_bridge.brp
BLORP_TEST_ARTIFACT_SOURCE <worktree:2776>/blorp/test/test_compiler/test_stage_06_typecheck/test_bound_module_graph.brp
BLORP_TEST_ARTIFACT_SOURCE <worktree:2776>/blorp/test/test_compiler/test_stage_06_typecheck/test_body_check_order.brp
BLORP_TEST_ARTIFACT_SOURCE <worktree:2776>/blorp/test/test_compiler/test_pipeline/test_bridge_protocol.brp
BLORP_TEST_ARTIFACT_SOURCE <worktree:2776>/blorp/test/test_compiler/test_stage_10_backend/test_build_artifact.brp
BLORP_TEST_ARTIFACT_SOURCE <worktree:2776>/blorp/test/test_compiler/test_stage_10_backend/test_canonical_empty_list_emit.brp
BLORP_TEST_ARTIFACT_SOURCE <worktree:2776>/blorp/test/test_compiler/test_stage_09_core/test_cancellation_plan.brp
BLORP_TEST_ARTIFACT_SOURCE <worktree:2776>/blorp/test/test_compiler/test_stage_10_backend/test_static_string_literal_pool.brp
BLORP_TEST_ARTIFACT_SOURCE <worktree:2776>/blorp/test/test_compiler/test_stage_10_backend/test_split_emit.brp
BLORP_TEST_ARTIFACT_SOURCE <worktree:2776>/blorp/test/test_compiler/test_stage_06_typecheck/test_type_system/test_builtins.brp
BLORP_TEST_ARTIFACT_SOURCE <worktree:2776>/blorp/test/test_compiler/test_stage_10_backend/test_c_symbol_projection.brp
BLORP_TEST_ARTIFACT_SOURCE <worktree:2776>/blorp/test/test_compiler/test_stage_06_typecheck/test_callable_headers.brp
BLORP_TEST_ARTIFACT_SOURCE <worktree:2776>/blorp/test/test_compiler/test_stage_06_typecheck/test_callable_header_profile_benchmark.brp
BLORP_TEST_ARTIFACT_SOURCE <worktree:2776>/blorp/test/test_compiler/test_stage_06_typecheck/test_env_symbols_named_profile_benchmark.brp
BLORP_TEST_ARTIFACT_SOURCE <worktree:2776>/blorp/test/test_compiler/test_pipeline/test_global_header_completion.brp
BLORP_TEST_ARTIFACT_SOURCE <worktree:2776>/blorp/test/test_compiler/test_stage_06_typecheck/test_global_header_dependency_profile_benchmark.brp
BLORP_TEST_ARTIFACT_SOURCE <worktree:2776>/blorp/test/test_compiler/test_stage_06_typecheck/test_implementation_headers.brp
BLORP_TEST_ARTIFACT_SOURCE <worktree:2776>/blorp/test/test_compiler/test_stage_06_typecheck/test_implementation_method_skeleton_bucket_profile_benchmark.brp
BLORP_TEST_ARTIFACT_SOURCE <worktree:2776>/blorp/test/test_cli/test_main.brp
BLORP_TEST_ARTIFACT_SOURCE <worktree:2776>/blorp/test/test_lib/test_cli_args.brp
BLORP_TEST_ARTIFACT_SOURCE <worktree:2776>/blorp/test/test_compiler/test_command.brp
BLORP_TEST_ARTIFACT_SOURCE <worktree:2776>/blorp/test/test_test/test_doctest.brp
BLORP_TEST_ARTIFACT_SOURCE <worktree:2776>/blorp/test/test_compiler/test_output.brp
BLORP_TEST_ARTIFACT_SOURCE <worktree:2776>/blorp/test/test_check/test_command.brp
BLORP_TEST_ARTIFACT_SOURCE <worktree:2776>/blorp/test/test_lib/test_compilation.brp
BLORP_TEST_ARTIFACT_SOURCE <worktree:2776>/blorp/test/test_compiler/test_pipeline/test_frontend_output.brp
BLORP_TEST_ARTIFACT_SOURCE <worktree:2776>/blorp/test/test_test/test_generated_test_harness.brp
BLORP_TEST_ARTIFACT_SOURCE <worktree:2776>/blorp/test/test_compiler/test_pipeline/test_cli_late_core.brp
BLORP_TEST_ARTIFACT_SOURCE <worktree:2776>/blorp/test/test_lib/test_native_features.brp
BLORP_TEST_ARTIFACT_SOURCE <worktree:2776>/blorp/test/test_package/test_artifact.brp
BLORP_TEST_ARTIFACT_SOURCE <worktree:2776>/blorp/test/test_run/test_environment.brp
BLORP_TEST_ARTIFACT_SOURCE <worktree:2776>/blorp/test/test_run/test_policy.brp
BLORP_TEST_ARTIFACT_SOURCE <worktree:2776>/blorp/test/test_lib/test_source_graph_context.brp
BLORP_TEST_ARTIFACT_SOURCE <worktree:2776>/blorp/test/test_lib/test_stage_requests.brp
BLORP_TEST_ARTIFACT_SOURCE <worktree:2776>/blorp/test/test_test/test_discovery.brp
BLORP_TEST_ARTIFACT_SOURCE <worktree:2776>/blorp/test/test_test/test_effect.brp
BLORP_TEST_ARTIFACT_SOURCE <worktree:2776>/blorp/test/test_test/test_environment.brp
BLORP_TEST_ARTIFACT_SOURCE <worktree:2776>/blorp/test/test_test/test_plan.brp
BLORP_TEST_ARTIFACT_SOURCE <worktree:2776>/blorp/test/test_test/test_artifact_result.brp
BLORP_TEST_ARTIFACT_SOURCE <worktree:2776>/blorp/test/test_compiler/test_stage_09_core/test_closure_function_index_benchmark.brp
BLORP_TEST_ARTIFACT_SOURCE <worktree:2776>/blorp/test/test_compiler/test_stage_06_typecheck/test_type_system/test_context.brp
BLORP_TEST_ARTIFACT_SOURCE <worktree:2776>/blorp/test/test_compiler/test_stage_09_core/test_core_allocation_contracts.brp
BLORP_TEST_ARTIFACT_SOURCE <worktree:2776>/blorp/test/test_compiler/test_stage_09_core/test_core_allocation_analysis.brp
BLORP_TEST_ARTIFACT_SOURCE <worktree:2776>/blorp/test/test_compiler/test_stage_09_core/test_core_allocation_report.brp
BLORP_TEST_ARTIFACT_SOURCE <worktree:2776>/blorp/test/test_compiler/test_stage_09_core/test_core_backend_helper_catalog.brp
BLORP_TEST_ARTIFACT_SOURCE <worktree:2776>/blorp/test/test_compiler/test_stage_09_core/test_core_backend_projection.brp
BLORP_TEST_ARTIFACT_SOURCE <worktree:2776>/blorp/test/test_compiler/test_stage_09_core/test_core_builtin_registry.brp
BLORP_TEST_ARTIFACT_SOURCE <worktree:2776>/blorp/test/test_compiler/test_pipeline/test_core_c_type_layout.brp
BLORP_TEST_ARTIFACT_SOURCE <worktree:2776>/blorp/test/test_compiler/test_stage_09_core/test_core_clone.brp
BLORP_TEST_ARTIFACT_SOURCE <worktree:2776>/blorp/test/test_compiler/test_stage_09_core/test_core_closure.brp
BLORP_TEST_ARTIFACT_SOURCE <worktree:2776>/blorp/test/test_compiler/test_stage_09_core/test_core_closure_function_index.brp
BLORP_TEST_ARTIFACT_SOURCE <worktree:2776>/blorp/test/test_compiler/test_pipeline/test_core_closure_identity.brp
BLORP_TEST_ARTIFACT_SOURCE <worktree:2776>/blorp/test/test_compiler/test_pipeline/test_core_source_locations.brp
BLORP_TEST_ARTIFACT_SOURCE <worktree:2776>/blorp/test/test_compiler/test_pipeline/test_trait_method_call_targets.brp
BLORP_TEST_ARTIFACT_SOURCE <worktree:2776>/blorp/test/test_compiler/test_pipeline/test_derived_record_equality_targets.brp
BLORP_TEST_ARTIFACT_SOURCE <worktree:2776>/blorp/test/test_compiler/test_stage_09_core/test_core_call_resolve_profile_benchmark.brp
BLORP_TEST_ARTIFACT_SOURCE <worktree:2776>/blorp/test/test_compiler/test_benchmark/test_core_ufcs_name_profile.brp
BLORP_TEST_ARTIFACT_SOURCE <worktree:2776>/blorp/test/test_compiler/test_stage_09_core/test_core_pipeline_work_profile_benchmark.brp
BLORP_TEST_ARTIFACT_SOURCE <worktree:2776>/blorp/test/test_compiler/test_stage_09_core/test_core_consume_candidate_index_profile_benchmark.brp
BLORP_TEST_ARTIFACT_SOURCE <worktree:2776>/blorp/test/test_compiler/test_stage_09_core/test_core_collection_pipeline.brp
BLORP_TEST_ARTIFACT_SOURCE <worktree:2776>/blorp/test/test_compiler/test_stage_09_core/test_core_consume_specialize.brp
BLORP_TEST_ARTIFACT_SOURCE <worktree:2776>/blorp/test/test_compiler/test_stage_09_core/test_core_dce.brp
BLORP_TEST_ARTIFACT_SOURCE <worktree:2776>/blorp/test/test_compiler/test_stage_09_core/test_core_debug.brp
BLORP_TEST_ARTIFACT_SOURCE <worktree:2776>/blorp/test/test_compiler/test_stage_09_core/test_core_desugar.brp
BLORP_TEST_ARTIFACT_SOURCE <worktree:2776>/blorp/test/test_compiler/test_stage_09_core/test_core_early_invariants.brp
BLORP_TEST_ARTIFACT_SOURCE <worktree:2776>/blorp/test/test_compiler/test_stage_09_core/test_core_early_pipeline.brp
BLORP_TEST_ARTIFACT_SOURCE <worktree:2776>/blorp/test/test_compiler/test_stage_10_backend/test_core_emit.brp
BLORP_TEST_ARTIFACT_SOURCE <worktree:2776>/blorp/test/test_compiler/test_stage_10_backend/test_native_snapshot_adapter.brp
BLORP_TEST_ARTIFACT_SOURCE <worktree:2776>/blorp/test/test_compiler/test_stage_09_core/test_core_fairness.brp
BLORP_TEST_ARTIFACT_SOURCE <worktree:2776>/blorp/test/test_compiler/test_stage_08_core_lower/test_core_ffi_boundary.brp
BLORP_TEST_ARTIFACT_SOURCE <worktree:2776>/blorp/test/test_compiler/test_stage_08_core_lower/test_core_flatten.brp
BLORP_TEST_ARTIFACT_SOURCE <worktree:2776>/blorp/test/test_compiler/test_pipeline/test_core_function_refs.brp
BLORP_TEST_ARTIFACT_SOURCE <worktree:2776>/blorp/test/test_compiler/test_stage_09_core/test_core_json.brp
BLORP_TEST_ARTIFACT_SOURCE <worktree:2776>/blorp/test/test_compiler/test_stage_09_core/test_core_known_functions.brp
BLORP_TEST_ARTIFACT_SOURCE <worktree:2776>/blorp/test/test_compiler/test_stage_09_core/test_core_module_table_threading.brp
BLORP_TEST_ARTIFACT_SOURCE <worktree:2776>/blorp/test/test_compiler/test_stage_09_core/test_core_late_invariants.brp
BLORP_TEST_ARTIFACT_SOURCE <worktree:2776>/blorp/test/test_compiler/test_stage_08_core_lower/test_core_list_layout.brp
BLORP_TEST_ARTIFACT_SOURCE <worktree:2776>/blorp/test/test_compiler/test_stage_08_core_lower/test_core_lower.brp
BLORP_TEST_ARTIFACT_SOURCE <worktree:2776>/blorp/test/test_compiler/test_stage_08_core_lower/test_callable_name_registry_profile_benchmark.brp
BLORP_TEST_ARTIFACT_SOURCE <worktree:2776>/blorp/test/test_compiler/test_stage_09_core/test_core_match.brp
BLORP_TEST_ARTIFACT_SOURCE <worktree:2776>/blorp/test/test_compiler/test_stage_09_core/test_core_match_projection.brp
BLORP_TEST_ARTIFACT_SOURCE <worktree:2776>/blorp/test/test_compiler/test_stage_09_core/test_core_mono.brp
BLORP_TEST_ARTIFACT_SOURCE <worktree:2776>/blorp/test/test_compiler/test_stage_09_core/test_core_mono_parameter_profile_benchmark.brp
BLORP_TEST_ARTIFACT_SOURCE <worktree:2776>/blorp/test/test_compiler/test_stage_09_core/test_core_mono_data.brp
BLORP_TEST_ARTIFACT_SOURCE <worktree:2776>/blorp/test/test_compiler/test_stage_09_core/test_core_mono_impl.brp
BLORP_TEST_ARTIFACT_SOURCE <worktree:2776>/blorp/test/test_compiler/test_stage_09_core/test_core_mono_option.brp
BLORP_TEST_ARTIFACT_SOURCE <worktree:2776>/blorp/test/test_compiler/test_stage_09_core/test_core_mono_request_scan.brp
BLORP_TEST_ARTIFACT_SOURCE <worktree:2776>/blorp/test/test_compiler/test_stage_09_core/test_core_mono_specialize.brp
BLORP_TEST_ARTIFACT_SOURCE <worktree:2776>/blorp/test/test_compiler/test_stage_09_core/test_core_mono_substitute.brp
BLORP_TEST_ARTIFACT_SOURCE <worktree:2776>/blorp/test/test_compiler/test_stage_09_core/test_core_monomorphize.brp
BLORP_TEST_ARTIFACT_SOURCE <worktree:2776>/blorp/test/test_compiler/test_stage_09_core/test_core_origin_name_agreement.brp
BLORP_TEST_ARTIFACT_SOURCE <worktree:2776>/blorp/test/test_compiler/test_stage_09_core/test_core_ownership.brp
BLORP_TEST_ARTIFACT_SOURCE <worktree:2776>/blorp/test/test_compiler/test_stage_09_core/test_core_parallel_tensor_pipeline.brp
BLORP_TEST_ARTIFACT_SOURCE <worktree:2776>/blorp/test/test_compiler/test_stage_09_core/test_core_perceus.brp
BLORP_TEST_ARTIFACT_SOURCE <worktree:2776>/blorp/test/test_compiler/test_stage_09_core/test_core_repeated_length_match.brp
BLORP_TEST_ARTIFACT_SOURCE <worktree:2776>/blorp/test/test_compiler/test_stage_09_core/test_core_type_policy.brp
BLORP_TEST_ARTIFACT_SOURCE <worktree:2776>/blorp/test/test_compiler/test_stage_09_core/test_core_pipeline.brp
BLORP_TEST_ARTIFACT_SOURCE <worktree:2776>/blorp/test/test_compiler/test_stage_09_core/test_core_prepare.brp
BLORP_TEST_ARTIFACT_SOURCE <worktree:2776>/blorp/test/test_compiler/test_stage_09_core/test_release_mask.brp
BLORP_TEST_ARTIFACT_SOURCE <worktree:2776>/blorp/test/test_compiler/test_stage_09_core/test_core_resolve.brp
BLORP_TEST_ARTIFACT_SOURCE <worktree:2776>/blorp/test/test_compiler/test_stage_09_core/test_core_resource.brp
BLORP_TEST_ARTIFACT_SOURCE <worktree:2776>/blorp/test/test_compiler/test_stage_09_core/test_core_reuse.brp
BLORP_TEST_ARTIFACT_SOURCE <worktree:2776>/blorp/test/test_compiler/test_stage_09_core/test_core_record_representation.brp
BLORP_TEST_ARTIFACT_SOURCE <worktree:2776>/blorp/test/test_compiler/test_stage_09_core/test_core_runtime_projection.brp
BLORP_TEST_ARTIFACT_SOURCE <worktree:2776>/blorp/test/test_compiler/test_stage_09_core/test_core_runtime_projection_benchmark.brp
BLORP_TEST_ARTIFACT_SOURCE <worktree:2776>/blorp/test/test_compiler/test_stage_09_core/test_core_specialize.brp
BLORP_TEST_ARTIFACT_SOURCE <worktree:2776>/blorp/test/test_compiler/test_stage_09_core/test_core_specialize_collection.brp
BLORP_TEST_ARTIFACT_SOURCE <worktree:2776>/blorp/test/test_compiler/test_stage_09_core/test_core_specialize_layout.brp
BLORP_TEST_ARTIFACT_SOURCE <worktree:2776>/blorp/test/test_compiler/test_stage_09_core/test_core_specialize_tensor_dispatch.brp
BLORP_TEST_ARTIFACT_SOURCE <worktree:2776>/blorp/test/test_compiler/test_stage_09_core/test_core_specialize_value.brp
BLORP_TEST_ARTIFACT_SOURCE <worktree:2776>/blorp/test/test_compiler/test_stage_09_core/test_core_ssa.brp
BLORP_TEST_ARTIFACT_SOURCE <worktree:2776>/blorp/test/test_compiler/test_stage_09_core/test_core_static_string_literals.brp
BLORP_TEST_ARTIFACT_SOURCE <worktree:2776>/blorp/test/test_compiler/test_stage_09_core/test_core_std_inline.brp
BLORP_TEST_ARTIFACT_SOURCE <worktree:2776>/blorp/test/test_compiler/test_stage_09_core/test_core_string_pipeline.brp
BLORP_TEST_ARTIFACT_SOURCE <worktree:2776>/blorp/test/test_compiler/test_stage_09_core/test_core_synth.brp
BLORP_TEST_ARTIFACT_SOURCE <worktree:2776>/blorp/test/test_compiler/test_stage_09_core/test_core_synth_bytes.brp
BLORP_TEST_ARTIFACT_SOURCE <worktree:2776>/blorp/test/test_compiler/test_stage_09_core/test_core_synth_fixed_point.brp
BLORP_TEST_ARTIFACT_SOURCE <worktree:2776>/blorp/test/test_compiler/test_stage_09_core/test_core_synth_float.brp
BLORP_TEST_ARTIFACT_SOURCE <worktree:2776>/blorp/test/test_compiler/test_stage_09_core/test_core_synth_forward.brp
BLORP_TEST_ARTIFACT_SOURCE <worktree:2776>/blorp/test/test_compiler/test_stage_09_core/test_core_hash_key_callbacks.brp
BLORP_TEST_ARTIFACT_SOURCE <worktree:2776>/blorp/test/test_compiler/test_stage_09_core/test_core_opaque_hash_keys.brp
BLORP_TEST_ARTIFACT_SOURCE <worktree:2776>/blorp/test/test_compiler/test_stage_09_core/test_core_synth_hash_collections.brp
BLORP_TEST_ARTIFACT_SOURCE <worktree:2776>/blorp/test/test_compiler/test_stage_09_core/test_core_synth_list.brp
BLORP_TEST_ARTIFACT_SOURCE <worktree:2776>/blorp/test/test_compiler/test_stage_09_core/test_core_synth_parallel_tensor.brp
BLORP_TEST_ARTIFACT_SOURCE <worktree:2776>/blorp/test/test_compiler/test_stage_09_core/test_core_synth_slice.brp
BLORP_TEST_ARTIFACT_SOURCE <worktree:2776>/blorp/test/test_compiler/test_stage_09_core/test_core_synth_string.brp
BLORP_TEST_ARTIFACT_SOURCE <worktree:2776>/blorp/test/test_compiler/test_stage_09_core/test_core_synth_tensor.brp
BLORP_TEST_ARTIFACT_SOURCE <worktree:2776>/blorp/test/test_compiler/test_stage_09_core/test_core_tailrec.brp
BLORP_TEST_ARTIFACT_SOURCE <worktree:2776>/blorp/test/test_compiler/test_stage_09_core/test_core_tensor_fusion.brp
BLORP_TEST_ARTIFACT_SOURCE <worktree:2776>/blorp/test/test_compiler/test_stage_09_core/test_core_tensor_specialize.brp
BLORP_TEST_ARTIFACT_SOURCE <worktree:2776>/blorp/test/test_compiler/test_stage_09_core/test_core_trait_resolve.brp
BLORP_TEST_ARTIFACT_SOURCE <worktree:2776>/blorp/test/test_compiler/test_stage_09_core/test_core_traverse.brp
BLORP_TEST_ARTIFACT_SOURCE <worktree:2776>/blorp/test/test_compiler/test_stage_09_core/test_core_tuple_flatten.brp
BLORP_TEST_ARTIFACT_SOURCE <worktree:2776>/blorp/test/test_compiler/test_stage_07_ctfe/test_ctfe_context.brp
BLORP_TEST_ARTIFACT_SOURCE <worktree:2776>/blorp/test/test_compiler/test_stage_07_ctfe/test_ctfe_env.brp
BLORP_TEST_ARTIFACT_SOURCE <worktree:2776>/blorp/test/test_compiler/test_stage_07_ctfe/test_ctfe_eval.brp
BLORP_TEST_ARTIFACT_SOURCE <worktree:2776>/blorp/test/test_compiler/test_pipeline/test_ctfe_global_eval.brp
BLORP_TEST_ARTIFACT_SOURCE <worktree:2776>/blorp/test/test_compiler/test_stage_07_ctfe/test_ctfe_globals.brp
BLORP_TEST_ARTIFACT_SOURCE <worktree:2776>/blorp/test/test_compiler/test_stage_07_ctfe/test_ctfe_ir.brp
BLORP_TEST_ARTIFACT_SOURCE <worktree:2776>/blorp/test/test_compiler/test_stage_07_ctfe/test_ctfe_materialize.brp
BLORP_TEST_ARTIFACT_SOURCE <worktree:2776>/blorp/test/test_compiler/test_stage_07_ctfe/test_ctfe_pattern.brp
BLORP_TEST_ARTIFACT_SOURCE <worktree:2776>/blorp/test/test_compiler/test_stage_07_ctfe/test_ctfe_typecheck_profile_benchmark.brp
BLORP_TEST_ARTIFACT_SOURCE <worktree:2776>/blorp/test/test_compiler/test_stage_07_ctfe/test_ctfe_value.brp
BLORP_TEST_ARTIFACT_SOURCE <worktree:2776>/blorp/test/test_compiler/test_stage_07_ctfe/test_ctfe_value_ops.brp
BLORP_TEST_ARTIFACT_SOURCE <worktree:2776>/blorp/test/test_compiler/test_stage_06_typecheck/test_declaration_skeleton_graph.brp
BLORP_TEST_ARTIFACT_SOURCE <worktree:2776>/blorp/test/test_compiler/test_stage_06_typecheck/test_definition_index.brp
BLORP_TEST_ARTIFACT_SOURCE <worktree:2776>/blorp/test/test_compiler/test_pipeline/test_definition_index_benchmark.brp
BLORP_TEST_ARTIFACT_SOURCE <worktree:2776>/blorp/test/test_compiler/test_pipeline/test_definition_index_identity.brp
BLORP_TEST_ARTIFACT_SOURCE <worktree:2776>/blorp/test/test_compiler/test_pipeline/test_definition_index_reservations.brp
BLORP_TEST_ARTIFACT_SOURCE <worktree:2776>/blorp/test/test_compiler/test_stage_06_typecheck/test_type_system/test_dim_solver.brp
BLORP_TEST_ARTIFACT_SOURCE <worktree:2776>/blorp/test/test_compiler/test_stage_06_typecheck/test_type_system/test_trait_identity.brp
BLORP_TEST_ARTIFACT_SOURCE <worktree:2776>/blorp/test/test_compiler/test_stage_06_typecheck/test_type_system/test_env.brp
BLORP_TEST_ARTIFACT_SOURCE <worktree:2776>/blorp/test/test_format/test_command.brp
BLORP_TEST_ARTIFACT_SOURCE <worktree:2776>/blorp/test/test_compiler/test_stage_04_modules/test_discovery_front_end.brp
BLORP_TEST_ARTIFACT_SOURCE <worktree:2776>/blorp/test/test_compiler/test_stage_04_modules/test_discovery_adapter.brp
BLORP_TEST_ARTIFACT_SOURCE <worktree:2776>/blorp/test/test_compiler/test_stage_04_modules/test_frontend_graph.brp
BLORP_TEST_ARTIFACT_SOURCE <worktree:2776>/blorp/test/test_compiler/test_stage_04_modules/test_frontend_graph_service.brp
BLORP_TEST_ARTIFACT_SOURCE <worktree:2776>/blorp/test/test_compiler/test_stage_06_typecheck/test_frontend_graph_typecheck.brp
BLORP_TEST_ARTIFACT_SOURCE <worktree:2776>/blorp/test/test_compiler/test_stage_04_modules/test_frontend_import_plan.brp
BLORP_TEST_ARTIFACT_SOURCE <worktree:2776>/blorp/test/test_compiler/test_stage_04_modules/test_module_table.brp
BLORP_TEST_ARTIFACT_SOURCE <worktree:2776>/blorp/test/test_compiler/test_stage_06_typecheck/test_type_system/test_generic_params.brp
BLORP_TEST_ARTIFACT_SOURCE <worktree:2776>/blorp/test/test_lib/test_host_c.brp
BLORP_TEST_ARTIFACT_SOURCE <worktree:2776>/blorp/test/test_lib/test_host_environment.brp
BLORP_TEST_ARTIFACT_SOURCE <worktree:2776>/blorp/test/test_compiler/test_stage_06_typecheck/test_immutable_sharing.brp
BLORP_TEST_ARTIFACT_SOURCE <worktree:2776>/blorp/test/test_compiler/test_pipeline/test_import_graph_profile_benchmark.brp
BLORP_TEST_ARTIFACT_SOURCE <worktree:2776>/blorp/test/test_compiler/test_stage_04_modules/test_imports.brp
BLORP_TEST_ARTIFACT_SOURCE <worktree:2776>/blorp/test/test_compiler/test_stage_06_typecheck/test_indexed_graph.brp
BLORP_TEST_ARTIFACT_SOURCE <worktree:2776>/blorp/test/test_compiler/test_stage_06_typecheck/test_infer.brp
BLORP_TEST_ARTIFACT_SOURCE <worktree:2776>/blorp/test/test_compiler/test_stage_06_typecheck/test_infer_expected_type.brp
BLORP_TEST_ARTIFACT_SOURCE <worktree:2776>/blorp/test/test_compiler/test_stage_06_typecheck/test_inference_capture_name_profile_benchmark.brp
BLORP_TEST_ARTIFACT_SOURCE <worktree:2776>/blorp/test/test_compiler/test_pipeline/test_infer_session_reconstruction_profile_benchmark.brp
BLORP_TEST_ARTIFACT_SOURCE <worktree:2776>/blorp/test/test_compiler/test_stage_02_lex/test_lexer.brp
BLORP_TEST_ARTIFACT_SOURCE <worktree:2776>/blorp/test/test_lint/test_command.brp
BLORP_TEST_ARTIFACT_SOURCE <worktree:2776>/blorp/test/test_lsp/test_analysis/test_lsp_analysis_cache.brp
BLORP_TEST_ARTIFACT_SOURCE <worktree:2776>/blorp/test/test_lsp/test_analysis/test_lsp_analysis_completion.brp
BLORP_TEST_ARTIFACT_SOURCE <worktree:2776>/blorp/test/test_lsp/test_analysis/test_lsp_analysis_planner.brp
BLORP_TEST_ARTIFACT_SOURCE <worktree:2776>/blorp/test/test_lsp/test_analysis/test_lsp_compiler_service.brp
BLORP_TEST_ARTIFACT_SOURCE <worktree:2776>/blorp/test/test_lsp/test_protocol/test_lsp_diagnostic_codec.brp
BLORP_TEST_ARTIFACT_SOURCE <worktree:2776>/blorp/test/test_lsp/test_analysis/test_lsp_diagnostics.brp
BLORP_TEST_ARTIFACT_SOURCE <worktree:2776>/blorp/test/test_lsp/test_workspace/test_lsp_did_change.brp
BLORP_TEST_ARTIFACT_SOURCE <worktree:2776>/blorp/test/test_lsp/test_workspace/test_lsp_did_close.brp
BLORP_TEST_ARTIFACT_SOURCE <worktree:2776>/blorp/test/test_lsp/test_workspace/test_lsp_did_open.brp
BLORP_TEST_ARTIFACT_SOURCE <worktree:2776>/blorp/test/test_lsp/test_workspace/test_lsp_did_save.brp
BLORP_TEST_ARTIFACT_SOURCE <worktree:2776>/blorp/test/test_lsp/test_protocol/test_lsp_frame_codec.brp
BLORP_TEST_ARTIFACT_SOURCE <worktree:2776>/blorp/test/test_lsp/test_analysis/test_lsp_frontend_graph.brp
BLORP_TEST_ARTIFACT_SOURCE <worktree:2776>/blorp/test/test_lsp/test_workspace/test_lsp_indexed_store.brp
BLORP_TEST_ARTIFACT_SOURCE <worktree:2776>/blorp/test/test_lsp/test_protocol/test_lsp_initialize.brp
BLORP_TEST_ARTIFACT_SOURCE <worktree:2776>/blorp/test/test_lsp/test_protocol/test_lsp_initialized.brp
BLORP_TEST_ARTIFACT_SOURCE <worktree:2776>/blorp/test/test_lsp/test_protocol/test_lsp_lifecycle_dispatch.brp
BLORP_TEST_ARTIFACT_SOURCE <worktree:2776>/blorp/test/test_lsp/test_analysis/test_lsp_semantic_index.brp
BLORP_TEST_ARTIFACT_SOURCE <worktree:2776>/blorp/test/test_lsp/test_analysis/test_lsp_semantic_query.brp
BLORP_TEST_ARTIFACT_SOURCE <worktree:2776>/blorp/test/test_lsp/test_capabilities/test_lsp_query_dispatch.brp
BLORP_TEST_ARTIFACT_SOURCE <worktree:2776>/blorp/test/test_lsp/test_server/test_lsp_server_actor.brp
BLORP_TEST_ARTIFACT_SOURCE <worktree:2776>/blorp/test/test_lsp/test_protocol/test_lsp_shutdown_exit.brp
BLORP_TEST_ARTIFACT_SOURCE <worktree:2776>/blorp/test/test_lsp/test_workspace/test_lsp_source_loader.brp
BLORP_TEST_ARTIFACT_SOURCE <worktree:2776>/blorp/test/test_lsp/test_server/test_lsp_stdio_transport.brp
BLORP_TEST_ARTIFACT_SOURCE <worktree:2776>/blorp/test/test_lsp/test_workspace/test_lsp_workspace.brp
BLORP_TEST_ARTIFACT_SOURCE <worktree:2776>/blorp/test/test_lsp/test_workspace/test_lsp_workspace_semantic_completeness.brp
BLORP_TEST_ARTIFACT_SOURCE <worktree:2776>/blorp/test/test_lsp/test_workspace/test_lsp_workspace_source.brp
BLORP_TEST_ARTIFACT_SOURCE <worktree:2776>/blorp/test/test_compiler/test_stage_09_core/test_managed_type_index_profile_benchmark.brp
BLORP_TEST_ARTIFACT_SOURCE <worktree:2776>/blorp/test/test_compiler/test_pipeline/test_match_binding_lifetime.brp
BLORP_TEST_ARTIFACT_SOURCE <worktree:2776>/blorp/test/test_compiler/test_pipeline/test_match_owner_alias_liveness.brp
BLORP_TEST_ARTIFACT_SOURCE <worktree:2776>/blorp/test/test_compiler/test_pipeline/test_module_binding_benchmark.brp
BLORP_TEST_ARTIFACT_SOURCE <worktree:2776>/blorp/test/test_compiler/test_pipeline/test_module_visibility_profile_benchmark.brp
BLORP_TEST_ARTIFACT_SOURCE <worktree:2776>/blorp/test/test_compiler/test_stage_04_modules/test_module_surface.brp
BLORP_TEST_ARTIFACT_SOURCE <worktree:2776>/blorp/test/test_compiler/test_stage_04_modules/test_module_type_identity.brp
BLORP_TEST_ARTIFACT_SOURCE <worktree:2776>/blorp/test/test_compiler/test_stage_06_typecheck/test_module_view.brp
BLORP_TEST_ARTIFACT_SOURCE <worktree:2776>/blorp/test/test_compiler/test_stage_04_modules/test_package_hash.brp
BLORP_TEST_ARTIFACT_SOURCE <worktree:2776>/blorp/test/test_compiler/test_stage_04_modules/test_package_inventory.brp
BLORP_TEST_ARTIFACT_SOURCE <worktree:2776>/blorp/test/test_compiler/test_stage_04_modules/test_package_manifest.brp
BLORP_TEST_ARTIFACT_SOURCE <worktree:2776>/blorp/test/test_compiler/test_stage_02_lex/test_parse_diagnostic.brp
BLORP_TEST_ARTIFACT_SOURCE <worktree:2776>/blorp/test/test_compiler/test_stage_03_parse/test_parsed_ast.brp
BLORP_TEST_ARTIFACT_SOURCE <worktree:2776>/blorp/test/test_compiler/test_stage_03_parse/test_parser.brp
BLORP_TEST_ARTIFACT_SOURCE <worktree:2776>/blorp/test/test_lib/test_platform.brp
BLORP_TEST_ARTIFACT_SOURCE <worktree:2776>/blorp/test/test_lib/test_program_runner.brp
BLORP_TEST_ARTIFACT_SOURCE <worktree:2776>/blorp/test/test_compiler/test_stage_04_modules/test_project_source_catalog.brp
BLORP_TEST_ARTIFACT_SOURCE <worktree:2776>/blorp/test/test_compiler/test_stage_06_typecheck/test_pure_list_hofs.brp
BLORP_TEST_ARTIFACT_SOURCE <worktree:2776>/blorp/test/test_compiler/test_stage_06_typecheck/test_type_system/test_refinement.brp
BLORP_TEST_ARTIFACT_SOURCE <worktree:2776>/blorp/test/test_lib/test_runtime_cache.brp
BLORP_TEST_ARTIFACT_SOURCE <worktree:2776>/blorp/test/test_lib/test_source.brp
BLORP_TEST_ARTIFACT_SOURCE <worktree:2776>/blorp/test/test_compiler/test_stage_03_parse/test_source_ast_finalize.brp
BLORP_TEST_ARTIFACT_SOURCE <worktree:2776>/blorp/test/test_test/test_session_counter.brp
BLORP_TEST_ARTIFACT_SOURCE <worktree:2776>/blorp/test/test_compiler/test_stage_02_lex/test_token.brp
BLORP_TEST_ARTIFACT_SOURCE <worktree:2776>/blorp/test/test_compiler/test_pipeline/test_trait_topology_graph.brp
BLORP_TEST_ARTIFACT_SOURCE <worktree:2776>/blorp/test/test_compiler/test_stage_06_typecheck/test_accepted_record_authority.brp
BLORP_TEST_ARTIFACT_SOURCE <worktree:2776>/blorp/test/test_compiler/test_stage_06_typecheck/test_accepted_union_authority.brp
BLORP_TEST_ARTIFACT_SOURCE <worktree:2776>/blorp/test/test_compiler/test_stage_06_typecheck/test_type_system/test_type.brp
BLORP_TEST_ARTIFACT_SOURCE <worktree:2776>/blorp/test/test_compiler/test_stage_06_typecheck/test_type_header_dependencies.brp
BLORP_TEST_ARTIFACT_SOURCE <worktree:2776>/blorp/test/test_compiler/test_pipeline/test_type_header_graph.brp
BLORP_TEST_ARTIFACT_SOURCE <worktree:2776>/blorp/test/test_compiler/test_stage_06_typecheck/test_type_system/test_type_json.brp
BLORP_TEST_ARTIFACT_SOURCE <worktree:2776>/blorp/test/test_compiler/test_stage_06_typecheck/test_type_system/test_type_resolution.brp
BLORP_TEST_ARTIFACT_SOURCE <worktree:2776>/blorp/test/test_compiler/test_stage_06_typecheck/test_type_system/test_int_literal_range.brp
BLORP_TEST_ARTIFACT_SOURCE <worktree:2776>/blorp/test/test_compiler/test_stage_06_typecheck/test_type_system/test_type_widening.brp
BLORP_TEST_ARTIFACT_SOURCE <worktree:2776>/blorp/test/test_compiler/test_stage_06_typecheck/test_typecheck_bridge.brp
BLORP_TEST_ARTIFACT_SOURCE <worktree:2776>/blorp/test/test_check/test_capture.brp
BLORP_TEST_ARTIFACT_SOURCE <worktree:2776>/blorp/test/test_compiler/test_stage_06_typecheck/test_frontend_declaration_catalog_profile_benchmark.brp
BLORP_TEST_ARTIFACT_SOURCE <worktree:2776>/blorp/test/test_compiler/test_stage_06_typecheck/test_typecheck_decl.brp
BLORP_TEST_ARTIFACT_SOURCE <worktree:2776>/blorp/test/test_compiler/test_pipeline/test_typecheck_impl_decl.brp
BLORP_TEST_ARTIFACT_SOURCE <worktree:2776>/blorp/test/test_compiler/test_pipeline/test_typecheck_impl_defaults.brp
BLORP_TEST_ARTIFACT_SOURCE <worktree:2776>/blorp/test/test_compiler/test_pipeline/test_typecheck_profile_benchmark.brp
BLORP_TEST_ARTIFACT_SOURCE <worktree:2776>/blorp/test/test_compiler/test_stage_06_typecheck/test_typecheck_phase_profile.brp
BLORP_TEST_ARTIFACT_SOURCE <worktree:2776>/blorp/test/test_compiler/test_stage_06_typecheck/test_implementation_pattern_profile_benchmark.brp
BLORP_TEST_ARTIFACT_SOURCE <worktree:2776>/blorp/test/test_compiler/test_stage_06_typecheck/test_typecheck_state.brp
BLORP_TEST_ARTIFACT_SOURCE <worktree:2776>/blorp/test/test_compiler/test_stage_06_typecheck/test_type_home_index_profile_benchmark.brp
BLORP_TEST_ARTIFACT_SOURCE <worktree:2776>/blorp/test/test_compiler/test_stage_06_typecheck/test_typecheck_types.brp
BLORP_TEST_ARTIFACT_SOURCE <worktree:2776>/blorp/test/test_compiler/test_stage_06_typecheck/test_typed_ast_json.brp
BLORP_TEST_ARTIFACT_SOURCE <worktree:2776>/blorp/test/test_compiler/test_stage_06_typecheck/test_typed_name_identity.brp
BLORP_TEST_ARTIFACT_SOURCE <worktree:2776>/blorp/test/test_compiler/test_stage_09_core/test_core_trait_resolve_diagnostics.brp
BLORP_TEST_ARTIFACT_SOURCE <worktree:2776>/blorp/test/test_lib/test_build_artifact.brp
BLORP_TEST_ARTIFACT_SOURCE <worktree:2776>/blorp/test/test_run/test_command.brp
BLORP_TEST_ARTIFACT_SOURCE <worktree:2776>/blorp/test/test_test/test_program_session_runner.brp
BLORP_TEST_ARTIFACT_SOURCE <worktree:2776>/blorp/test/test_format/test_engine/test_declaration_documents.brp
BLORP_TEST_ARTIFACT_SOURCE <worktree:2776>/blorp/test/test_format/test_engine/test_document_layout.brp
BLORP_TEST_ARTIFACT_SOURCE <worktree:2776>/blorp/test/test_format/test_engine/test_expression_documents.brp
BLORP_TEST_ARTIFACT_SOURCE <worktree:2776>/blorp/test/test_format/test_engine/test_formatter_cli.brp
BLORP_TEST_ARTIFACT_SOURCE <worktree:2776>/blorp/test/test_format/test_engine/test_type_documents.brp
BLORP_TEST_ARTIFACT_SOURCE <worktree:2776>/blorp/test/test_purify/test_command.brp
BLORP_TEST_ARTIFACT_SOURCE <worktree:2776>/blorp/test/test_compiler/test_stage_04_modules/test_tree_body_projection.brp
BLORP_TEST_ARTIFACT_SOURCE <worktree:2776>/blorp/test/test_compiler/test_stage_04_modules/test_tree_module_projection.brp
BLORP_TEST_ARTIFACT_SOURCE <worktree:2776>/blorp/test/test_compiler/test_stage_04_modules/test_tree_expression_projection.brp
BLORP_TEST_ARTIFACT_SOURCE <worktree:2776>/blorp/test/test_compiler/test_stage_04_modules/test_syntax_nesting_projection.brp
BLORP_TEST_ARTIFACT_SOURCE <worktree:2776>/blorp/test/test_compiler/test_stage_04_modules/test_tree_rejected_declaration_differential.brp
BLORP_TEST_ARTIFACT_SOURCE <worktree:2776>/blorp/test/test_compiler/test_stage_04_modules/test_discovery_fuzz_cases.brp
BLORP_TEST_ARTIFACT_END kind=suite sources=273 duration_ms=215698

>> Backend helper kind mapping (op union -> BackendHelperKind) Tests
  [PASS] Dict ctor custom flag split maps to the right kind
  [PASS] Set ctor custom flag split maps to the right kind
  [PASS] Dict with-capacity custom flag split maps to the right kind
  [PASS] Dict stack-option key-release-policy flag splits map to the right kind
  [PASS] Channel retaining-send runtime flag splits map to the right kind
  [PASS] Mechanical prefix+variant-name mappings spot check

All 6 tests passed

>> Self-hosted compiler intrinsic renderer Tests
  [PASS] parse intrinsic shapes
  [PASS] intrinsic metadata
  [PASS] render intrinsic successes
  [PASS] render intrinsic errors are typed
  [PASS] render error to string
  [PASS] intrinsic metadata consistency
  [PASS] intrinsics have ownership contracts

All 7 tests passed

>> Self-hosted compiler prepared backend renderer Tests
  [PASS] render backend successes

All 1 tests passed

>> Self-hosted compiler prepared constructor renderer Tests
  [PASS] render prepared constructor op successes

All 1 tests passed

>> Self-hosted compiler prepared list renderer Tests
  [PASS] render prepared list op successes

All 1 tests passed

>> Self-hosted compiler prepared tensor renderer Tests
  [PASS] render prepared tensor op successes

All 1 tests passed

>> Self-hosted compiler prepared tuple renderer Tests
  [PASS] render prepared tuple op successes

All 1 tests passed

>> Compiler artifact writer Tests
  [PASS] default output uses source stem
  [PASS] split paths replace the output extension
  [PASS] split paths handle a bare output name
  [PASS] split paths keep interior dots
  [PASS] split manifest lists the header first
  [PASS] split artifact requires an external runtime
  [PASS] embedded runtime precedes generated C
  [PASS] exact profile define precedes embedded runtime
  [PASS] calls profile define precedes embedded runtime
  [PASS] off profile omits profile prelude
  [PASS] external runtime writes generated C
  [PASS] embedded runtime is required
  [PASS] atomic text parts preserve order

All 13 tests passed

>> Accepted alias authority Tests
  [PASS] table rejects forged canonical name
  [PASS] alias authority is category safe and identity exact
  [PASS] module view rejects forged private visibility
  [PASS] exact alias queries ignore unrelated modules
  [PASS] same spelling aliases remain owner distinct

All 5 tests passed

>> Accepted semantic catalog Tests
  [PASS] concrete method lookup preserves invalid and absent boundaries
  [PASS] compiler scope preserves obligation and selected metadata
  [PASS] compiler consumers reject foreign and unregistered IDs
  [PASS] scoped semantic visibility survives hidden names
  [PASS] scoped authority rejects foreign issuers and missing members
  [PASS] scoped inheritance preserves declaring identity
  [PASS] accepts one coherent domain
  [PASS] catalog counts have record identity
  [PASS] rejects every mixed domain
  [PASS] rejects empty complete global table

All 10 tests passed

>> Blorp compiler benchmark backend bridge Tests
  [PASS] emit Core C returns a complete artifact
  [PASS] run Perceus returns Core without emission
  [PASS] measurement windows are named explicitly
  [PASS] ownership stage inspection returns every snapshot
  [PASS] backend emission measurement runs ownership first
  [PASS] rejects unsupported benchmark action

All 6 tests passed

>> Compiler bound module graph Tests
  [PASS] preserves order and exact identity lookup
  [PASS] selects exact modules by compatible prepared scope
  [PASS] rejects all modules in deterministic order
  [PASS] rejects invalid selection before binding
  [PASS] visibility rejects invalid relationships
  [PASS] visibility rejects IDs issued by another graph
  [PASS] visibility rejects IDs issued by a separately built equal graph
  [PASS] visibility rejects a direct ID issued by another graph
  [PASS] preserves recoverable binding diagnostics
  [PASS] requires every prepared module to be bound
  [PASS] reuses completed binding for typecheck
  [PASS] partial bound graph completes only bound modules
  [PASS] accepted graph rejects unowned module or state
  [PASS] publishes one coherent accepted semantic catalog
  [PASS] recovery dependency has no semantic inventory
  [PASS] CTFE artifact binding excludes target imports
  [PASS] CTFE artifact binding excludes target aliases
  [PASS] accepted CTFE artifact uses alias authority
  [PASS] cross-module global cycles are recoverable
  [PASS] releases owned values
  [PASS] importable graph releases owned values
  [PASS] dependency catalog excludes target
  [PASS] dependency catalog removes target alias candidate

All 23 tests passed

>> Independent body checking order and context Tests
  [PASS] body context rejects a callable owned by another module
  [PASS] body meta session requires the issuing definition table
  [PASS] shared host run preserves definition table provenance
  [PASS] ctfe fallback check has a distinct issued session
  [PASS] body attempt modules preserve planned sessions
  [PASS] body meta sessions follow identity rather than schedule
  [PASS] body context rejects a stale identity from the same module owner
  [PASS] invalid implementation remains recoverable in the complete body plan
  [PASS] body schedule does not change typed output
  [PASS] rejected body diagnostic order is stable
  [PASS] mixed body schedule is independent
  [PASS] implementation body schedule does not change typed output
  [PASS] rejected implementation method keeps source diagnostics
  [PASS] implementation bodies are independently scheduled
  [PASS] public body contexts support explicit and default implementation methods
  [PASS] source body order interleaves declaration kinds
  [PASS] implementation bodies keep owner type parameters
  [PASS] implementation bodies compose owner bounds and method parameters
  [PASS] a rejected body does not contaminate other sessions
  [PASS] body context owns an exact callable identity
  [PASS] complete body facade returns explicit accepted and rejected outcomes
  [PASS] body context is reusable with a fresh session
  [PASS] seeded materialization rejects a stale same-owner outcome
  [PASS] seeded accepted and rejected bodies preserve source diagnostics
  [PASS] seeded materialization rejects a changed same-identity body
  [PASS] subset materialization rejects a changed same-identity body
  [PASS] validated body table rejects consumers from another plan
  [PASS] indexed body table admission preserves validation
  [PASS] complete body table proves source order and coverage
  [PASS] complete body table rejects a mismatched main validation policy
  [PASS] bodyless complete body table is valid
  [PASS] subset materialization rejects a duplicate body outcome

All 32 tests passed

>> Blorp compiler bridge protocol Tests
  [PASS] action names are stable
  [PASS] decode current typecheck_source envelope
  [PASS] benchmark actions are not production actions
  [PASS] decode errors are typed
  [PASS] error code and message
  [PASS] response JSON shapes

All 6 tests passed

>> Blorp compiler build artifact Tests
  [PASS] collects ordered foreign build requirements
  [PASS] trims validated foreign link groups
  [PASS] large program build metadata is stack bounded

All 3 tests passed

>> Canonical empty list backend emission Tests
  [PASS] emit canonical empty list literals by layout
  [PASS] projection collects canonical layouts once
  [PASS] projection rejects invalid inline release policy
  [PASS] source global cannot collide with canonical symbol
  [PASS] foreign symbol collision fails closed
  [PASS] distinct ABI keys cannot share canonical symbol

All 6 tests passed

>> Cancellation cleanup planning Tests
  [PASS] release policies map to closed cleanup actions
  [PASS] region plan gives handed-over parameter an entry slot
  [PASS] region plan gives lent parameter no slot
  [PASS] region plan gives owned parameter no slot without cancellation point
  [PASS] region plan gives owned parameter no slot when released first
  [PASS] plan gives rebound owned parameter no slot
  [PASS] backend temporary owners include stable site identity
  [PASS] backend temporary candidates are typed and activation scoped
  [PASS] callback identities preserve exact prepared callbacks
  [PASS] current behavior plans order live let protection
  [PASS] current behavior plans preserve consumed owners
  [PASS] current behavior plans use semantic variable identity
  [PASS] current behavior planning visits nested ownership once
  [PASS] current behavior plans carry authoritative cancellation effects
  [PASS] noncancelling activations suppress local cleanup candidates
  [PASS] cancelling activations retain local cleanup candidates
  [PASS] region plans ignore cancellation before owner acquisition
  [PASS] region plans omit inert match scrutinee cleanup
  [PASS] region plans protect match scrutinees across cancellation
  [PASS] repeated match scrutinee lookup fails closed
  [PASS] nested repeated match scrutinees preserve live slot capacity
  [PASS] match scrutinee action mismatch fails closed
  [PASS] planned match owners do not collide with fallback temporaries
  [PASS] region plans protect owners across cancellation
  [PASS] region plans protect owners across a registry-only runtime cancellation point
  [PASS] region plans elide owners across a noncancelling direct runtime call
  [PASS] region plans protect owners across a user call containing a loop
  [PASS] region plans stop at the first consuming drop
  [PASS] region plans fail closed for unknown lifetimes
  [PASS] region plans fail closed for colliding callable identities
  [PASS] region plans distinguish disjoint owner lifetimes
  [PASS] region plans separate shared id with distinct names
  [PASS] region plans separate shared id with distinct def ids
  [PASS] region plans index many same-name lets
  [PASS] region plans protect branch and loop lifetimes
  [PASS] one branch consumption does not establish a handoff
  [PASS] overlapping region protections preserve lexical order
  [PASS] earlier consumed arguments span later argument evaluation
  [PASS] unresolved consumed call does not establish entry handoff
  [PASS] known builtin and runtime effects use the builtin authority
  [PASS] user-call effects propagate transitively
  [PASS] recursive call effects converge
  [PASS] cancellation propagation preserves graph order and fixed points
  [PASS] cancellation summaries preserve function and impl method order
  [PASS] unresolved calls fail closed
  [PASS] special inference builtins stay non-cancelling
  [PASS] dynamic global initializers are summarized
  [PASS] unresolved and external call forms fail closed
  [PASS] selected and compiler-internal calls are classified
  [PASS] specialized runtime bridge calls fail closed

All 50 tests passed

>> Static string literal backend pool Tests
  [PASS] preserves IDs and allows gaps
  [PASS] rejects conflicting ID
  [PASS] rejects conflicting value
  [PASS] rejects unclassified value literal

All 4 tests passed

>> Split, multi-translation-unit C emission Tests
  [PASS] unit count one matches single-file path
  [PASS] single function bodies follow declaration order
  [PASS] projected emission spells a non-ABI member from its field id
  [PASS] projected emission keeps source member names for an ABI record
  [PASS] unresolved field ref on a non-ABI record fails at emission
  [PASS] all type sections render in both modes
  [PASS] header/body partition at three units
  [PASS] projected erased union constructor ABI matches
  [PASS] string literal defined once and declared once
  [PASS] global defined once by TU zero
  [PASS] canonical empty list has named storage type
  [PASS] split rendering is deterministic
  [PASS] prototype matches definition signature
  [PASS] entrypoint has prototype and definition
  [PASS] global initializer is declared once in the header
  [PASS] single-path string literal macro is unchanged
  [PASS] skewed program balances within bound
  [PASS] order within bin is by def_id
  [PASS] unit count exceeding function count has no empty bodies
  [PASS] split path spells a field named header from its id
  [PASS] type-support-heavy program balances across units
  [PASS] closure environment destructor follows closure body
  [PASS] projected closure env uses projected Point type

All 23 tests passed

>> Compiler builtins substrate Tests
  [PASS] special inference is keyed by source name id not spelling
  [PASS] builtin metadata classifies effects and specials
  [PASS] builtin effect lookup does not materialize registry
  [PASS] builtin resource result policy is explicit
  [PASS] prelude traits module identity is explicit
  [PASS] with builtins populates core env
  [PASS] with builtins preserves existing trait functions
  [PASS] with builtins populates specialized and scalar functions
  [PASS] channel builtins use public result types
  [PASS] builtin numeric families satisfy declared traits
  [PASS] FloatingPoint methods are registered
  [PASS] builtin trait topology matches registered traits
  [PASS] assert_shape uses variadic tensor signature
  [PASS] Hashable primitives and dispatch are registered

All 14 tests passed

>> Compiler C symbol projection Tests Tests
  [PASS] variant symbols are spelled from definition identity
  [PASS] variant symbols cannot spell a callable
  [PASS] variant symbol clashing with foreign name fails closed
  [PASS] variants sharing a definition id collide
  [PASS] declared variant without definition id fails closed
  [PASS] variant plan rows are the only spellings
  [PASS] distinct variant symbols are accepted
  [PASS] callable ID contract fixed vectors
  [PASS] rejects unbound trait hash constructor
  [PASS] rejects pinned hash constructor left unbound
  [PASS] callable ID contract uses compact portable identifiers
  [PASS] callable plan is order independent
  [PASS] similar callable names have distinct symbols
  [PASS] callable plan coalesces repeated identity
  [PASS] callable plan rejects disagreeing repeated identity
  [PASS] callable plan rejects definition ID owned by two callables
  [PASS] callable plan escapes preserved compact name
  [PASS] callable plan escapes preserved closure static name
  [PASS] callable plan rejects negative definition ID
  [PASS] projection boundary rejects duplicate final definition ID
  [PASS] published emission plan resolves callables by definition ID
  [PASS] published emission plan carries foreign boundary types
  [PASS] published emission plan carries static string literals
  [PASS] published emission plan carries static literal from non-closure callee
  [PASS] published emission plan carries foreign types from non-closure callee
  [PASS] published emission plan preserves callee fact error order
  [PASS] rejects user call without exact definition identity
  [PASS] rejects user call with stale name for definition ID
  [PASS] rejects unresolved final call kind
  [PASS] rejects top-level function value without closure conversion
  [PASS] projection preserves breadth-first first-error selection
  [PASS] projection validates closure callee before arguments
  [PASS] projection rejects malformed global initializer
  [PASS] projects closure body create and static object together
  [PASS] rejects closure create without projected body
  [PASS] rejects task without projected body
  [PASS] projects detached task closure
  [PASS] projects concurrently loop task closure
  [PASS] projects concurrent block task closure
  [PASS] projects list to string callback
  [PASS] projects custom collection callbacks
  [PASS] projects dict with capacity callbacks
  [PASS] projects dict construct callbacks
  [PASS] rejects missing custom collection callback
  [PASS] rejects list to string callback without a projected definition
  [PASS] production emits direct call from original Core
  [PASS] production emits closure and task helpers from original Core
  [PASS] production projects captured closure without static object
  [PASS] production emits concurrent task helpers from original Core
  [PASS] production emits custom callbacks from original Core
  [PASS] production emits dict construct callbacks from original Core
  [PASS] production emits list callback from original Core
  [PASS] production emits capacity callbacks from original Core
  [PASS] production projection failure returns no artifact
  [PASS] production projects resource cleanup function pointer
  [PASS] production emits canonical empty list from plan
  [PASS] perceus temporary spelling reads id kind and ordinal only
  [PASS] borrowed result spelling separates owners at one argument
  [PASS] unminted and discard binders keep escaped spelling
  [PASS] unminted derived anchor keeps escaped spelling
  [PASS] derived temporary spelling keys on its anchor
  [PASS] projected temporary spelling recomputes from id and origin
  [PASS] record member names come from field positions
  [PASS] local families are disjoint from each other

All 64 tests passed

>> Compiler callable headers Tests
  [PASS] resolve exact signatures
  [PASS] prepared context rejects foreign parameters
  [PASS] prepared context rejects foreign graph scope
  [PASS] prepared context rejects wrong same-graph scope
  [PASS] prepared context resolves dimension constraints
  [PASS] callable and global ids are exact
  [PASS] index callable headers by module
  [PASS] declared callable parameters
  [PASS] distinguish pending global initializers
  [PASS] retain callable type error spans

All 10 tests passed

>> Compiler callable-header profile benchmark Tests
  [PASS] types every declaration
  [PASS] is deterministic

All 2 tests passed

>> Compiler env_symbols_named profile benchmark Tests
  [PASS] records width and identity
  [PASS] avoids scope prefix allocations

All 2 tests passed

>> Compiler global header completion Tests
  [PASS] shared builtin env keeps prepared module states independent
  [PASS] orders forward dependencies
  [PASS] resolves selective import dependencies exactly
  [PASS] resolves qualified import dependencies exactly
  [PASS] same-named imported dependencies use exact module rows
  [PASS] repeated dependencies keep first-reference order
  [PASS] completes acyclic source permutations identically
  [PASS] orders lambda body type dependencies
  [PASS] scopes question bindings lexically
  [PASS] orders assignment-target dependencies
  [PASS] field access depends on its global receiver
  [PASS] represents unannotated cycles explicitly
  [PASS] cycles preserve independent completion work
  [PASS] separates blocked dependents from cycles
  [PASS] keeps disjoint cycles separate
  [PASS] classifies a large cycle without recursive search
  [PASS] orders a large reverse dependency chain
  [PASS] failed completion is recoverable
  [PASS] preserves repeated diagnostics at distinct spans
  [PASS] recoverable dependency declaration authority is shared with CTFE
  [PASS] empty graph releases prepared context
  [PASS] single completed global releases
  [PASS] checks each initializer once across body consumers
  [PASS] indexed dependencies retain completion order and reject stale entries
  [PASS] preserves annotated and inferred origins
  [PASS] keeps annotated dependencies aligned
  [PASS] retains exact global and callable dependencies
  [PASS] retains lambda captures but excludes deferred calls
  [PASS] duplicate named globals keep exact planned dependencies
  [PASS] pending shadowed by annotated duplicate keeps baseline cycle
  [PASS] blocked duplicate sharing cycle name keeps baseline classification

All 31 tests passed

>> Compiler global header dependency profile benchmark Tests
  [PASS] models repeated reference work
  [PASS] clamps unique references to fan-in

All 2 tests passed

>> Compiler implementation headers Tests
  [PASS] resolve exact implementation headers
  [PASS] unknown trait message renders the name table spelling
  [PASS] unknown trait message falls back to the text without a table spelling
  [PASS] default method headers substitute the implementation receiver
  [PASS] default method headers reject a foreign implementation owner
  [PASS] reject missing required methods
  [PASS] reject method and implementation parameter owner collision
  [PASS] method type parameters keep declaration order
  [PASS] bucket methods by exact implementation identity
  [PASS] preserve error order across implementations
  [PASS] method type parameters preserve bounds and exclude owner parameters

All 11 tests passed

>> Compiler implementation method skeleton bucket profile benchmark Tests
  [PASS] models multi-implementation workload
  [PASS] supports single implementation control
  [PASS] rejects a non-positive implementation count

All 3 tests passed

>> Blorp CLI wrapper Tests
  [PASS] CLI source models represent targets and files
  [PASS] generated root rejections preserve exact diagnostics
  [PASS] frontend graph uses configured std origin
  [PASS] parse CLI source with setup uses configured std identity
  [PASS] frontend graph uses embedded std without override
  [PASS] expand check targets discovers sorted directory sources
  [PASS] expand check targets preserves explicit file sources
  [PASS] expand check targets handles mixed file and directory targets
  [PASS] expand check targets preserves empty directory targets
  [PASS] expand check targets reports missing targets
  [PASS] run CLI returns frontend graph for multi-file check
  [PASS] run CLI returns frontend graph for directory check
  [PASS] run CLI check reports a parse failure before a graph exists
  [PASS] run CLI formats check source before read
  [PASS] run CLI no-format preserves check source
  [PASS] run CLI env no-format preserves check source
  [PASS] run CLI skips std check source formatting
  [PASS] run CLI formats directory check sources before batch parse
  [PASS] run CLI reports check format errors
  [PASS] run CLI reports missing check target
  [PASS] run CLI reports empty check directory
  [PASS] run CLI handles format help
  [PASS] run CLI handles top-level usage
  [PASS] run CLI handles embedded version
  [PASS] run CLI handles command help
  [PASS] run CLI handles package help
  [PASS] run CLI plans package command
  [PASS] run CLI builds compile source plan
  [PASS] run CLI discovers compile import source graph
  [PASS] run CLI preserves import spellings for same path
  [PASS] run CLI discovers package alias source graph
  [PASS] run CLI reports missing package cache
  [PASS] run CLI discovers pkg root source graph
  [PASS] run CLI carries config std context
  [PASS] run CLI formats compile source before parse
  [PASS] run CLI builds run source plan
  [PASS] run CLI formats run source before parse
  [PASS] run CLI compile reports a parse failure before a graph exists
  [PASS] run CLI run reports a parse failure before a graph exists
  [PASS] run CLI plans test command
  [PASS] run CLI plans purify command
  [PASS] run CLI plans LSP command
  [PASS] run CLI handles format errors

All 43 tests passed

>> Blorp CLI argument parser Tests
  [PASS] top-level dispatch
  [PASS] small command parsers
  [PASS] command-specific help
  [PASS] format parser
  [PASS] package parser
  [PASS] compile parser
  [PASS] profile modes and selectors
  [PASS] run and test parsers
  [PASS] other required path validation

All 9 tests passed

>> Blorp CLI compile output Tests
  [PASS] compile typed summary reaches command output
  [PASS] allocation report returns without writing artifact

All 2 tests passed

>> Compiler CLI doctests Tests
  [PASS] extracts named groups and inline imports
  [PASS] generates one parseable serial program
  [PASS] accepts source with an existing main
  [PASS] generated module identity preserves source namespace
  [PASS] standard-library doctest imports logical module
  [PASS] user doctest in std directory imports sibling module

All 6 tests passed

>> Blorp compiler CLI effect output Tests
  [PASS] observations have one header and stage boundaries
  [PASS] compile timings include phases and total
  [PASS] compile timings nest pass rows under phase rows

All 3 tests passed

>> Blorp CLI check execution Tests
  [PASS] check visits all roots and reports a shared dependency once
  [PASS] check root only returns no dependency artifacts

All 2 tests passed

>> Blorp CLI frontend boundaries Tests
  [PASS] frontend policy permits debug calls while erasing debug blocks
  [PASS] early stop returns the requested Core snapshot
  [PASS] timed compile reports eight phase labels
  [PASS] timed compile reports one row per pass
  [PASS] timed compile type error reports typed frontend only
  [PASS] timed compile early stop reports reached phases
  [PASS] timed compile late stop reports reached phases
  [PASS] timing disabled reports no phase rows
  [PASS] allocation report stops before backend phases
  [PASS] real compile threads a populated module table to late Core

All 10 tests passed

>> Compiler CLI frontend output Tests
  [PASS] parsed summary reads a discovery identifier spelling from the table
  [PASS] parsed summary reads a standalone identifier spelling from its text
  [PASS] parsed source summary does not require typechecking

All 3 tests passed

>> Blorp-owned generated test harnesses Tests
  [PASS] suite batch bounds generated function depth
  [PASS] doctest batch bounds generated function depth
  [PASS] doctest batch runs all targets and aggregates results
  [PASS] suite batch runs all targets and aggregates results
  [PASS] single target uses aggregate suite path
  [PASS] single target selects aggregate leak runner

All 6 tests passed

>> Blorp CLI late Core execution Tests
  [PASS] compiler phase order is explicit
  [PASS] compiler phase labels are exhaustive
  [PASS] backend emission failure stops before artifact construction
  [PASS] artifact construction failure happens after backend emission
  [PASS] timed backend emission failure reports backend only
  [PASS] timed artifact construction failure reports backend and artifact
  [PASS] empty stage requests complete the final pipeline
  [PASS] observations do not replace final completion
  [PASS] stop returns requested snapshot
  [PASS] late Core observe then stop uses previous stage output
  [PASS] record update invariant starts at Perceus
  [PASS] final invariant rejects unresolved call
  [PASS] check invariants audits completed final Core

All 13 tests passed

>> Blorp CLI native features Tests
  [PASS] derive native features from graph identity
  [PASS] preserve roots before dependencies

All 2 tests passed

>> CLI package artifact Tests
  [PASS] parse binary entries
  [PASS] reject unsafe paths
  [PASS] reject duplicate paths
  [PASS] reject truncated values
  [PASS] reject overflowing lengths
  [PASS] reject oversized input

All 6 tests passed

>> Blorp compiler run environment Tests
  [PASS] environment fills unspecified run options
  [PASS] CLI run options override environment
  [PASS] invalid run environment is rejected
  [PASS] inherited leak modes select diagnostic runtime

All 4 tests passed

>> Compiler CLI run policy Tests
  [PASS] zero disables the run timeout

All 1 tests passed

>> Shared source graph context Tests
  [PASS] rejects conflicting project contexts
  [PASS] names a relatively imported module by its working-directory path
  [PASS] names a relatively imported module the same from a relative root
  [PASS] keeps the absolute name of a module outside the working directory
  [PASS] retains finalized root import rewrites
  [PASS] keeps interpolation-hole spellings for a finalized root
  [PASS] publishes a finalized root's hole spelling after a raw file without new spellings
  [PASS] publishes a finalized root's hole spelling after a raw file with new spellings
  [PASS] indexes every finalized root's identifiers into the graph name table

All 9 tests passed

>> Blorp compiler CLI stage requests Tests
  [PASS] stage requests preserve boundary and canonical order
  [PASS] one late stage can be observed and stopped
  [PASS] fusion is owned by early pipeline
  [PASS] call resolution is owned by early pipeline
  [PASS] std inline and tailrec are owned by early pipeline
  [PASS] specialize is owned by late Core
  [PASS] early stages are not duplicated across later boundaries

All 7 tests passed

>> Blorp CLI test discovery Tests
  [PASS] classification uses top-level declarations
  [PASS] classification ignores source text lookalikes
  [PASS] classification defers tests binding type identity
  [PASS] classification ignores private tests and reads parsed docs
  [PASS] filesystem discovery is structural and deterministic
  [PASS] standard-library discovery uses bare identity
  [PASS] directory discovery selects named modules before parsing

All 7 tests passed

>> Blorp-owned aggregate suite candidate effect Tests
  [PASS] executes retained passing suite
  [PASS] returns assertion failure without parsing output
  [PASS] enforces capture limit
  [PASS] returns compile failure
  [PASS] retains debug blocks like production test harnesses
  [PASS] honors pending interruption before compilation
  [PASS] cancels active host compilation
  [PASS] cancels cold runtime cache preparation
  [PASS] falls back after runtime cache failure
  [PASS] cancels active native execution

All 10 tests passed

>> Blorp compiler test environment Tests
  [PASS] test timeout precedes generic timeout
  [PASS] uses thirty second default
  [PASS] CLI options override environment
  [PASS] invalid environment is rejected

All 4 tests passed

>> Compiler CLI Test Plan Tests Tests
  [PASS] mixed plan retains one graph after source removal
  [PASS] invocation plan retains paths until batch parsing
  [PASS] main module retains doctest plan
  [PASS] graph root has the canonical path and name discovery chose
  [PASS] wrong-typed tests binding reaches typechecker
  [PASS] TestSuite identity accepts aliases and qualified imports
  [PASS] aggregate artifact keeps configured timeout
  [PASS] leak-checked batch timeout scales with source count
  [PASS] leak baseline materializes directly and retains repeat

All 9 tests passed

>> Compiler CLI test artifact result Tests
  [PASS] parses exact artifact result
  [PASS] rejects inconsistent artifact result
  [PASS] uses last valid artifact result
  [PASS] abnormal exit preserves completed counts
  [PASS] normal failing exit preserves reported counts

All 5 tests passed

>> Compiler closure function index benchmark Tests
  [PASS] reports deterministic index contents
  [PASS] construction measurement matches contents without diagnostic lookups

All 2 tests passed

>> Compiler context Tests
  [PASS] compilation run tokens preserve copy and distinguish fresh runs
  [PASS] explicit body session keys distinguish runs, purposes, and rechecks
  [PASS] ctfe selective and eager fallback checks have distinct sessions
  [PASS] module global and body meta sessions have distinct owner domains
  [PASS] same-slot metas from distinct sessions do not alias
  [PASS] module origin policies
  [PASS] resource cleanup registration is context local
  [PASS] prepared infer context facts create fresh sessions
  [PASS] meta reset restarts meta numbering
  [PASS] meta bindings head resolve and zonk
  [PASS] head resolve follows long issued chain
  [PASS] full resolution preserves long chain and unbound recovery
  [PASS] zonk preserves meta-free recursive type
  [PASS] resolve type metas reuses meta-free recursive type
  [PASS] resolve type metas reuses unbound recursive type
  [PASS] zonk keeps unissued meta unresolved after reset
  [PASS] meta origins are dense by meta id
  [PASS] zonk generalizes a meta to a variable of its origin kind
  [PASS] resolve type metas preserves unbound inference identity
  [PASS] meta reset clears bindings and origins
  [PASS] unify binds meta and rejects occurs
  [PASS] unification rejects meta not issued by session
  [PASS] binding rejects self reference
  [PASS] binding rejects unissued nested meta
  [PASS] unification rejects equal unissued metas
  [PASS] unification rejects unissued meta in type-var substitution
  [PASS] unification rejects unissued meta in variadic tail
  [PASS] unification rejects unissued meta in dimension identity
  [PASS] unification rejects unissued meta in range shortcut
  [PASS] binding rejects transitive cycle and accepts issued reference
  [PASS] binding accepts shared acyclic references and rejects back edge
  [PASS] meta binding replaces one issued ID without mutating prior context
  [PASS] unify type vars one way and symmetric
  [PASS] unify functions arrays and variadic dims
  [PASS] unify named literal range and dim arithmetic
  [PASS] unify dim solver binds vars and metas
  [PASS] unify rigid vars do not bind except dims to int
  [PASS] unify rigid var solves meta on other side
  [PASS] unify named type params

All 39 tests passed

>> Blorp compiler Core allocation contracts Tests
  [PASS] native snapshot and counter allocation contracts
  [PASS] bit-packed boxes are allocation-free
  [PASS] wide and struct boxes allocate
  [PASS] union cleanup plans are explicit
  [PASS] mixed risks are preserved
  [PASS] reason codes are stable
  [PASS] direct call dependencies use exact definition IDs
  [PASS] unknown and named runtime calls fail closed
  [PASS] expr coverage is separate from semantic facts
  [PASS] dict iteration distinguishes pair binders
  [PASS] foreign defensive copy preserves may and unknown
  [PASS] closure creation distinguishes capture environments
  [PASS] record construction distinguishes value and heap layouts
  [PASS] generic union construction distinguishes nullary payload
  [PASS] stack union elides implicit boxes
  [PASS] union box facts follow payload emission
  [PASS] tuple construction preserves storage and implicit box facts
  [PASS] drop policies publish exact cleanup dependencies
  [PASS] list get layouts are locally allocation-free
  [PASS] scheduler checkpoint is allocation-free
  [PASS] loop contracts publish hidden runtime and cleanup
  [PASS] accessor match publishes scrutinee cleanup
  [PASS] container construction preserves payload risks
  [PASS] list to string preserves known and unknown risks
  [PASS] channel and select publish received value cleanup
  [PASS] capture and reuse contracts preserve hidden causes
  [PASS] closed intrinsic catalog admits only audited names
  [PASS] closed runtime catalog distinguishes safe and allocating
  [PASS] fact merging is stable and deduplicated
  [PASS] call site detail names the matched operation
  [PASS] cleanup and loop site detail names the type
  [PASS] custom hash dict detail names the hash function
  [PASS] all loop site details use their own iterable field

All 33 tests passed

>> Blorp compiler Core allocation summary analysis Tests
  [PASS] local and transitive allocation summaries
  [PASS] allocation site retains Core source location
  [PASS] safe recursive component is proven free
  [PASS] recursive component propagates local allocation
  [PASS] diamond uses bounded indexed propagation
  [PASS] definition identity not display name selects callee
  [PASS] duplicate definition identity is incomplete
  [PASS] missing direct target fails closed
  [PASS] recursive union cleanup propagates scratch allocation
  [PASS] tensor element cleanup propagates scratch allocation
  [PASS] repeated cleanup uses memoized summary
  [PASS] long call chain uses iterative bounded work
  [PASS] bodyless owner fails closed
  [PASS] unsupported final Core marks analysis incomplete
  [PASS] analysis is deterministic
  [PASS] list/dict/set of scalars cleanup is free
  [PASS] closure cleanup is free when no capture is risky
  [PASS] closure capturing recursive union is cleanup scratch
  [PASS] closure capturing resource stays unknown
  [PASS] channel of scalars cleanup is free
  [PASS] option of list cleanup is free
  [PASS] option of resource stays unknown
  [PASS] record holding dict field cleanup is free regardless of hash kind
  [PASS] record holding resource field stays unknown
  [PASS] loop over list of scalars with checkpoint is free

All 25 tests passed

>> Blorp compiler allocation report rendering Tests
  [PASS] JSON report is versioned and fail closed
  [PASS] human report labels Core-only safe result
  [PASS] witness path is bounded through cycle
  [PASS] JSON report is deterministic and escapes source path

All 4 tests passed

>> Backend helper allocation/ownership catalog Tests
  [PASS] Every cataloged kind resolves to a self-consistent contract
  [PASS] Kind walk visits each kind once
  [PASS] Catalog revision is a positive version number

All 3 tests passed

>> Core backend projection Tests
  [PASS] projects known runtime call
  [PASS] projects erased runtime argument
  [PASS] projects empty Set literal
  [PASS] projects memory inspection by storage
  [PASS] projects allocation identity by storage
  [PASS] preserves semantic and unknown calls
  [PASS] projects list string callback
  [PASS] projects custom dict constructor
  [PASS] callback lookup reads origin not spelling
  [PASS] functions spelled like callbacks without the origin are not callbacks
  [PASS] projects empty custom dict constructor
  [PASS] projects empty custom set constructor
  [PASS] projects empty option-keyed set as trait hashed
  [PASS] leaves pointer key without adapters unbound
  [PASS] lowers trait-keyed dict literal with adapters
  [PASS] leaves word-keyed dict literal for ownership pass
  [PASS] projects singleton constructor value
  [PASS] projects global singleton constructor value
  [PASS] constructor index does not match a variant of the other parent kind
  [PASS] constructor index excludes payload variants
  [PASS] preserves resolved nonconstructor with constructor name
  [PASS] preserves resolved nonconstructor with constructor id
  [PASS] projects boxed Option None constructor value
  [PASS] preserves stack Option None constructor value
  [PASS] projects boxed file-open result
  [PASS] boxed file-open result needs error variant ids
  [PASS] projects only canonical compiler stdio results
  [PASS] projects process-session start result
  [PASS] projects process-session poll result
  [PASS] projects process-session state typed integer payloads
  [PASS] projects process-session write typed integer payload
  [PASS] projects process-session offset write typed integer payload
  [PASS] projects process-session void results
  [PASS] projects process-session finalizer
  [PASS] projects stack TCP value result
  [PASS] projects WebSocket runtime-union result
  [PASS] projects fallible stream terminal
  [PASS] missing operation constructor fails closed
  [PASS] projects unchecked list get
  [PASS] projects ParallelList allocation
  [PASS] projects list parallel metadata as typed layout
  [PASS] projects raw tensor allocation
  [PASS] projects ranked raw tensor fill
  [PASS] projects list retain pointer ownership
  [PASS] projects owned list set
  [PASS] projects string storage intrinsics
  [PASS] storage projection rejects wrong arity

All 47 tests passed

>> Blorp compiler Core builtin registry Tests
  [PASS] prelude and math builtins
  [PASS] collection and tensor builtins
  [PASS] text stream and bytes builtins
  [PASS] system and optional builtins
  [PASS] unknown builtin is rejected
  [PASS] structural length intrinsics
  [PASS] structural length rejects wrong shape

All 7 tests passed

>> Blorp compiler Core emit type layout Tests
  [PASS] c type names
  [PASS] stack Option layout facts
  [PASS] nullable managed Option layout facts
  [PASS] release facts
  [PASS] collection element facts
  [PASS] Result layout facts
  [PASS] foreign ABI record layout classification
  [PASS] consecutive internal heap-record Boolean field storage
  [PASS] isolated internal heap-record Boolean field storage
  [PASS] internal heap-record non-Boolean field storage
  [PASS] foreign heap-record Boolean field storage
  [PASS] internal heap-record byte enum field storage
  [PASS] internal heap-record oversized enum field storage
  [PASS] foreign heap-record byte enum field storage
  [PASS] native snapshot report keeps ordinary managed layout
  [PASS] field read members come from ordinals
  [PASS] retained foreign call record layout classification
  [PASS] non-function foreign call record layout classification

All 18 tests passed

>> Blorp compiler Core cloning Tests
  [PASS] clones recursive Core type
  [PASS] clones Core variable
  [PASS] clones managed literal
  [PASS] clones known source location
  [PASS] clones recursive Core accessor
  [PASS] boxed stack Option accessor clone preserves storage type
  [PASS] recursive accessor clone has independent owner
  [PASS] tuple accessor clone has independent owner

All 8 tests passed

>> Blorp compiler Core closure conversion Tests
  [PASS] numbering is stable across two functions with lambdas and a task
  [PASS] hoists lambda to closure body
  [PASS] hoisted lambda records enclosing function and ordinal
  [PASS] hoisted task records enclosing function and ordinal
  [PASS] closure capture carries identity under shadowing
  [PASS] hoists lambda nested in semantic match
  [PASS] hoists pre-closure detach task
  [PASS] pre-closure detach balances copied task captures
  [PASS] task releases copied captures in one flat chain
  [PASS] task with 130 captures releases them in one flat chain
  [PASS] void task releases copied captures without a temporary
  [PASS] pre-closure concurrent task returns rhs type
  [PASS] pre-closure resource loop captures moved item, not resolved callee alias
  [PASS] deep sequence conversion is stack bounded
  [PASS] deep control flow conversion is stack bounded
  [PASS] conversion reuses a body without closures
  [PASS] conversion rebuilds only the spine to a hoisted lambda

All 17 tests passed

>> Compiler Core closure function indexes Tests
  [PASS] count unique top-level, impl, and generated functions
  [PASS] preserve duplicate id and duplicate name ordering
  [PASS] include implementation methods and generated functions

All 3 tests passed

>> Core closure definition identity Tests
  [PASS] exact constructor reference is not captured
  [PASS] projected constructor reference is not captured
  [PASS] same-named resolved parameter is captured
  [PASS] different-named parameter with constructor id is captured

All 4 tests passed

>> Core source locations from graph lowering Tests
  [PASS] graph lowering gives distinct calls distinct temporary ids

All 1 tests passed

>> Trait method calls and operators resolve to impl targets Tests
  [PASS] generic impl operators call trait default methods
  [PASS] equals method, call and == reach the written impl

All 2 tests passed

>> Operators on records without a written Equatable reach the derived impl Tests
  [PASS] record operators call derived equality

All 1 tests passed

>> Compiler Core call-resolution profile benchmark Tests
  [PASS] fixture builds its logical indexes
  [PASS] construction allocations grow linearly

All 2 tests passed

>> Compiler Core UFCS name profile benchmark Tests
  [PASS] reuses one UFCS prefix per module
  [PASS] scales UFCS prefixes by modules rather than names

All 2 tests passed

>> Compiler Core pipeline work profile benchmark Tests
  [PASS] work profile reflects fixture shape
  [PASS] work profile reproduces fixture workload checksums
  [PASS] non-match pass uses same schema without lookup pressure

All 3 tests passed

>> Compiler consume candidate index profile benchmark Tests
  [PASS] profile fixture generates cloneable candidates
  [PASS] profile fixture keeps collision mode cloneable
  [PASS] profile fixture supports zero candidate control

All 3 tests passed

>> Core collection pipeline Tests
  [PASS] bare source is not a pipeline
  [PASS] pipeline stages are nonempty
  [PASS] pipeline stages fold in order
  [PASS] pure mono instance is read through its declaration
  [PASS] mono marker in a name is not read
  [PASS] filter map fold fuses
  [PASS] bare fold fuses
  [PASS] filter length avoids allocation
  [PASS] impure pipeline is unchanged
  [PASS] impure reducer is unchanged
  [PASS] range pipeline fuses
  [PASS] range length avoids materialization
  [PASS] range fold avoids materialization
  [PASS] list collect uses owned scalar store
  [PASS] filter map collect uses owned store
  [PASS] filter map policy tracks payload
  [PASS] managed filter map uses owned store
  [PASS] managed filter map plan is recognized
  [PASS] managed filter map policy is available
  [PASS] managed string source access is borrowed
  [PASS] managed string is not unknown layout
  [PASS] managed string elements are borrowed
  [PASS] managed length borrows without allocation
  [PASS] stack options are unboxed values
  [PASS] stack option collect policy is available
  [PASS] stack option source access is unboxed
  [PASS] stack option types compare equal
  [PASS] arc boxed int128 is unchanged
  [PASS] unknown layout is ineligible
  [PASS] heap record uses borrow policy
  [PASS] heap record alias handoff preserves release metadata
  [PASS] alias policy uses canonical type
  [PASS] alias pipeline plan is recognized
  [PASS] alias type is canonicalized
  [PASS] no capture lambda is inlined
  [PASS] generated names use compiler namespace

All 36 tests passed

>> Blorp compiler Core consume specialize Tests
  [PASS] rewrites safe self-replacement call
  [PASS] clone identity uses name and def id
  [PASS] later same def id name does not steal candidate
  [PASS] structurally different target type does not select candidate
  [PASS] clone ID follows every declared definition ID
  [PASS] later used candidate retains ID reserved by unused candidate
  [PASS] used clones emit once in parameter order
  [PASS] does not clone without in-place update
  [PASS] does not clone hand-off to clone without benefit
  [PASS] does not clone recursion without update
  [PASS] no-candidate program rewrites identically
  [PASS] Perceus consuming clone skips old assignment drop
  [PASS] rewrites assignment nested in constructor match
  [PASS] rewrites assignment nested in while
  [PASS] same-named distinct argument is not consumed
  [PASS] clones helper tail call transitively
  [PASS] retargets let-bound calls at last use
  [PASS] retargets branch call at last use
  [PASS] retargets chained call temporary
  [PASS] owned variable precedes call temporary
  [PASS] assignment target precedes call temporary
  [PASS] forwards temporary into assigned variable
  [PASS] keeps temporary read after assignment
  [PASS] keeps temporary when assigned call reads variable
  [PASS] keeps temporary when assigned call can break
  [PASS] keeps temporary when assigned call can continue
  [PASS] keeps call when argument is read after
  [PASS] keeps call when argument is passed twice
  [PASS] keeps call inside lambda on captured parameter
  [PASS] keeps call inside loop on outer parameter
  [PASS] recursive clone hands parameter to itself
  [PASS] Perceus retains live argument of consuming call
  [PASS] does not clone unmanaged parameter
  [PASS] clones helper updating parameter through var
  [PASS] does not count borrowed position as hand-off
  [PASS] keeps assignment target live in compound right-hand side
  [PASS] retargets replaced field slot argument
  [PASS] retargets replaced field slot of assignment target
  [PASS] retargets replaced field slot read through update binding
  [PASS] retargets method chain on replaced field slot
  [PASS] keeps call on other field of updated record
  [PASS] keeps call on same field of other record
  [PASS] keeps call on replaced field slot in branch

All 43 tests passed

>> Compiler Core DCE Tests
  [PASS] prunes unreachable functions
  [PASS] builtin call without callee id does not root the wrapper
  [PASS] callee variable id roots the function even under a builtin call
  [PASS] reachability handles long function chain
  [PASS] global initializers root functions
  [PASS] global function values root functions
  [PASS] value references include explicit retain
  [PASS] value references include raw tensor view
  [PASS] function value is a value read
  [PASS] value references preserve hygienic local identity
  [PASS] value references distinguish global and local sharing a name
  [PASS] value references preserve resolved occurrences
  [PASS] value references preserve first occurrence and effect order
  [PASS] value references preserve generic sibling order
  [PASS] concurrent tasks retained and values keep order
  [PASS] nested match cases and fallbacks keep dependency order
  [PASS] value reference occurrences include effect nodes
  [PASS] value references handles deep wrapped binding chain
  [PASS] prunes unreferenced private global and initializer helpers
  [PASS] retains private global referenced by runtime function
  [PASS] closure creation roots adapter
  [PASS] custom hash callbacks are roots
  [PASS] detached task closures are roots
  [PASS] unresolved user calls fail closed
  [PASS] dynamic closure calls do not root unrelated functions
  [PASS] missing main fails closed
  [PASS] duplicate function ids are kept conservatively
  [PASS] duplicate function ids collect every body dependency
  [PASS] prunes types and retains field dependencies
  [PASS] retains types referenced only by function signature
  [PASS] retains constructor parent for reachable call identity
  [PASS] retains alias target type dependencies
  [PASS] repeated facts stay idempotent without hiding new ones
  [PASS] fact application is order independent
  [PASS] retains trait signatures
  [PASS] retains types referenced only by impl method body
  [PASS] retains types referenced only by impl method signature
  [PASS] retains functions called only from impl method body
  [PASS] deferred trait call roots every implementation
  [PASS] selected trait call roots its target
  [PASS] trait call without candidates fails closed
  [PASS] function typed callee without def id roots by name

All 42 tests passed

>> Blorp compiler Core debug Tests
  [PASS] normal build erases debug block at block location
  [PASS] debug build retains recursively lowered body
  [PASS] lowers debug block inside expression container
  [PASS] lowers deep sequence without exhausting stack
  [PASS] lowers deep left logical tree without exhausting stack
  [PASS] lowers function global and impl method bodies

All 6 tests passed

>> Blorp compiler Core desugar Tests
  [PASS] desugars string add to concat call
  [PASS] desugars string equal to builtin call
  [PASS] desugars string not equal to not builtin call
  [PASS] desugars literal string add to concat call
  [PASS] desugars literal string equal to builtin call
  [PASS] leaves non string add as binary expr
  [PASS] desugars nested string add inside let
  [PASS] desugars string add inside debug block
  [PASS] desugars string add inside cast
  [PASS] desugars string add inside raw match case
  [PASS] desugars string add inside resource scope
  [PASS] desugars deep sequence without exhausting stack
  [PASS] desugars string accumulator assignment to append
  [PASS] desugars literal string accumulator assignment to append
  [PASS] keeps non accumulator string assignment as concat
  [PASS] keeps distinct string variable assignment as concat
  [PASS] keeps malformed string accumulator assignment as concat
  [PASS] desugars program function global and impl bodies

All 18 tests passed

>> Blorp compiler early Core invariants Tests
  [PASS] debug invariant tracks debug lowering
  [PASS] desugar invariant tracks string lowering
  [PASS] desugar invariant tracks unassigned mutable local
  [PASS] synth invariant accepts late mutable state
  [PASS] desugar invariant tracks straight-line assignment
  [PASS] mono invariant rejects unresolved user call types
  [PASS] mono invariant rejects unresolved Self call types
  [PASS] mono invariant rejects unresolved box source
  [PASS] mono invariant rejects selected call with a different callee id
  [PASS] mono invariant accepts selected call with no or the same callee id
  [PASS] debug invariant rejects two functions sharing a definition id
  [PASS] debug invariant accepts distinct function definition ids
  [PASS] mono invariant rejects unresolved unbox target
  [PASS] mono invariant accepts concrete user call
  [PASS] mono invariant accepts one-letter nominal type
  [PASS] mono invariant accepts unresolved call in generic owner
  [PASS] mono invariant accepts runtime tensor shapes
  [PASS] mono invariant checks global and concrete impl roots
  [PASS] resolve invariant preserves family priority over traversal order
  [PASS] resolve invariant rejects surviving module member
  [PASS] synth invariant preserves family priority over traversal order
  [PASS] synth invariant keeps mono checks out of generic roots
  [PASS] synth invariant preserves impl root eligibility
  [PASS] invariant diagnostics include actionable guidance

All 24 tests passed

>> Blorp compiler early Core pipeline Tests
  [PASS] stage names round trip
  [PASS] pipeline runs to post-mono and threads definition IDs
  [PASS] pipeline observes and stops before later stages
  [PASS] pipeline returns mono diagnostic
  [PASS] pipeline checks post-mono invariants before observing or stopping
  [PASS] pipeline can observe and stop at post-mono boundary
  [PASS] pipeline can observe and stop at post-synth boundary
  [PASS] pipeline owns match compilation before worker boundary
  [PASS] pipeline owns trait resolution before worker boundary
  [PASS] pipeline owns call resolution before worker boundary
  [PASS] resolve invariant rejects selected direct calls
  [PASS] pipeline returns synth diagnostic
  [PASS] pipeline applies debug mode before invariant check
  [PASS] pipeline owns string fusion before worker boundary
  [PASS] pipeline flattens tuples after runtime projection

All 15 tests passed

>> Blorp compiler Core emit Tests
  [PASS] emit empty program artifact shape
  [PASS] emit foreign includes before declarations
  [PASS] emit foreign default Bytes call copies and releases
  [PASS] emit function inventory comment
  [PASS] emit main return int literal
  [PASS] emit main with source args uses C entrypoint signature
  [PASS] emit profiled main uses runtime-owned exit report
  [PASS] profile is enabled before dynamic global initializers
  [PASS] emit profile disabled omits hooks
  [PASS] emit prepared program boundary
  [PASS] emit unsupported global returns structured error
  [PASS] emit identity function with Int param
  [PASS] emit profiled named function
  [PASS] production emit projects symbol but preserves profile label
  [PASS] user call uses projected symbol and unprojected fallback
  [PASS] non-simple user call uses projected symbol
  [PASS] compact emit shortens generated temporary names
  [PASS] compact emit shortens helper-routed temporary names
  [PASS] resolved Some user call is not suppressed
  [PASS] profile IDs are dense in declaration order
  [PASS] profile ID order matches metadata and function bodies
  [PASS] profile IDs have no fixed function ceiling
  [PASS] profile plan empty selection emits no profile data
  [PASS] profile plan is deterministic and excludes bodyless functions
  [PASS] calls profile selects module without timing probes
  [PASS] exact profile selects canonical function identity
  [PASS] exact profile selector preserves composite module identity
  [PASS] profile rejects unknown selectors before emission
  [PASS] production emit escapes preserved compact foreign name
  [PASS] emit closure param function signature
  [PASS] emit closure call expression
  [PASS] emit closure call stack Result retains unboxed payload
  [PASS] emit static closure create
  [PASS] emit captured closure create
  [PASS] emit float captured closure create
  [PASS] emit StackResult capture retains and releases
  [PASS] emit Float32 closure capture uses legacy slot encoding
  [PASS] emit Float16 closure capture uses legacy slot encoding
  [PASS] emit string captured closure create
  [PASS] emit nullable Option String captured closure create
  [PASS] emit nullable Option List Int captured closure create
  [PASS] emit stack Option Int captured closure create
  [PASS] emit managed record captured closure create
  [PASS] emit managed record and string closure uses owned pointer slots
  [PASS] emit tensor captured closure create
  [PASS] emit channel captured closure create
  [PASS] emit raw pointer captured closure create
  [PASS] emit raw pointer tuple closure body
  [PASS] emit if expression as ternary
  [PASS] emit statement condition if
  [PASS] emit list handoff nullable Option capture condition
  [PASS] emit binary add expression
  [PASS] emit set equality expression
  [PASS] emit fixed binary expressions
  [PASS] emit binary divide expression is infallible
  [PASS] emit float divide expression preserves ieee semantics
  [PASS] emit binary modulo expression is infallible
  [PASS] emit unary negate expression
  [PASS] emit unary negate preserves narrow integer width
  [PASS] emit unary negate negative literal expression
  [PASS] emit unary not expression
  [PASS] emit cast expression
  [PASS] emit primitive box expression
  [PASS] emit Int128 box expression
  [PASS] emit stack Result box expression
  [PASS] emit resource scope cleans up value body
  [PASS] emit resource cleanup exit before break
  [PASS] string literal dispatch preserves loop break target
  [PASS] emit releasing match without cancellation omits cleanup slot
  [PASS] emit float literal expression
  [PASS] emit nonfinite float literal expressions
  [PASS] emit char literal expression
  [PASS] emit sized scalar function signature
  [PASS] emit unsigned sized scalar return
  [PASS] emit unmanaged tailrec loop
  [PASS] emit profiled tailrec loop balances direct return
  [PASS] emit tailrec literal match loop
  [PASS] emit tailrec list-spread loop
  [PASS] emit range for loop with dynamic step
  [PASS] emit forward only range for loop
  [PASS] emit range for loop with statement end bound
  [PASS] emit unsupported function diagnostic names failing child
  [PASS] emit foreign-reachable record escapes reserved member names
  [PASS] emit generic construct of builtin variant is unsupported
  [PASS] emit Range value for loop
  [PASS] emit literal match expression
  [PASS] emit literal match fail fallback
  [PASS] emit string literal match expression
  [PASS] emit string literal match length dispatch
  [PASS] string literal match length dispatch eligibility
  [PASS] emit tailrec string literal match length dispatch
  [PASS] emit literal match fallback binding
  [PASS] emit logical and expression
  [PASS] emit logical or expression
  [PASS] emit deep logical expression is stack bounded
  [PASS] emit deep left logical expression is stack bounded
  [PASS] emit deep simple logical expression is stack bounded
  [PASS] emit escaped string literal
  [PASS] emit NUL string literal with explicit length
  [PASS] emit unicode string literal escapes bytes
  [PASS] emit simple user call expression
  [PASS] emit function forward declarations
  [PASS] emit intrinsic call expression
  [PASS] emit prepared list ensure intrinsic calls
  [PASS] emit scalar builtin call expression
  [PASS] emit string equality builtin call expression
  [PASS] emit direct runtime builtin call shapes
  [PASS] emit direct runtime list layout arity contract
  [PASS] emit custom dict with capacity call
  [PASS] emit tensor parallel inline struct layout metadata
  [PASS] emit fallible stream collect bridge
  [PASS] emit fallible stream find nested option bridge
  [PASS] emit managed channel allocation initializes elem release
  [PASS] emit callbacks for channels with allocated boxed storage
  [PASS] emit channel attempt wrappers use prepared backend
  [PASS] scalar channel send attempts use issued tag constants
  [PASS] scalar channel attempts reject missing variants and receive
  [PASS] emit RecvAttempt value-record storage release mask
  [PASS] emit channel send attempt retains boxed temp
  [PASS] emit stack Result box retains actual returned value
  [PASS] emit channel send retains boxed temp
  [PASS] emit raw scalar tensor get unchecked
  [PASS] emit statement-shaped binary operand
  [PASS] emit owned argument protection across later checkpoint
  [PASS] emit nullable option construction
  [PASS] emit nullable option statement list payload
  [PASS] emit statement list call argument
  [PASS] emit statement field inline struct list element
  [PASS] emit statement tuple elements
  [PASS] emit nullable option constructor match
  [PASS] emit constructor payload string literal length dispatch
  [PASS] emit stack option constructor match
  [PASS] emit boxed stack Option native payload without case context
  [PASS] emit boxed stack Option enum payload uses projected type
  [PASS] emit constructor payload literal match
  [PASS] emit boxed Result payload literal match
  [PASS] emit stack Result constructor match
  [PASS] emit boxed Option stack Result constructor match
  [PASS] emit boxed Option stack Result from list match
  [PASS] emit stack Result void payload match
  [PASS] emit Bool constructor match
  [PASS] emit noncancelling constructor match without scrutinee cleanup
  [PASS] emit inert constructor match omits only scrutinee cleanup
  [PASS] emit cancelling constructor match retains scrutinee cleanup
  [PASS] emit inert length match omits only scrutinee cleanup
  [PASS] emit cancelling accessor match retains scrutinee cleanup
  [PASS] emit stack Result task closure return uses stack Result box
  [PASS] emit task copy managed record keeps pointer slots
  [PASS] emit stack Result construction
  [PASS] emit boxed Result construction
  [PASS] emit stack Result Option payload boxes stack Option
  [PASS] emit stack Result tuple payload with statement body
  [PASS] emit generated stack Option typedefs
  [PASS] emit managed record fields use forward declarations
  [PASS] emit bounded range stack Option
  [PASS] emit void stack Option payload
  [PASS] emit builtin Option constructors through prepare
  [PASS] emit stack Option raw boxed primitive payload
  [PASS] emit managed record nullable Option payload
  [PASS] emit reserved C identifier
  [PASS] emit predefined C macro identifier
  [PASS] emit reserved C function identifier
  [PASS] emit static scalar global
  [PASS] emit literal string global uses static pool
  [PASS] emit static inline int list global
  [PASS] emit owned heap record global
  [PASS] emit heap record reuse with unique and fresh paths
  [PASS] emit sparse heap record update mutates only replacement fields
  [PASS] emit sparse heap record update honors every release policy
  [PASS] emit multiple sparse record update sites remain site local
  [PASS] emit owned heap record list global
  [PASS] emit owned tuple global
  [PASS] emit static float tuple global
  [PASS] emit owned stack Result globals
  [PASS] emit owned generic union global
  [PASS] emit union reuse constructor helper
  [PASS] emit core pipeline runs union reuse
  [PASS] emit static nonfinite float globals
  [PASS] emit static 64-bit edge globals
  [PASS] emit mutable scalar global
  [PASS] emit dynamic global init
  [PASS] emit dynamic global init function prototypes
  [PASS] emit owned const dict global
  [PASS] emit owned const erased union global
  [PASS] emit static closure forward decl
  [PASS] emit noncancelling task closure without moved capture cleanup
  [PASS] emit moved task capture cleanup uses legacy slots
  [PASS] emit moved StackResult capture cleanup
  [PASS] emit resource scope takes over moved task capture cleanup
  [PASS] emit tuple construct and field access
  [PASS] emit managed record tuple construct
  [PASS] emit stack Result tuple construct
  [PASS] emit stack Result tuple field retains borrowed value
  [PASS] emit statement stack Result tuple construct
  [PASS] emit managed tuple construct
  [PASS] emit float tuple construct
  [PASS] emit pointer tuple field access
  [PASS] emit float tuple field access
  [PASS] emit stack Option tuple field access
  [PASS] emit managed builtin tuple field access
  [PASS] emit stack Option tuple field match
  [PASS] emit nullable Option tuple field match
  [PASS] emit nullable Option tuple field match from generated let
  [PASS] emit nullable Option tuple field match from tuple scrutinee
  [PASS] emit inline Option list construct
  [PASS] emit boxed struct value uses temp
  [PASS] emit pointer list retain and set
  [PASS] emit managed record list retain uses runtime policy
  [PASS] emit list retain uses prepared value ownership
  [PASS] emit raw stack Result list retain
  [PASS] emit raw pointer list retain uses runtime policy
  [PASS] emit raw managed record list retain uses runtime policy
  [PASS] emit inline list get and unbox
  [PASS] emit inline float list get and unbox
  [PASS] emit inline Option list get and unbox
  [PASS] emit inline Option list for loop
  [PASS] emit inline scalar list for loop
  [PASS] emit statement iterable list for loop
  [PASS] emit string for loop
  [PASS] emit dict key for loop
  [PASS] emit dict pair for loop
  [PASS] emit set for loop
  [PASS] emit stream for loop
  [PASS] emit resource source for loop
  [PASS] emit resource source concurrently loop
  [PASS] emit structured borrow task remains unsupported
  [PASS] emit owned resource source concurrently loop cleans source
  [PASS] emit detach
  [PASS] emit channel stack Result for loop
  [PASS] emit channel managed value for loop
  [PASS] emit select channel timer wait
  [PASS] emit select stack Result receive cleanup
  [PASS] emit list length match with spread binding
  [PASS] emit union payload list length match uses payload root
  [PASS] emit union payload list length expr uses bound scrutinee
  [PASS] emit owned list literal length match releases scrutinee
  [PASS] emit inline list set
  [PASS] emit inline float list set
  [PASS] emit inline list swap
  [PASS] emit pointer list set statement value
  [PASS] emit list handoff reuse expression
  [PASS] emit inline scalar list handoff set
  [PASS] emit list handoff store statement value
  [PASS] emit string byte operations
  [PASS] emit string byte write with ordered intrinsic
  [PASS] emit tensor raw operations
  [PASS] emit tensor raw write materializes ordered value
  [PASS] emit tensor raw fill unboxes scalar value
  [PASS] emit tensor managed record literal
  [PASS] emit tensor boxed literal release policy
  [PASS] emit tensor managed record pointer read retains child
  [PASS] emit tensor managed record get checked
  [PASS] emit tensor managed record get_or shape
  [PASS] emit tensor managed record set nullable
  [PASS] emit tensor managed record checked set
  [PASS] emit direct runtime managed record tensor helpers
  [PASS] emit direct runtime boxed Int128 fill owns elements
  [PASS] emit direct runtime tensor set consumes owned receiver
  [PASS] emit direct runtime consumes owned non-first argument
  [PASS] emit direct string tensor fill and set
  [PASS] emit borrowed runtime result as borrowed call argument
  [PASS] emit owned raw runtime result cast as managed call argument
  [PASS] emit ranked tensor checked get injects static shape
  [PASS] emit unbox statement-shaped stream fold
  [PASS] emit tensor packed fill
  [PASS] emit tensor packed matrix checked set
  [PASS] emit Float16 tensor set does not release immediate box
  [PASS] emit tensor managed record for loop
  [PASS] emit tensor runtime read for loop
  [PASS] emit tensor raw scalar for loop
  [PASS] emit tensor row slice for loop
  [PASS] emit tensor boxed for loop
  [PASS] emit tensor row slice then hash container constructors
  [PASS] emit hash container constructors
  [PASS] emit dict constructor consumes owned entries
  [PASS] emit managed value dict constructors initialize release
  [PASS] emit dict get int builtin call
  [PASS] emit dict get managed record builtin call
  [PASS] emit dict remove builtin call
  [PASS] emit set add builtin call
  [PASS] emit drop release policies
  [PASS] emit let cleanup tracks owned bytes
  [PASS] emit discard assignment borrows then drops string
  [PASS] emit discard assignment releases owned string
  [PASS] emit discarded scalar expression is explicit
  [PASS] emit borrow let string alias has no cleanup
  [PASS] emit let direct return transfers owned bytes
  [PASS] emit noncancelling let alias return without source cleanup
  [PASS] emit cancelling let alias return tracks only the alias
  [PASS] emit loop var assignment rearms cleanup slot
  [PASS] emit owned parameter slot pushed at entry
  [PASS] emit owned parameter without cancellation point has no slot
  [PASS] emit owned parameter handed on before cancellation has no slot
  [PASS] emit borrowed parameter has no slot operations
  [PASS] emit owned parameter moved into tuple has no slot
  [PASS] emit local moved into tuple pops before park
  [PASS] emit moved reference dup alias gives back the source unit
  [PASS] emit moved reference alias after suspension pops the source
  [PASS] emit moved reference constructor pops the source after building
  [PASS] emit moved reference constructor before suspension tracks only the result
  [PASS] emit let user call transfers owned bytes
  [PASS] emit let user call transfer pops cleanup at call site
  [PASS] emit noncancelling let transfer tail without alias cleanup
  [PASS] emit compiler-owned result temp is hygienic
  [PASS] emit tuple literal preparation
  [PASS] emit managed record construct expression
  [PASS] emit managed record constructor ignores reserved source field
  [PASS] emit internal managed record Boolean-tail order
  [PASS] emit managed record construct statement field
  [PASS] emit statement-shaped managed record field access
  [PASS] emit managed record literal preparation
  [PASS] emit managed record range expression
  [PASS] emit heap record declaration and field access
  [PASS] emit heap record Boolean field storage
  [PASS] emit internal heap record byte enum field storage
  [PASS] emit native snapshot copyout owns managed result
  [PASS] emit foreign heap record preserves field order
  [PASS] emit reserved source record field names use ordinals
  [PASS] emit runtime-reserved source member names use ordinals
  [PASS] emit heap record construct expression
  [PASS] emit enum declaration and typed function
  [PASS] emit constructor match expression
  [PASS] emit constructor match with let scrutinee
  [PASS] emit union declaration and constructor
  [PASS] emit self-recursive union destructor is iterative
  [PASS] emit union Int128 boxed payload destroy
  [PASS] emit constructor match with union payload binding
  [PASS] emit nullable union match after drop
  [PASS] emit nullable singleton union from list get
  [PASS] emit erased union with managed payload
  [PASS] emit erased union with nullary singleton
  [PASS] emit boxed Option constructor
  [PASS] emit let binding statement
  [PASS] emit let binding from statement RHS
  [PASS] emit statement RHS scopes reused inner names
  [PASS] emit void statement RHS scopes reused inner names
  [PASS] emit binary operands scope reused inner names
  [PASS] emit union payloads scope reused inner names
  [PASS] emit union payloads in source order
  [PASS] emit record fields in source order
  [PASS] emit call arguments in source order
  [PASS] emit mixed simple and complex call arguments in source order
  [PASS] emit intrinsic call arguments in source order
  [PASS] emit direct runtime call arguments in source order
  [PASS] emit borrowed tuple projection call without release
  [PASS] emit builtin call arguments in source order
  [PASS] emit foreign call arguments in source order
  [PASS] emit closure call arguments in source order
  [PASS] emit ordered closure Void argument without invalid declaration
  [PASS] emit static literal ordering temp without allocation
  [PASS] emit static literal let without cancellation cleanup
  [PASS] emit single-effect intrinsic argument without nested failure
  [PASS] emit read before effectful argument in source order
  [PASS] emit union reuse payloads scope reused inner names
  [PASS] emit void let as statement sequence
  [PASS] emit discard let without binding declaration
  [PASS] emit assignment statement
  [PASS] emit while statement
  [PASS] emit break and continue statements
  [PASS] emit local variable has cleanup slot but definition value does not
  [PASS] emit sequence statement before return
  [PASS] emit statement if with result temp
  [PASS] emit nested statement if with distinct temps
  [PASS] emit let collection equality consumes cleanup
  [PASS] emit cow field take empties unique source slot

All 365 tests passed

>> Native snapshot adapters Tests
  [PASS] snapshot ABI requires declared identity
  [PASS] memory bridge reads one snapshot before managed construction
  [PASS] scheduler bridge copies every native field in order
  [PASS] native schema rejects missing reordered and managed fields
  [PASS] adapter uses its managed constructor linkage

All 5 tests passed

>> Blorp compiler Core fairness Tests
  [PASS] inserts checkpoint at start of while body
  [PASS] does not duplicate existing checkpoint
  [PASS] inserts checkpoint at start of for range body
  [PASS] inserts checkpoint at start of tailrec loop body
  [PASS] preserves nested length match ownership
  [PASS] descends into pre-closure detach body
  [PASS] descends into select arms
  [PASS] reuses expression without loops
  [PASS] reuses loop that already starts with checkpoint
  [PASS] rebuilds only the spine to a checkpointed loop

All 10 tests passed

>> Blorp compiler Core FFI boundary Tests
  [PASS] attaches default policies
  [PASS] preserves explicit borrow
  [PASS] rejects managed default arg
  [PASS] large declaration program is stack bounded

All 4 tests passed

>> Blorp compiler callable flattening Tests
  [PASS] prefixes declarations and selected references
  [PASS] empty type index preserves prefixed Core program
  [PASS] disambiguates pure overload and reference
  [PASS] pure overload records the ordinary overload as its base
  [PASS] prefixes unresolved builtins but preserves foreign names
  [PASS] preserves local shadow without callable id
  [PASS] rewrites closure references and preserves impl method names
  [PASS] prefers bodied overload to forward declaration
  [PASS] rejects ambiguous callable target
  [PASS] rejects generated callable target name collision
  [PASS] rewrites every reference to a collapsed overload by id
  [PASS] prefers builtin implementation to forward declaration
  [PASS] preserves builtin overload selected over forward declaration
  [PASS] deduplicates same name by declaration order not def_id
  [PASS] preserves implementation and order with duplicates before and after
  [PASS] preserves non-function declarations while deduplicating functions
  [PASS] deduplicates empty program
  [PASS] deduplicates many interleaved duplicate names
  [PASS] preserves trait signatures
  [PASS] prefixes global declaration and unshadowed references
  [PASS] preserves parameter shadowing module global
  [PASS] binding RHS sees global while body sees local
  [PASS] reuses parameter scope across sibling expressions
  [PASS] preserves only explicit std ABI type declarations
  [PASS] rewrites module-local type references with declaration
  [PASS] first declaration of a repeated type name wins
  [PASS] reuses function body that needs no rewriting
  [PASS] rebuilds only the spine to a rewritten reference
  [PASS] rewrites deep sequence types without recursive spine walk
  [PASS] rewrites deep binding types without recursive generic walk
  [PASS] rewrites deep logical types without recursive spine walk
  [PASS] profile fixture exercises prefix and alias rewrite
  [PASS] match bound-names profile exercises raw match scopes

All 33 tests passed

>> Blorp compiler first-class function references Tests
  [PASS] user function ref gets eta adapter
  [PASS] eta adapter records the adapted function as origin
  [PASS] function-typed ref gets eta adapter
  [PASS] resolved builtin ref uses runtime name
  [PASS] local shadow is not wrapped
  [PASS] direct call callee is not wrapped
  [PASS] non-closure var is not wrapped
  [PASS] duplicate def-id uses exact name
  [PASS] resource scope binding is not wrapped

All 9 tests passed

>> Blorp compiler Core JSON Tests
  [PASS] Core JSON round trips native tag equality origin
  [PASS] Core accessor JSON round trips boxed Option payload
  [PASS] Core accessor JSON rejects boxed Option without storage type
  [PASS] Core variant refs round trip through JSON
  [PASS] Core expression JSON round trips static string literal
  [PASS] Core variables share definitions only by resolved named identity
  [PASS] Core expression JSON deep sequence is stack bounded
  [PASS] Core expression JSON deep logical tree is stack bounded
  [PASS] Core type JSON round trips range
  [PASS] Core type JSON preserves unresolved parameter identity
  [PASS] Core type JSON round trips tensor details
  [PASS] Core program JSON round trips
  [PASS] Core program JSON round trips early declarations
  [PASS] Core program JSON round trips intrinsic call
  [PASS] Core program JSON round trips unknown call
  [PASS] Core program JSON round trips selected direct call
  [PASS] Core program JSON round trips deferred trait call
  [PASS] Core program JSON round trips selected trait call
  [PASS] Core program JSON round trips foreign default arg policy
  [PASS] Core program JSON round trips fallible stream terminal call
  [PASS] Core program JSON round trips stream for loop
  [PASS] Core program JSON round trips resource source for loop
  [PASS] Core program JSON round trips resource concurrently loop
  [PASS] Core program JSON round trips channel for loop
  [PASS] Core program JSON round trips select
  [PASS] set allocation JSON schema is stable
  [PASS] trait hash constructor JSON round-trips key type
  [PASS] detach JSON schema is stable
  [PASS] pre-closure detach JSON schema is stable
  [PASS] select JSON schema is stable
  [PASS] Core program JSON round trips tensor parallel call
  [PASS] Core program JSON round trips tensor parallel raw scalar call
  [PASS] Core program JSON round trips direct runtime call
  [PASS] Core program JSON round trips dict with capacity call
  [PASS] Core program JSON preserves empty program
  [PASS] Core union representation JSON round trips boxed Option
  [PASS] Core program JSON round trips global declaration
  [PASS] Core program JSON round trips managed record range
  [PASS] Core managed record metadata round trips and fails closed
  [PASS] Core program JSON round trips managed record construct
  [PASS] Core program JSON round trips managed record literal
  [PASS] Core program JSON round trips managed record update
  [PASS] Core program JSON round trips heap record reuse
  [PASS] Core program JSON round trips heap record COW update
  [PASS] Core program JSON rejects degenerate record COW updates
  [PASS] Core program JSON rejects malformed record COW field schema
  [PASS] Core program JSON rejects wrong record COW replacement type
  [PASS] Core JSON rejects invalid record COW sources
  [PASS] Core program JSON rejects missing record COW declaration
  [PASS] Core JSON rejects non-variable record reuse source
  [PASS] Core JSON rejects non-heap record reuse type
  [PASS] Core JSON rejects mismatched record reuse source type
  [PASS] Core program JSON rejects incomplete record reuse shape
  [PASS] Core program JSON rejects managed-record declarations for reuse
  [PASS] Core program JSON round trips empty record update
  [PASS] Core JSON rejects non-variable record update base
  [PASS] Core JSON rejects mismatched record update base type
  [PASS] Core program JSON rejects invalid record update shapes
  [PASS] Core program JSON round trips inline-struct tensor literal
  [PASS] Core program JSON round trips tensor for loop
  [PASS] Core program JSON round trips runtime-read tensor for loop
  [PASS] Core program JSON round trips heap record field
  [PASS] Core program JSON round trips heap record construct
  [PASS] Core program JSON round trips tuple construct
  [PASS] Core program JSON round trips struct tuple construct
  [PASS] Core program JSON round trips stack Result tuple construct
  [PASS] Core program JSON round trips float tuple construct
  [PASS] Core program JSON round trips tuple literal
  [PASS] Core program JSON round trips let expression
  [PASS] Core program JSON round trips modulo expression
  [PASS] Core program JSON round trips logical expression
  [PASS] Core program JSON round trips assignment expression
  [PASS] Core program JSON round trips while expression
  [PASS] Core program JSON round trips debug block
  [PASS] Core program JSON round trips tailrec loop
  [PASS] Core program JSON round trips tailrec list-spread loop
  [PASS] Core program JSON round trips range for loop
  [PASS] Core program JSON round trips literal match
  [PASS] Core program JSON round trips semantic match
  [PASS] Core program JSON round trips semantic match without optional branches
  [PASS] Core program JSON round trips literal match fallback binding
  [PASS] Core program JSON round trips literal match fail fallback
  [PASS] Core program JSON round trips cast expression
  [PASS] Core program JSON round trips box expression
  [PASS] Core program JSON round trips Int128 box expression
  [PASS] Core program JSON round trips primitive literals
  [PASS] Core program JSON round trips nonfinite float literals
  [PASS] Core literal JSON uses nonfinite float tags
  [PASS] Core literal JSON uses wide int tag
  [PASS] Core literal JSON encodes exact Int
  [PASS] Core literal JSON decodes exact Int
  [PASS] Core literal JSON uses float text tag
  [PASS] Core program JSON round trips enum declaration
  [PASS] Core program JSON round trips union construct
  [PASS] Core program JSON round trips stack Result construct
  [PASS] Core program JSON round trips stack option list construct
  [PASS] Core program JSON round trips list alloc get unbox
  [PASS] Core program JSON round trips list length match
  [PASS] Core program JSON round trips string byte nodes
  [PASS] Core program JSON round trips tensor raw nodes
  [PASS] Core program JSON round trips hash container nodes
  [PASS] Core program JSON round trips raw dict literal
  [PASS] Core program JSON emits raw dict literal tag
  [PASS] Core program JSON decodes raw dict literal
  [PASS] Core program JSON round trips raw vector literal
  [PASS] Core program JSON round trips list handoff
  [PASS] Core program JSON round trips list swap
  [PASS] Core program JSON round trips constructor match
  [PASS] Core program JSON round trips union constructor match binding
  [PASS] Core program JSON round trips resource nodes
  [PASS] Core program JSON round trips closure create
  [PASS] Core program JSON round trips captured closure create
  [PASS] Core program JSON round trips raw lambda
  [PASS] Core program JSON preserves foreign declaration shape
  [PASS] Core program JSON rejects unknown foreign link platform
  [PASS] Core program JSON round trips foreign includes
  [PASS] Core program JSON rejects missing decls
  [PASS] Core program JSON rejects missing foreign includes
  [PASS] Core program JSON rejects unknown expression tag
  [PASS] Core JSON error strings are stable
  [PASS] Core program JSON round trips cow field take
  [PASS] Core program JSON round trips module member
  [PASS] Core program JSON round trips product field
  [PASS] Core JSON rejects product field without ordinal
  [PASS] Core JSON rejects negative product field ordinal
  [PASS] Core JSON round trips source function origin name id
  [PASS] Core JSON round trips impl method origin
  [PASS] Core JSON round trips ordinary impl method origin
  [PASS] Core JSON round trips projected impl method origin
  [PASS] Core JSON round trips pure variant origin
  [PASS] Core JSON round trips mono instance origin with every argument kind
  [PASS] Core JSON round trips synthesized origin keeping declared origin
  [PASS] Core JSON round trips every synthesis kind
  [PASS] Core JSON round trips hoisted origins
  [PASS] Core JSON round trips eta expansion origin
  [PASS] Core JSON round trips entrypoint origins
  [PASS] Core JSON rejects unknown origin tag
  [PASS] Core JSON rejects function without origin
  [PASS] Core JSON round trips every module origin
  [PASS] Core JSON rejects malformed module origin
  [PASS] Core JSON rejects unknown synthesis kind
  [PASS] Core JSON rejects unknown entrypoint kind
  [PASS] Core JSON rejects malformed substitution kind
  [PASS] Core JSON rejects malformed declared origin
  [PASS] Core JSON rejects negative name id

All 145 tests passed

>> Core known functions Tests
  [PASS] list members
  [PASS] string members
  [PASS] parallel members
  [PASS] option members
  [PASS] math members
  [PASS] module decides
  [PASS] module path spelling matters
  [PASS] flattened spelling is not a member
  [PASS] HasLength length
  [PASS] index by module and origin
  [PASS] index reads copies through declarations
  [PASS] orphan copy has no member
  [PASS] index HasLength method
  [PASS] late program agrees with index
  [PASS] one row per variant
  [PASS] impl rows are known
  [PASS] row keys are unique
  [PASS] rows round trip

All 18 tests passed

>> Core module table threading Tests
  [PASS] standard modules by path
  [PASS] absent standard modules
  [PASS] user module is not stdlib
  [PASS] mono index uses the state table
  [PASS] index carries table
  [PASS] empty index
  [PASS] pass state carries table
  [PASS] prepared program table

All 8 tests passed

>> Blorp late Core invariants Tests
  [PASS] Perceus boundary rejects forms outside the pass window
  [PASS] final boundary rejects disagreeing user call contracts
  [PASS] DCE boundary requires named releasing match scrutinee
  [PASS] record update boundary starts at Perceus
  [PASS] closure boundary rejects lambda
  [PASS] composite tail boundary rejects lambda
  [PASS] closure boundary rejects pre-closure detach
  [PASS] closure boundary rejects pre-closure concurrent block
  [PASS] closure boundary rejects pre-closure concurrent loop
  [PASS] final boundary rejects unresolved call
  [PASS] final boundary rejects debug block
  [PASS] final boundary rejects nested debug block
  [PASS] final boundary rejects raw match
  [PASS] final boundary rejects semantic match
  [PASS] final boundary rejects raw tuple
  [PASS] final boundary rejects raw vector
  [PASS] final boundary rejects raw dictionary
  [PASS] final boundary rejects raw record
  [PASS] final boundary accepts prepared tuple
  [PASS] final boundary rejects missing ownership contract
  [PASS] final boundary rejects layout-free list allocation
  [PASS] final boundary rejects erased key temp marker
  [PASS] final boundary rejects unchecked string intrinsic
  [PASS] final boundary rejects unchecked raw tensor intrinsic
  [PASS] final boundary rejects invalid resource cleanup
  [PASS] final boundary rejects cleanup of unrelated resource
  [PASS] final boundary accepts direct resource cleanup
  [PASS] final boundary rejects resource-scope break
  [PASS] final boundary accepts loop-local break in resource scope
  [PASS] final boundary accepts managed release on loop exit
  [PASS] final boundary rejects non-release cleanup-exit action
  [PASS] final boundary rejects nonpositive concurrency limit
  [PASS] final boundary accepts valid concurrent block
  [PASS] final boundary rejects unbound raw tensor view
  [PASS] final boundary rejects raw tensor kind mismatch
  [PASS] final boundary accepts consistent raw tensor view
  [PASS] final boundary rejects misplaced cooperative checkpoint
  [PASS] final boundary accepts loop-entry cooperative checkpoint
  [PASS] final boundary accepts concurrent loop-entry cooperative checkpoint
  [PASS] final boundary accepts select-arm entry cooperative checkpoint
  [PASS] final boundary accepts emittable literal
  [PASS] final boundary rejects definition ID owned by two functions
  [PASS] final boundary rejects two functions implementing one callback on one type
  [PASS] final boundary accepts one callback per type
  [PASS] final boundary rejects negative definition ID
  [PASS] final boundary rejects same-named methods from distinct impls

All 46 tests passed

>> Blorp compiler Core list layout Tests
  [PASS] classifies primitive widths
  [PASS] classifies declared enum and managed record
  [PASS] expands aliases
  [PASS] resolves deep alias chain to canonical type
  [PASS] resolve returns same allocation when unchanged
  [PASS] self cycle stops at alias name
  [PASS] mutual cycle stops at reentered alias name
  [PASS] alias cycle membership is branch-local
  [PASS] alias substitution preserves nominal identity
  [PASS] resolves aliases across nested function and tuple types
  [PASS] classifies stack option inline struct
  [PASS] classifies pointer release policy
  [PASS] indexed layout queries reuse declaration facts
  [PASS] annotates function global and impl bodies
  [PASS] repairs product pointer element ownership
  [PASS] defers inline enum element reboxing
  [PASS] repairs heap record element release metadata
  [PASS] repairs aliased heap record element release metadata
  [PASS] repairs stack result element boxing
  [PASS] annotates inline struct list loop

All 20 tests passed

>> Blorp compiler Core lowering Tests
  [PASS] lowers int literal with known location
  [PASS] builds canonical UFCS names from a module prefix
  [PASS] preserves empty UFCS prefixes and relative decoding
  [PASS] lowers special float literals
  [PASS] lowers debug block for Core debug
  [PASS] lowers wide int literal when it does not fit Int
  [PASS] lowers expression value type after widening
  [PASS] lowers const int expression value type as int
  [PASS] lowers string interpolation without Core sugar
  [PASS] lowers binary expression
  [PASS] lowers resolved local direct call
  [PASS] rejects a definition-backed call outside the Core table
  [PASS] rejects a definition-backed call with the wrong kind
  [PASS] does not apply inner direct identity to returned function call
  [PASS] lowers local function reference with callable id
  [PASS] lowers resolved imported direct call with explicit identity
  [PASS] lowers qualified imported direct call with explicit identity
  [PASS] lowers imported function reference with callable id
  [PASS] lowers resolved imported direct call
  [PASS] lowers resolved constructor direct call as unknown
  [PASS] lowers deferred trait method call with dispatch identity
  [PASS] lowers accepted deferred trait method call through exact identity
  [PASS] lowers selected trait method call with dispatch identity
  [PASS] rejects accepted trait outside Core definition table
  [PASS] rejects accepted unresolved trait outside Core definition table
  [PASS] rejects accepted unresolved trait without a Core definition table
  [PASS] lowers resolved foreign direct call as unknown
  [PASS] lowers non-reflection intrinsic call as unknown
  [PASS] lowers debug reflection intrinsic call
  [PASS] lowers resolved builtin direct call
  [PASS] lowers to_string builtin as trait dispatch sentinel
  [PASS] lowers resolved closure call
  [PASS] lowers resolved function value with callable id
  [PASS] lowers resolved constructor value with constructor id
  [PASS] lowers tuple expression
  [PASS] lowers list expression
  [PASS] lowers vector expression
  [PASS] lowers dict expression
  [PASS] lowers if expression
  [PASS] lowers match expression to raw Core patterns
  [PASS] lowers binding and constructor match patterns
  [PASS] lowers select expression
  [PASS] lowers select Duration timeout with round-up
  [PASS] lowers block expression to sequence
  [PASS] lowers block local var decl to let
  [PASS] lowers local annotation from semantic initializer type
  [PASS] local binding uses resolved initializer type
  [PASS] lowers tuple destruct in block
  [PASS] lowers tuple destruct skipping wildcard
  [PASS] lowers question bind Option to raw match
  [PASS] lowers question bind Result to raw match
  [PASS] lowers plain with to resource scope
  [PASS] lowers plain with fallback close
  [PASS] lowers Result with try to resource match
  [PASS] lowers Result with try error map
  [PASS] lowers while expression
  [PASS] lowers range for expression
  [PASS] lowers first-class range for once
  [PASS] lowers indices loop view to range
  [PASS] lowers windows loop view to slices
  [PASS] lowers enumerate tuple loop view
  [PASS] lowers multidimensional enumerate to row slices
  [PASS] lowers enumerate2 tuple loop view
  [PASS] lowers list for expression
  [PASS] lowers resource source for expression
  [PASS] lowers one dimensional tensor for expression
  [PASS] lowers multidimensional tensor for to row slices
  [PASS] lowers string for expression
  [PASS] lowers dict for expression
  [PASS] lowers dict tuple for expression
  [PASS] lowers channel for expression
  [PASS] lowers set for expression
  [PASS] lowers stream for expression
  [PASS] lowers lambda expression
  [PASS] mints distinct id for shadowing in nested scopes
  [PASS] lambda parameter shadows enclosing let
  [PASS] match binding mints identity from its own span
  [PASS] or-pattern alternatives share the first alternative's binder
  [PASS] question-bind kinds at one span get distinct ids
  [PASS] match binding shadows an outer local of the same name
  [PASS] loop binder scope does not leak after the loop
  [PASS] lowers detach expression to pre-closure detach
  [PASS] lowers block-head concurrent block with tail scope
  [PASS] lowers concurrent parameters
  [PASS] lowers for concurrently parameters
  [PASS] lowers concurrent resource source for
  [PASS] lowers opaque wrappers to representation types
  [PASS] lowers assignment expression
  [PASS] lowers record field access at its row ordinal
  [PASS] lowers field read of a record named Module
  [PASS] rejects record field access without field identity
  [PASS] lowers module qualified selection to module member
  [PASS] lowers tuple field access expression
  [PASS] lowers range expression
  [PASS] lowers record expression
  [PASS] lowers record update with explicit Core intent
  [PASS] rejects record update without checked shape
  [PASS] lowers declared empty record update shape
  [PASS] lowers call without resolved metadata as unknown
  [PASS] lowers tuple type
  [PASS] lowers ParallelVector to tensor type
  [PASS] lowers ParallelMatrix to tensor type
  [PASS] rejects malformed parallel tensor type
  [PASS] lowers type parameter with explicit identity
  [PASS] lowers const int tuple element as Int
  [PASS] lowers Self type with explicit identity
  [PASS] lowers const int named type argument as int
  [PASS] flattens canonical module type name
  [PASS] lowers function decl preserving callable id
  [PASS] lowered function records its source name as origin
  [PASS] lowering without a module table gives no source module
  [PASS] lowering a function whose module is missing from the table fails
  [PASS] lowered foreign function records its source name as origin
  [PASS] lowered impl method records trait and method as origin
  [PASS] lowers tuple pattern parameter bindings
  [PASS] lowers forward function decl
  [PASS] lowers deferred std builtin function decl
  [PASS] rejects mismatched source builtin marker
  [PASS] rejects bare source builtin marker
  [PASS] lowers runtime helper builtin function decl
  [PASS] lowers foreign function metadata
  [PASS] lowers foreign includes in first-seen order
  [PASS] lowers global decl minting def id
  [PASS] lowers global decl with semantic definition id
  [PASS] lowers const-refined global binding as runtime Int
  [PASS] lowers private global visibility
  [PASS] lowers struct as managed record decl
  [PASS] record forms lower to one declaration recording the form
  [PASS] lowers heap record decl with field release policy
  [PASS] lowers derived record equality to a fieldwise impl
  [PASS] lowers no impl for written or absent record equality
  [PASS] lowers derived tuple equality beside trait
  [PASS] lowers exact std declaration with ABI identity
  [PASS] does not assign ABI identity by declaration name
  [PASS] lowers enum decl with variant def ids
  [PASS] union forms lower to identical managed payload declarations
  [PASS] lowers union decl with typed payload storage
  [PASS] lowers generic union with semantic payload type
  [PASS] lowers type alias decl
  [PASS] lowers trait signatures
  [PASS] lowers impl decl and threads method context
  [PASS] lowers program sequentially
  [PASS] prepares module graph at Core boundary
  [PASS] Core graph rejects module ID outside table
  [PASS] Core graph rejects duplicate definition authority
  [PASS] Core graph rejects foreign CTFE replacement authority
  [PASS] Core graph consumes keyed CTFE replacement without rewriting source
  [PASS] reports Core graph flatten errors with module context
  [PASS] prepared graph uses module ID for repeated imports
  [PASS] sanitized module name replaces every non-identifier character
  [PASS] sanitized module name folds host path characters C rejects
  [PASS] module member prefix spells the member name authority
  [PASS] synthesizes explicit program entrypoint
  [PASS] consumes import and builtin type metadata
  [PASS] rejects untyped non-metadata declaration
  [PASS] payload-free union forms use scalar storage
  [PASS] lowers typed program fixture to Core JSON

All 157 tests passed

>> Compiler callable-name registry profile benchmark Tests
  [PASS] single module counts work
  [PASS] multi module counts work
  [PASS] private declarations count work
  [PASS] impl methods count work

All 4 tests passed

>> Blorp compiler Core match Tests
  [PASS] normalizes nested builtin constructors
  [PASS] fuses direct constructor binding
  [PASS] fuses direct constructor wildcard fallback
  [PASS] non-simple matching constructor blocks fusion
  [PASS] expands or-pattern before direct fusion
  [PASS] does not fuse non-constructor call
  [PASS] compiles catchall binding leaf
  [PASS] compiles literal switch with fallback
  [PASS] compiles flat constructor switch
  [PASS] constructor grouping preserves first occurrence order
  [PASS] compiles constructor literal payload
  [PASS] compiles nested constructor payload
  [PASS] constructor group arms bind their own outer variables
  [PASS] constructor payload catchall shadows later cases
  [PASS] compiles constructor tuple payload
  [PASS] compiles simple tuple bindings
  [PASS] preserves all-pattern bindings and modes
  [PASS] compiles tuple literal columns
  [PASS] compiles tuple constructor columns
  [PASS] compiles tuple constructor and list columns
  [PASS] compiles tuple with two list columns
  [PASS] preserves list spread source order
  [PASS] compiles list literal elements
  [PASS] compiles list constructor elements
  [PASS] compiles list tuple elements
  [PASS] ordered list match current fallback duplication count
  [PASS] constructor matrix growth stays linear
  [PASS] tuple payload matrix growth stays linear
  [PASS] tuple column keeps whole value catchall binding
  [PASS] constructor matrix rejects inconsistent payload arity
  [PASS] omits unused list spread binding
  [PASS] preserves used list spread binding
  [PASS] omits list spread shadowed by let body
  [PASS] preserves list spread used by let rhs
  [PASS] compiles constructor wrapped list pattern
  [PASS] constructor literal preserves sibling list guard
  [PASS] tuple constructor preserves nested list guard
  [PASS] list constructor preserves nested list guard
  [PASS] program compiles nested matches bottom up
  [PASS] program normalizes before direct constructor fusion

All 40 tests passed

>> Late backend semantic match projection Tests
  [PASS] projects union declarations at beginning middle and end
  [PASS] projects enum constructor matches
  [PASS] projects duplicate constructor names by declaring type
  [PASS] projects stack Option bindings
  [PASS] projects erased union stack Option bindings with storage type
  [PASS] projects typed union stack Option bindings inline
  [PASS] projects nested literal matches
  [PASS] reprojects typed nullable Option matches
  [PASS] reprojects typed stack Option matches
  [PASS] reprojects tuple stack Result payloads as values
  [PASS] reprojects generic union binding types
  [PASS] reprojects generic union binding accessors
  [PASS] projects root literal matches
  [PASS] projects length branches
  [PASS] owned temporary match has one cleanup owner
  [PASS] synthetic owned temporary match has named owner
  [PASS] nested synthetic matches have distinct owner identities
  [PASS] materializes releasing backend constructor match
  [PASS] materializes releasing backend accessor match
  [PASS] materializes releasing backend length match
  [PASS] preserves nonreleasing backend match scrutinee
  [PASS] managed projection match owns named temporary
  [PASS] invalid constructors fail closed
  [PASS] normalizes singleton constructor ownership
  [PASS] preserves resolved nonconstructor ownership
  [PASS] projection is idempotent
  [PASS] duplicate union names retain first projection
  [PASS] duplicate constructor spelling retains first projection
  [PASS] duplicate constructor def-id retains name projection
  [PASS] match projection index hook reports layout work
  [PASS] unresolved constructor name does not normalize singleton
  [PASS] deep variant accessor projection matches complete core
  [PASS] deep variant accessor projection is stack bounded
  [PASS] fused resolve/backend/match walk matches standalone sequence

All 34 tests passed

>> Blorp compiler Core monomorphization Tests
  [PASS] collects simple type parameter
  [PASS] collects nested type parameter
  [PASS] rejects conflicting repeated parameter
  [PASS] repeated parameter accepts same type
  [PASS] identity evidence does not conflict with concrete evidence
  [PASS] unresolved outer evidence keeps substitution open
  [PASS] same-named outer type evidence stays open in both orders
  [PASS] nominal type name is not a type parameter
  [PASS] collects and applies Self type
  [PASS] dimension parameter ignores value type evidence
  [PASS] same-named outer dimension evidence stays open in both orders
  [PASS] dimension identity does not conflict with concrete evidence
  [PASS] equivalent dimension evidence is normalized
  [PASS] nested dimension constants are normalized
  [PASS] value substitution erases range refinement
  [PASS] same-named outer dimension pack stays open in both orders
  [PASS] collects variadic tensor dimensions
  [PASS] collects implicit trailing dimension pack
  [PASS] applies nested type and dimension substitution
  [PASS] dimension substitution erases value parameter to Int
  [PASS] dimension pack application resolves nested scalar dimensions
  [PASS] dimension pack application terminates on indirect cycle
  [PASS] applies function type substitution
  [PASS] concrete substitution rejects unresolved types
  [PASS] specialization requires a closed signature
  [PASS] mangle is sorted and encodes shapes
  [PASS] mangle distinguishes scalar and variadic dimensions
  [PASS] mangle preserves non-exact dimension division
  [PASS] mangle distinguishes nested and underscored types
  [PASS] mangle frames multiple substitution values

All 30 tests passed

>> Compiler Core monomorphization parameter profile benchmark Tests
  [PASS] mono parameter profile agrees on wide no-hit queries
  [PASS] mono parameter profile agrees on late-hit queries
  [PASS] mono parameter profile normalizes small config

All 3 tests passed

>> Compiler Core generic data monomorphization Tests
  [PASS] mangles generic data name in argument order
  [PASS] generic data names are structurally injective
  [PASS] materializes record and rewrites function types
  [PASS] materializes heap record with concrete release policy
  [PASS] materializes typed union with fresh variant identities
  [PASS] runtime bridge union keeps erased payload storage
  [PASS] does not materialize global ABI unions
  [PASS] materializes nested data once
  [PASS] nested heap record has managed release policy
  [PASS] generic alias exposes data specialization
  [PASS] transparent alias lookup profile models legacy growth
  [PASS] transparent alias lookup profile preserves duplicate shadowing
  [PASS] transparent alias lookup profile scales with growing aliases
  [PASS] transparent alias lookup profile controls query density
  [PASS] duplicate transparent alias specialization uses first transparent
  [PASS] duplicate template name materializes first declaration
  [PASS] materializes two concrete record instances
  [PASS] expression result type roots local specialization
  [PASS] recursive data specialization terminates
  [PASS] unresolved generic scope does not materialize data
  [PASS] unresolved generic impl scope does not materialize data
  [PASS] specializes function before materializing return data

All 22 tests passed

>> Blorp compiler generic impl monomorphization Tests
  [PASS] generic record selected IDs and types survive data specialization
  [PASS] global lambda uses shared selected remapper
  [PASS] missing instance never borrows source or receiver
  [PASS] selected instances distinguish receivers and reuse equivalents
  [PASS] refined receiver reuses erased implementation instance
  [PASS] same template other receiver keeps its own instance
  [PASS] final remap reaches later functions and cross impl calls
  [PASS] structural remap hash collision preserves identity
  [PASS] specializes explicit deferred trait call
  [PASS] specializes deep logical impl body without exhausting stack
  [PASS] specializes typechecker-selected trait call
  [PASS] specializes target-module selected trait call
  [PASS] trait identity disambiguates same method name
  [PASS] ambiguous generic impl candidates fail closed
  [PASS] preserves method-local type parameters
  [PASS] specializes operator impl
  [PASS] specializes Stringable impl for builtin to-string
  [PASS] builtin List to-string materializes element impl
  [PASS] deduplicates repeated demands
  [PASS] existing concrete impl suppresses specialization
  [PASS] static trait method uses result type
  [PASS] materializes bound impl transitively
  [PASS] discovers demand in specialized impl body
  [PASS] unresolved caller does not materialize impl
  [PASS] rewrites specialized method references to fresh ids
  [PASS] rewrites a method reference by its id whatever its spelling
  [PASS] callable fixpoint exposes impl demand from specialized function
  [PASS] callable fixpoint exposes function demand from specialized impl

All 28 tests passed

>> Blorp compiler Option-call monomorphization fusion Tests
  [PASS] fuses strict get_or
  [PASS] fuses lazy get_or_else
  [PASS] fuses presence helpers
  [PASS] same-named non-std function is not fused
  [PASS] duplicate call identity falls back to specialization
  [PASS] fusion ids follow breadth-first call order

All 6 tests passed

>> Compiler Core monomorphization request scan counter fixture Tests
  [PASS] fusion ids follow breadth-first call order

All 1 tests passed

>> Blorp compiler selected-call monomorphization Tests
  [PASS] specializes selected generic call
  [PASS] specializes generic function used as returned callee
  [PASS] full mono accepts generic function used as returned callee
  [PASS] drains transitive worklist
  [PASS] initial request keeps order when transitive body rediscovers it
  [PASS] recursive specialization is deduplicated
  [PASS] duplicate-heavy requests keep first-seen order
  [PASS] request order survives many unique requests with transitive duplicate
  [PASS] instances of one generic have distinct ids and the same base
  [PASS] repeated request reuses the first instance id
  [PASS] instance key ignores binding order
  [PASS] instance key is positional in the base parameters
  [PASS] equal hashes with different arguments do not merge
  [PASS] instance key requires every parameter bound
  [PASS] instance key distinguishes arguments and base
  [PASS] instance key normalizes equal dimensions
  [PASS] conflicting selected call is left unchanged
  [PASS] missing selected identity is left unchanged
  [PASS] specializes bodyless generic builtin
  [PASS] concretizes argument types from return evidence
  [PASS] accepts dimension operation resolved by other evidence
  [PASS] accepts implicit trailing dimension pack
  [PASS] accepts existential return dimension
  [PASS] accepts runtime dimension wildcard
  [PASS] specializes Range return called as Int
  [PASS] infers dimension from value literal
  [PASS] recursive rewrite follows the selected id not the spelling
  [PASS] specializes explicit imported identity
  [PASS] specializes explicit imported pure overload identity
  [PASS] specializes by selected id whatever the alias spelling
  [PASS] imported identity preserves double underscore module segment
  [PASS] imported identity preserves double underscore source name
  [PASS] long sequence is stack bounded
  [PASS] deep recursive logical tree is stack bounded

All 34 tests passed

>> Blorp compiler Core monomorphization type substitution Tests
  [PASS] substitutes lambda types once
  [PASS] substitutes literal result type
  [PASS] substitutes box and list handoff types
  [PASS] substitutes loop and task metadata
  [PASS] substitutes compiled match metadata
  [PASS] substitutes concurrent select metadata
  [PASS] substitutes resource tailrec metadata
  [PASS] substitutes nested constructor match metadata
  [PASS] substitutes declaration types
  [PASS] desugars equality that becomes string

All 10 tests passed

>> Blorp compiler monomorphization diagnostics Tests
  [PASS] reports conflicting concrete evidence
  [PASS] reports unresolved call in monomorphic body
  [PASS] conflict precedes earlier unresolved call with exact message
  [PASS] generic impl conflict precedes global unresolved call
  [PASS] duplicate exact identity still reports unresolved call
  [PASS] allows unresolved call in generic body
  [PASS] ordinary success survives combined diagnostic scan

All 7 tests passed

>> Compiler Core origin and name agreement Tests
  [PASS] native tag equality rejects non-scalar and malformed parameters
  [PASS] declared member missing from the name table is reported
  [PASS] copy missing from the recorded names is reported
  [PASS] functions whose names and origins agree report nothing
  [PASS] mono named function with source origin is reported
  [PASS] plain named function with mono origin is reported
  [PASS] pure suffix without pure variant origin is reported
  [PASS] hoisted lambda ordinal must match the name
  [PASS] entrypoint names require matching entrypoint kind
  [PASS] synthesized function is judged by its declared origin
  [PASS] member named mono something is not a mono instance
  [PASS] impl methods must carry an impl method origin
  [PASS] trait named functions are projected impl methods
  [PASS] source module without a path is the target module
  [PASS] path without a source module is reported
  [PASS] module table accepts a function whose path and origin match
  [PASS] module table reports a path the module id does not name
  [PASS] module table reports an origin the table does not give
  [PASS] late passes without a table still apply the path rule but skip table rules
  [PASS] summary reports totals and counts per origin case

All 20 tests passed

>> Blorp compiler Core ownership contracts Tests
  [PASS] arg mode semantics
  [PASS] alias contract must reference existing arg
  [PASS] alias contract must reference preserved arg
  [PASS] valid alias contract is well formed
  [PASS] borrowed result must have preserved anchor
  [PASS] ownership violation diagnostic strings remain stable
  [PASS] list intrinsic contracts
  [PASS] collection intrinsic transfer contracts
  [PASS] structural intrinsic contract families
  [PASS] scalar intrinsic contract families
  [PASS] runtime builtin contracts
  [PASS] extended runtime builtin contracts
  [PASS] polymorphic builtin contracts
  [PASS] grouped builtin contracts require exact arity
  [PASS] builtin ownership coverage distinguishes sentinels
  [PASS] process-session operation contracts
  [PASS] finalizers consume handles
  [PASS] variadic string concat contract

All 18 tests passed

>> Core parallel tensor pipeline Tests
  [PASS] vector map chain lowers to parallel map
  [PASS] vector indexed chain lowers to indexed parallel map
  [PASS] vector single zip uses parallel zip
  [PASS] vector reused zip uses one parallel zip
  [PASS] vector distinct zips fall back to indexed map
  [PASS] vector non-chain body is unchanged
  [PASS] unknown parallel entrypoint is not guessed
  [PASS] matrix map chain lowers to parallel map
  [PASS] matrix indexed chain lowers to indexed parallel map
  [PASS] matrix single zip uses parallel zip
  [PASS] matrix indexed zip uses indexed parallel zip
  [PASS] matrix distinct zips use flat indexed map

All 12 tests passed

>> Blorp compiler Core Perceus Tests
  [PASS] borrowed payload in binary operand keeps record reference
  [PASS] borrowed payload in logical operand keeps record reference
  [PASS] borrowed payload in unary operand keeps record reference
  [PASS] borrowed payload in cast operand keeps record reference
  [PASS] borrowed payload in box and unbox keeps record reference
  [PASS] borrowed payload in field and tuple field owner keeps record reference
  [PASS] borrowed payload in list get operands keeps record reference
  [PASS] borrowed payload in list handoff body keeps record reference
  [PASS] list handoff binder shadows borrowed payload
  [PASS] borrowed payload in tail recursive loop body keeps record reference
  [PASS] tail recursive loop parameter shadows borrowed payload
  [PASS] borrowed payload in raw tensor view keeps record reference
  [PASS] raw tensor view binding shadows borrowed payload
  [PASS] borrowed payload in select arm keeps record reference
  [PASS] select receive binder shadows borrowed payload
  [PASS] borrowed payload in detached task keeps record reference
  [PASS] borrowed payload in concurrent task and continuation keeps record reference
  [PASS] concurrent binding shadows borrowed payload only in continuation
  [PASS] borrowed payload in concurrently loop body keeps record reference
  [PASS] concurrently loop variable shadows borrowed payload
  [PASS] lambda body is not walked for borrowed payload
  [PASS] loop binder shadows outer borrowed aggregate payload
  [PASS] borrowed match payload in range loop keeps record reference
  [PASS] borrowed match payload in list loop keeps record reference
  [PASS] default managed types
  [PASS] program decls extend managed types
  [PASS] result mode for type
  [PASS] stack result uses stack ownership policies
  [PASS] constructor contracts transfer payload fields
  [PASS] unrelated length binding does not extend consumed owner
  [PASS] constructor contracts are scoped by return type
  [PASS] return type constructor contract keeps parent scope
  [PASS] stack result constructor contract requires exact identity
  [PASS] consumed user call contract transfers declared args
  [PASS] borrow ending in later argument does not retain transferred owner
  [PASS] borrow ending in later operator does not retain transferred owner
  [PASS] alias returned by later argument retains transferred owner
  [PASS] borrow held through call retains transferred owner
  [PASS] borrow before transfer retains owner
  [PASS] let alias source catalog names only let right-hand variables
  [PASS] only alias of let binding moves reference
  [PASS] alias of let binding read again is retained
  [PASS] borrows held through call share one reference
  [PASS] borrowed managed parameter return is retained
  [PASS] borrowed managed parameter field return is retained
  [PASS] borrowed match field embedded in union result is retained
  [PASS] managed field of owned temporary return is retained
  [PASS] owned temporary field owner is released
  [PASS] nested owned temporary field owners are released
  [PASS] owned temporary tuple field owner is released
  [PASS] unmanaged temporary tuple field owner is released at node
  [PASS] borrowed parameter returned from branch is retained
  [PASS] owned local returned from branch transfers owner
  [PASS] borrowed match binding return is retained
  [PASS] borrowed match binding result in let RHS is retained
  [PASS] borrowed match binding in stack result constructor is retained
  [PASS] owned list spread match binding is released
  [PASS] owned union field match binding remains backend managed
  [PASS] owned union field match binding retains repeated consume
  [PASS] borrowed match binding retains repeated consume
  [PASS] union construction transfers consumed parameter payload
  [PASS] tuple construction transfers consumed parameter member
  [PASS] consuming user call propagates consumed parameter
  [PASS] program infers read-only user call borrows argument
  [PASS] string equality user call borrows arguments
  [PASS] simple multi parameter body preserves consuming contract
  [PASS] simple multi parameter consuming calls need no balance
  [PASS] simple multi parameter balance rejects borrowed call argument
  [PASS] simple multi parameter balance accepts unmanaged cast wrapper
  [PASS] simple multi parameter balance rejects managed cast
  [PASS] simple multi parameter balance rejects missing consumption
  [PASS] simple multi parameter balance rejects parameter shadow
  [PASS] multi parameter contract falls back for nested user call
  [PASS] simple multi parameter balance rejects repeated consume
  [PASS] simple multi parameter balance rejects branch
  [PASS] simple multi parameter balance rejects loop
  [PASS] simple multi parameter balance rejects resolved identity
  [PASS] user contract inference converges beyond eight edges
  [PASS] user contract worklist propagates consumption beyond eight edges
  [PASS] recursive read-only user calls borrow argument
  [PASS] mutually recursive contract propagates consuming seed
  [PASS] transitive user-call consumption is cancelled by incoming dup
  [PASS] recursive managed result borrows context and retains alias
  [PASS] recursive record field read keeps user parameters borrowed
  [PASS] read-only match scrutinee keeps user parameter borrowed
  [PASS] compiled match return alias keeps parameter borrowed
  [PASS] specialized functions with shared def id keep distinct contracts
  [PASS] inferred contract preserves direct then transitive order
  [PASS] same named functions require exact contract identity
  [PASS] missing user call identity does not guess contract
  [PASS] match binding shadow does not consume same-named parameter
  [PASS] inferred contract ignores stale call-site consumption
  [PASS] closure body contract remains fixed borrowing
  [PASS] closure body direct wrapper preserves consuming contract
  [PASS] callable contract lookup requires matching name
  [PASS] nested lambda contract region does not escape
  [PASS] consumed managed parameter return transfers without retain
  [PASS] consumed managed parameter branch return transfers without retain
  [PASS] let rhs branch preserves owner for continuation
  [PASS] let rhs alias branch does not double release owner
  [PASS] nested consumed parameter returns transfer each owner
  [PASS] consumed parameter fallible transfer balances reserved owner
  [PASS] result propagation balances reserved consumed parameter owner
  [PASS] unused consumed managed parameter is dropped
  [PASS] builtin and intrinsic contract lookup
  [PASS] foreign and closure calls borrow arguments
  [PASS] call summary aliases contract result argument
  [PASS] call summary borrowed result finds matching argument
  [PASS] call summary accumulates multiple consuming arguments
  [PASS] call summary evaluates closure callee before arguments
  [PASS] call summary without contract preserves argument aliases
  [PASS] count uses counts linear occurrences
  [PASS] count uses respects shadowing
  [PASS] count uses takes branch maximum
  [PASS] count uses ignores assignment target
  [PASS] count uses lambda capture once and respects shadowing
  [PASS] count uses constructor match takes branch maximum
  [PASS] count uses constructor match respects binding shadowing
  [PASS] count uses includes accessor literal match scrutinee
  [PASS] count uses includes prepared list retain value
  [PASS] count uses includes raw tensor view operands
  [PASS] raw tensor view drops source after body
  [PASS] count uses flattened detach payloads
  [PASS] count uses select waits branches and shadowing
  [PASS] prepared list retain owns alias binding result
  [PASS] prepared list retain owns assignment result
  [PASS] prepared list retain does not own shadowed assignment result
  [PASS] assignment explicit owner is cleared after release
  [PASS] assignment drop body can restore explicit owner
  [PASS] assignment dup effect owns result
  [PASS] assignment explicit owner survives alias wrappers
  [PASS] assignment releasing match clears scrutinee owner
  [PASS] assignment resource binder clears explicit owner
  [PASS] list set owned transfers managed element
  [PASS] list set owned retains borrowed match payload
  [PASS] ownership events preserve branch path identity type and policy
  [PASS] Perceus preserves incoming ownership nodes
  [PASS] ownership event projection rejects malformed event
  [PASS] ownership event projection covers every policy
  [PASS] unused managed let gets drop
  [PASS] deep managed let chain inserts drops without stack growth
  [PASS] deep used managed let chain transfers without stack growth
  [PASS] deep call-consumed managed let chain transfers without stack growth
  [PASS] deep threaded managed let chain keeps transfers without stack growth
  [PASS] protect repeated consumes walks deep spine without stack growth
  [PASS] protect spine stops at target binding and dup
  [PASS] deep sequence collects distinct resolved values without quadratic growth
  [PASS] deep logical chain rewrites without stack growth
  [PASS] short circuit scan reuses slots before nested operand call
  [PASS] logical operands rewrite ownership independently
  [PASS] direct consume shortcut rejects additional alias argument
  [PASS] direct consume shortcut rejects multiple consumes
  [PASS] direct consume shortcut counts binding RHS consume
  [PASS] consuming call with owned result preserves result
  [PASS] resolved used managed let transfers without drop
  [PASS] resolved shadow drops only outer managed let
  [PASS] module-local definition id collision preserves outer use
  [PASS] hygienic local collision preserves outer use
  [PASS] definition collision in same hygienic slot preserves distinct use
  [PASS] managed let nested under lambda gets drop
  [PASS] lambda temporaries and captured owner are dropped
  [PASS] unmanaged lambda result preserves consumed capture
  [PASS] static lambda temporary needs no owned binding
  [PASS] lambda managed parameter field return is retained
  [PASS] lambda managed capture union payload is retained
  [PASS] lambda catalog retains parameter capture and exact global
  [PASS] lambda parameter spelling excludes runtime capture
  [PASS] lambda name mode capture and exact global retain each site once
  [PASS] nested lambda shared owner stays in inner region
  [PASS] unmanaged let gets no drop
  [PASS] once-used managed let transfers without dup or drop
  [PASS] reused managed let gets one dup per extra use
  [PASS] mutable managed let drops final owner
  [PASS] mutable managed let return transfers final owner
  [PASS] mutable managed let return after loop transfers final owner
  [PASS] mutable managed let forwarded copy retains source owner
  [PASS] mutable managed let return through nested cleanup transfers owner
  [PASS] mutable alias binding retains source owner
  [PASS] mutable consuming call before result preserves slot owner
  [PASS] protect call preserves unchanged argument list identity
  [PASS] protect call rewrites one argument
  [PASS] protect call rewrites first middle last argument in order
  [PASS] protect call keeps two rewrites in repeated context
  [PASS] mutable set equality preserves slot owner
  [PASS] mutable aggregate result preserves slot owner
  [PASS] mutable record result preserves slot owner
  [PASS] nested mutable record result preserves slot owner
  [PASS] managed record update releases consumed owners after field read
  [PASS] mutable assignment releases old and final owners
  [PASS] nullary constructor binding is not retained
  [PASS] projected nullary constructor binding is not retained
  [PASS] resolved nonconstructor with constructor name is retained
  [PASS] resolved nonconstructor with constructor id is retained
  [PASS] shadowed nullary constructor name is retained
  [PASS] mutable alias assignment retains exactly once
  [PASS] mutable COW assignment skips old owner release
  [PASS] mutable self-assignment retains additional consumes
  [PASS] mutable self-assignment does not retain late borrow
  [PASS] mutable sequential assignments release each replaced owner
  [PASS] nested record assignment after consume releases final slot owner
  [PASS] nested record consume after assignment preserves slot owner
  [PASS] multiple nested record assignments release each slot owner
  [PASS] nested record assignment under binary releases slot owner
  [PASS] nested record assignment under list get releases slot owner
  [PASS] nested record assignment under literal match releases slot owner
  [PASS] nested record assignment under accessor literal match releases slot owner
  [PASS] nested record assignment under length match releases slot owner
  [PASS] nested record assignment under resource scope releases slot owner
  [PASS] same call assignment before consume retains evaluated argument
  [PASS] same call consume before assignment retains evaluated argument
  [PASS] same call mixed conditional retains only borrowed branch
  [PASS] same call debug wrapped alias retains evaluated argument
  [PASS] mutable mixed assignment retains only borrowed branch
  [PASS] mutable mixed-consumption assignment drops only borrowing branch
  [PASS] consume before mixed-consumption assignment keeps branch releases
  [PASS] mutable constructor match assignment drops only borrowing branch
  [PASS] mutable literal match assignment drops only borrowing branch
  [PASS] mutable accessor match assignment drops only borrowing branch
  [PASS] mutable length match assignment drops only borrowing branch
  [PASS] mutable assignment in branch releases replaced owner
  [PASS] mutable consuming condition preserves else assignment owner
  [PASS] mutable assignment in while releases replaced owner
  [PASS] mutable assignment in constructor match releases replaced owner
  [PASS] mutable assignment in borrowing length match releases replaced owner
  [PASS] mutable constructor match result retains direct return branch
  [PASS] match shadow catalog negative gate preserves identity
  [PASS] match shadow catalog direct case admits and freshens
  [PASS] match shadow catalog fallback admits and freshens
  [PASS] match shadow catalog finds nested constructor match
  [PASS] match shadow catalog finds nested match in literal body
  [PASS] match shadow catalog coverage rejects a new post-insertion name
  [PASS] match shadow catalog gate matches freshener after real insertion
  [PASS] match shadow catalogs do not leak across bodies
  [PASS] match shadow catalog ignores non-match lexical binders
  [PASS] shadowed match binding freshens before outer owner balance
  [PASS] nested shadowed match binding balances outer owner
  [PASS] nested constructor match releases unused default
  [PASS] mutable assignment after COW consume preserves slot owner
  [PASS] borrowed while body drops owner after loop
  [PASS] consuming while body retains owner for each iteration
  [PASS] consuming user call in while retains function parameter
  [PASS] consuming match branch in loop retains owner for each iteration
  [PASS] consuming select arm in loop retains owner for each iteration
  [PASS] consume after concurrent block in loop retains owner for each iteration
  [PASS] match binding shadow only retains borrowed payload
  [PASS] consuming for-list body retains owner for each iteration
  [PASS] released for-list field iterable is retained
  [PASS] unreleased for-list field iterable stays borrowed
  [PASS] borrowed for-list item is retained in aggregate
  [PASS] borrowed for-list item is retained for consuming match call
  [PASS] select receive binder is retained for consuming call
  [PASS] select arm assignment releases replaced mutable value
  [PASS] assignment after concurrent block releases replaced mutable value
  [PASS] borrowed intrinsic drops after call
  [PASS] COW-consuming intrinsic consumes directly
  [PASS] aliasing intrinsic result suppresses post-drop
  [PASS] consume then borrow gets dup and post-drop
  [PASS] if borrowed branch drops after borrow and unused branch drops before body
  [PASS] if borrowed branch and COW-consuming branch balance independently
  [PASS] nested constructor match balances borrow and consume with equal use counts
  [PASS] nested accessor literal match balances borrow and consume
  [PASS] owned accessor match with nested length releases every branch
  [PASS] owned accessor match defers drop for borrowed binding
  [PASS] owned length match defers drop for borrowed binding
  [PASS] consumed parameter literal match drops unused success branch
  [PASS] owned local literal match drops recognized branch
  [PASS] owned local borrowed-call match drops nontransfer branch
  [PASS] consumed parameter borrowed-call match drops nontransfer branch
  [PASS] statement if balances reserved owner before unused continuation
  [PASS] statement if balances record transfer before consuming continuation
  [PASS] statement if balances temporary borrow before consuming continuation
  [PASS] statement match balances reserved owner before consuming continuation
  [PASS] nested match detects divergent ownership inside case body
  [PASS] nested accessor match detects divergent ownership inside case body
  [PASS] nested constructor literal body detects divergent ownership
  [PASS] unmanaged literal binding allows nested owner balance
  [PASS] constructor match branch use prevents pre-match drop
  [PASS] constructor match aliasing scrutinee drops owner after match
  [PASS] releasing constructor match consumes let owner once
  [PASS] releasing match retains owner escaping in record
  [PASS] consumed list parameter escaping releasing match is retained
  [PASS] releasing constructor match reserves owner through nested length
  [PASS] constructor match returning scrutinee retains result
  [PASS] constructor match borrowed branch drops after borrow and unused fallback drops before body
  [PASS] constructor match borrowed branch and COW fallback balance independently
  [PASS] constructor match borrowed branch with fail fallback balances case
  [PASS] constructor match nested literal body balances branches
  [PASS] releasing constructor match with borrowed literal fallback does not double drop
  [PASS] nested releasing constructor match reserves intrinsic release
  [PASS] nested releasing accessor match reserves intrinsic release
  [PASS] nested releasing length match reserves intrinsic release
  [PASS] constructor match nested length body balances branches
  [PASS] length match detects divergent ownership inside branch
  [PASS] constructor length body detects divergent ownership inside branch
  [PASS] constructor match nested length >= body balances branches
  [PASS] constructor match nested length shadowing stays conservative
  [PASS] consuming field argument gets owned alias
  [PASS] call normalization prediction preserves contract cases
  [PASS] consuming set equality field gets owned alias
  [PASS] multi owner conditional call argument is retained once
  [PASS] multi owner record fields are retained once each
  [PASS] consuming call argument with transferring aggregate retains projection once
  [PASS] existing drop preserves nested consuming call retain
  [PASS] existing result dup satisfies only its matching owner
  [PASS] multi owner compiled match results retain each branch owner
  [PASS] computed borrowed result terminals find second owner alias
  [PASS] result binder shadowing uses exact definition identity
  [PASS] list get is not broadened into a result terminal
  [PASS] unchanged borrowing body still releases managed let
  [PASS] borrowed match binding set equality is retained
  [PASS] assignment alias RHS becomes owned
  [PASS] assignment owned let result is not retained
  [PASS] alias binding retains source owner
  [PASS] alias retain does not cover later source consume
  [PASS] branch alias binding normalizes RHS ownership
  [PASS] match field alias binding normalizes RHS ownership
  [PASS] tuple field alias binding retains field owner
  [PASS] borrowed owned temporary argument is dropped
  [PASS] borrowing equality drops owned call operands
  [PASS] borrowing ordering drops owned call operands
  [PASS] borrowed static string literal needs no drop
  [PASS] static string literal list element needs no retain
  [PASS] static string literal binding needs no balance
  [PASS] mutable static string binding keeps lifetime balance
  [PASS] owned nested field list element transfers ownership
  [PASS] irrelevant managed global leaves unrelated body unchanged
  [PASS] exact global catalog preserves name collisions
  [PASS] global definition id is normalized from declaration
  [PASS] same-named definition is not retained as global
  [PASS] global retention uses definition identity
  [PASS] global reference identity includes qualified name
  [PASS] exact global reference survives same-name ambiguity
  [PASS] duplicate exact global identity is retained once
  [PASS] resolved global is retained under same-named parameter
  [PASS] unmanaged exact parameter collision excludes global owner
  [PASS] consumed exact parameter collision excludes global owner
  [PASS] repeated global references retain each transfer site once
  [PASS] global initializer excludes self and retains dependency
  [PASS] global initializer retains two exact dependencies
  [PASS] parameter phase precedes dense exact global catalog
  [PASS] alias contract correlates exact argument identity
  [PASS] exact alias contract accepts sequence result
  [PASS] exact alias contract follows let alias
  [PASS] exact alias contract follows branch result
  [PASS] exact alias contract follows literal match result
  [PASS] exact alias contract follows accessor literal match result
  [PASS] exact alias contract follows length match result
  [PASS] exact alias contract follows constructor match result
  [PASS] exact alias contract follows borrowed match binding
  [PASS] exact alias contract follows resource scope result
  [PASS] exact alias contract recognizes retained wrapped result
  [PASS] exact alias contract rejects reassigned definition
  [PASS] literal match parameter result is retained
  [PASS] accessor literal match parameter result is retained
  [PASS] length match parameter result is retained
  [PASS] managed global is retained when stored in record
  [PASS] managed global stored in record in list loop body is retained
  [PASS] managed global stored in record in range loop body is retained
  [PASS] lambda parameter stored in record in list loop body is retained
  [PASS] lambda parameter stored in record in range loop body is retained
  [PASS] consumed parameter stored in record in list loop body is retained once
  [PASS] consumed parameter stored in record in range loop body is retained once
  [PASS] managed global is retained in releasing union slot
  [PASS] managed global is retained in nested record union payload
  [PASS] managed global is retained in record passed to union constructor
  [PASS] managed global in length match branch is retained
  [PASS] mutable managed global assignment releases previous owner
  [PASS] mutable global lookup uses exact colliding identity
  [PASS] unresolved assignment resolves unique managed global
  [PASS] production-shaped mutable global resolves and releases
  [PASS] parameter shadow prevents global assignment resolution
  [PASS] inferred union call overrides stale consumed args
  [PASS] unboxed aliasing call drops borrowed owned temporary
  [PASS] cast-unboxed aliasing call drops borrowed owned temporary
  [PASS] borrowed owned temporary under unmanaged borrow is dropped
  [PASS] owned field temporary passed to borrowed call is dropped
  [PASS] owned tuple field temporary passed to borrowed call is dropped
  [PASS] nested owned field temporary passed to borrowed call is dropped
  [PASS] cast-wrapped owned field borrow is dropped
  [PASS] if-wrapped owned field borrow is dropped
  [PASS] mixed if owned field borrow is balanced
  [PASS] owned list get borrow is dropped
  [PASS] unmanaged field from owned temporary drops owner
  [PASS] unmanaged list get from owned temporary drops source
  [PASS] unmanaged match branch owned list get drops source
  [PASS] unmanaged cast borrow keeps owned source through call
  [PASS] match-wrapped owned field borrow is balanced
  [PASS] let-wrapped owned field borrow is dropped
  [PASS] let-wrapped owned match borrow is dropped
  [PASS] result wrappers preserve owned match borrow
  [PASS] owned tuple local projection result retains field and drops owner
  [PASS] concurrent binding releases result owner
  [PASS] nested concurrent borrowed match does not retain
  [PASS] contract collection fast paths preserve nested and deferred calls
  [PASS] inferred user-call contract is written to calls
  [PASS] inferred user-call contract borrows list-get owner
  [PASS] bodyless user call preserves explicit consumption
  [PASS] preannotated and deferred contracts have identical Perceus Core
  [PASS] inferred user-call contract is used for union return
  [PASS] managed union builtin wrapper borrows argument
  [PASS] inferred user-call contract propagates through managed binding
  [PASS] managed pointer unbox binding retains borrowed owner
  [PASS] explicit retain owns pointer unbox result
  [PASS] borrowed match binding is retained in aggregate
  [PASS] nested borrowed match bindings are retained in tuple scrutinee
  [PASS] prepared tuple retain mask avoids duplicate retain
  [PASS] prepared tuple retain mask uses slot indices
  [PASS] consumed stack Result tuple element transfers without dup
  [PASS] duplicated stack Result tuple value retains once
  [PASS] borrowed match binding is retained in aggregate call arg
  [PASS] borrowed match binding in resource scope is retained
  [PASS] borrowed match binding returned after concurrent block is retained
  [PASS] parameter returned on one path after concurrent block stays borrowed
  [PASS] resource scope binder shadows unresolved borrowed param
  [PASS] borrowed match binding is retained once with multiple params
  [PASS] borrowed match binding is retained for consuming call
  [PASS] borrowed match binding is retained for inferred consuming call
  [PASS] consumed parameter owner outlives borrowed match payload retain
  [PASS] nested literal consumed owner balances payload leaves
  [PASS] nested length consumed owner balances payload leaves
  [PASS] nested aggregate call retains borrowed match binding
  [PASS] many borrowed constructor cases preserve ownership
  [PASS] branch balance preserves ownership events on long let spine
  [PASS] branch balance preserves ownership events on long seq spine
  [PASS] branch balance preserves ownership events on nested let seq spine
  [PASS] assignment to other slot preserves owner events in mutable region
  [PASS] record and tuple projection summaries preserve child aliases
  [PASS] record and tuple projection contracts borrow owner
  [PASS] nested record and tuple projection returns retain only managed children
  [PASS] linear summary frames preserve sequence alias and shadowing
  [PASS] linear summary reuses nested frame slots
  [PASS] ownership index distinguishes duplicate synthetic nodes
  [PASS] ownership index handles deep sequence without stack growth
  [PASS] mixed consume and borrow branches preserve owner events
  [PASS] shadowed owner binding preserves owner events
  [PASS] mutable accumulator loop preserves owner events
  [PASS] loop over borrowed parameter iterates borrowed
  [PASS] loop over immutable let iterates borrowed
  [PASS] loop over string parameter iterates borrowed
  [PASS] loop over reassigned variable keeps owned iterable
  [PASS] loop over consumed iterable keeps owned iterable
  [PASS] loop over lambda captured iterable keeps owned iterable
  [PASS] loop over parameter field keeps owned iterable
  [PASS] loop over shadowing binder keeps owned iterable
  [PASS] synthetic binding names differ by call site node id
  [PASS] consumed parameter alias moves into binding
  [PASS] consumed parameter alias read after keeps retain
  [PASS] consumed parameter mutable alias read after keeps retain
  [PASS] consumed parameter alias move requires ARC policies
  [PASS] consumed parameter mutable alias moves into slot
  [PASS] mutable slot moves into consuming tail call
  [PASS] mutable slot read by another tail call argument keeps retain
  [PASS] mutable slot moves into tail call before other release
  [PASS] mutable slot returned through drop temporary keeps retain

All 454 tests passed

>> Repeated consumes through standalone length matches Tests
  [PASS] exact length preserves mutable slot owner
  [PASS] at least length preserves mutable slot owner
  [PASS] fallback preserves mutable slot owner
  [PASS] shadowed binding keeps consuming body

All 4 tests passed

>> Blorp compiler Core type policy Tests
  [PASS] record declarations use managed ownership
  [PASS] optional function fields require ARC cleanup
  [PASS] managed type index matches legacy policy
  [PASS] existing releasable types classify as managed
  [PASS] empty Option type arguments use named type fallback
  [PASS] singleton Option type arguments classify payload
  [PASS] multiple Option type arguments use named type fallback

All 7 tests passed

>> Blorp compiler contiguous Core pipeline Tests
  [PASS] Core pass runner runs passes in list order
  [PASS] identity contract rejects a temporary name that is not its origin's spelling
  [PASS] identity contract rejects a Perceus temporary id inside the counter range
  [PASS] binder id range constants are disjoint and ordered
  [PASS] identity contract catches a duplicated negative binder id
  [PASS] ownership Perceus fusion preserves named snapshots
  [PASS] Core pass runner stops after named pass
  [PASS] Core pass runner records requested observations
  [PASS] Core pass runner times every pass
  [PASS] Core pass runner stops at failing invariant
  [PASS] Core pass runner defers checked invariants
  [PASS] pre-DCE tail resolves selected direct call
  [PASS] pre-DCE tail handles deep logical tree
  [PASS] named late snapshots include production projection prefix
  [PASS] pre-DCE tail projects semantic matches
  [PASS] pre-DCE tail preserves erased Float argument box
  [PASS] named list-layout stage relayouts list nodes
  [PASS] specialize stage is late-Core owned
  [PASS] DCE preserves record update for ownership
  [PASS] record update normalization preserves complete field shape
  [PASS] record update normalization releases unchanged program
  [PASS] record update normalization releases changed program
  [PASS] record update normalization is total after monomorphization
  [PASS] Perceus materializes record update for ownership
  [PASS] Perceus sees record literal fields bound in written order
  [PASS] Perceus marks heap-record self update for reuse
  [PASS] consumed record result transfers owner into reuse
  [PASS] owned parameter result updates beside unchanged branch
  [PASS] record result without owned parameter builds fresh record
  [PASS] update of alias of owned parameter transfers owner
  [PASS] bound update returned by name transfers owner
  [PASS] update of base bound from expression transfers owner
  [PASS] update of field path base reads path through base
  [PASS] update of owned local at last use transfers owner
  [PASS] update of owned local read afterwards builds fresh record
  [PASS] update of owned local inside branch transfers owner
  [PASS] update of owned local inside loop builds fresh record
  [PASS] preceding field read keeps consumed record reuse
  [PASS] preceding owner escape blocks consumed record reuse
  [PASS] record reuse rejects malformed field annotations
  [PASS] Perceus transfers loop state through consuming record clone
  [PASS] Perceus reuses heap-record self update in every if branch
  [PASS] Perceus reuses nested if branch self updates
  [PASS] record reuse rejects mixed if branches
  [PASS] record reuse rejects if condition that assigns target
  [PASS] Perceus reuses heap-record self update in every constructor-match branch
  [PASS] record reuse rejects mixed constructor-match branches
  [PASS] record reuse rejects constructor-match scrutinee that assigns target
  [PASS] record reuse rejects malformed constructor-match result type
  [PASS] record reuse supports constructor-match fallback variants
  [PASS] record reuse rejects mixed constructor-match fallback variants
  [PASS] Perceus reuses heap-record self update in every literal-match branch
  [PASS] record reuse rejects mixed literal-match branches
  [PASS] record reuse rejects literal-match scrutinee that assigns target
  [PASS] record reuse rejects malformed literal-match result type
  [PASS] record reuse supports literal-match fallback variants
  [PASS] record reuse rejects mixed literal-match fallback variants
  [PASS] record reuse supports nested literal-match results
  [PASS] record reuse rejects mixed nested literal-match results
  [PASS] record reuse supports nested literal-match fallback result
  [PASS] record reuse rejects mixed nested literal-match fallback result
  [PASS] record reuse rejects malformed nested literal-match result type
  [PASS] record reuse rejects nested length-match body
  [PASS] nested heap-record self update preserves overwritten replacement evaluation
  [PASS] record reuse rejects fields that assign the target
  [PASS] record reuse requires matching heap-record declaration
  [PASS] record-reuse classification rejects ordinary let assignment
  [PASS] record-update normalization handles long sequence spines

All 68 tests passed

>> Blorp compiler Core prepare Tests
  [PASS] prepare converts primitive tuple literal
  [PASS] prepare converts float tuple literal without release bits
  [PASS] prepare converts all-float tuple literal without release bits
  [PASS] prepare converts managed pointer tuple literal
  [PASS] prepare converts unmanaged pointer tuple literal
  [PASS] prepare converts TestSuite pair tuple literal
  [PASS] prepare converts nullable Option tuple literal
  [PASS] prepare converts union managed record tuple literal
  [PASS] prepare orders managed record fields
  [PASS] prepare orders managed record construct fields
  [PASS] prepare orders heap record fields
  [PASS] out-of-order record literal binds fields in written order
  [PASS] record literal in declaration order is not bound
  [PASS] out-of-order constant fields are not bound
  [PASS] out-of-order variable read is bound
  [PASS] global and impl method literals are bound with consecutive ids
  [PASS] out-of-order record literal leaves constant fields in place
  [PASS] prepare converts raw dict literal
  [PASS] dict literal ownership transfers struct box value
  [PASS] dict literal ownership leaves stack result value to perceus
  [PASS] prepare transfers stack result box of dict literal lowered after perceus
  [PASS] dict literal ownership keeps struct box key borrowed
  [PASS] prepare transfers stack result box into dict construct
  [PASS] prepare converts raw vector literal
  [PASS] prepare converts detailed tensor raw vector literal
  [PASS] prepare flattens detailed tensor raw matrix literal
  [PASS] prepare leaves invalid managed record fields unprepared
  [PASS] prepare recurses into call arguments
  [PASS] prepare converts union constructor call
  [PASS] dict literal prepass leaves trait keys to backend projection
  [PASS] dictionary ownership prepass preserves union constructor calls
  [PASS] prepare uses first declared union of a name
  [PASS] prepare converts stack Option Some call
  [PASS] prepare preserves resolved nonconstructor named None
  [PASS] prepare preserves Option call with wrong definition
  [PASS] prepare preserves Result calls with wrong definition
  [PASS] prepare converts Result builtins without source declaration
  [PASS] prepare preserves union call with wrong definition
  [PASS] prepare canonicalizes constructor C name aliases
  [PASS] prepare removes erased stack Option payload cast
  [PASS] prepare restores erased stack Option scalar payload type
  [PASS] prepare boxes stack Result tuple element
  [PASS] prepare converts nullable Option union Some call
  [PASS] prepare boxes nested nullable Option Some call
  [PASS] prepare converts boxed Option stack Result Some call
  [PASS] prepare leaves boxed Option call without variant id unprepared
  [PASS] prepare converts stack Result Ok call
  [PASS] prepare converts boxed Result Ok call
  [PASS] prepare marks raw tensor for-loop storage
  [PASS] prepare marks Dup-wrapped raw tensor for-loop storage
  [PASS] prepare canonicalizes managed-record tensor loop storage
  [PASS] prepare preserves tensor row-slice loop storage
  [PASS] prepare removes proven tensor storage guard
  [PASS] prepare reboxes inline struct list after ownership
  [PASS] prepare boxes pointer stack Result list after ownership
  [PASS] prepare reboxes stack Result in erased list storage
  [PASS] primitive tuple slot type is narrow
  [PASS] prepare reuses an unchanged function body
  [PASS] prepare rebuilds only the spine to a changed node
  [PASS] prepare reuses already prepared output
  [PASS] build cleanup plan rows
  [PASS] erased managed-record union storage has owned cleanup
  [PASS] build cancellation plan table rows

All 63 tests passed

>> Release mask words Tests
  [PASS] parser field limit equals the mask word width
  [PASS] bit 63 is the wrapped sign bit
  [PASS] word count rounds up per 64 slots
  [PASS] 64 owning slots fill one word
  [PASS] slot 64 starts the second word
  [PASS] slot 63 is the sign bit of the first word
  [PASS] slot 128 starts the third word
  [PASS] no slots have no words
  [PASS] the first word of a wider list covers only 64 slots
  [PASS] word lookup past the end owns nothing
  [PASS] bit lookup agrees with construction for every bit
  [PASS] bit lookup on a full word

All 12 tests passed

>> Blorp compiler Core binding resolution Tests
  [PASS] context traversal matches plain traversal
  [PASS] deep sequence callable resolution is stack bounded
  [PASS] deep call resolution avoids generic mapper frames
  [PASS] deep global resolution spines are stack bounded
  [PASS] deep cast global resolution is stack bounded
  [PASS] nested tuple global resolution uses generic mapping
  [PASS] resolves unique selected direct call
  [PASS] resolves mono instance call without signature recheck
  [PASS] selected call resolves by id when typecheck lifted a scalar function
  [PASS] unresolvable selected call never becomes a closure call
  [PASS] resolves selected metadata without callee id
  [PASS] resolves module-local id collision by qualified name
  [PASS] resolves repeated callable identity
  [PASS] leaves stale selected name unresolved
  [PASS] resolves unknown call with unique callable id
  [PASS] preserves unknown call
  [PASS] resolves global read and assignment target
  [PASS] resolves embedded ownership and raw tensor variables
  [PASS] resolves implementation method body
  [PASS] preserves existing global value identity
  [PASS] leaves distinct same-named globals ambiguous
  [PASS] deduplicates repeated exact global identity
  [PASS] qualified global names isolate module-local ids
  [PASS] global initializer uses declaration scope
  [PASS] function parameter shadows global value
  [PASS] let lambda and resource scopes
  [PASS] extended scope survives sibling children
  [PASS] all for-loop binder scopes
  [PASS] concurrency and select binder scopes
  [PASS] tailrec tensor view and list handoff scopes
  [PASS] all match binding scopes
  [PASS] match fallback and nested binding scopes
  [PASS] resolves unknown direct user call
  [PASS] resolves materialized unresolved builtin body
  [PASS] materialized known builtin body stays builtin
  [PASS] pruned declaration still registers its instance as builtin
  [PASS] selected materialized runtime builtin stays builtin
  [PASS] marker in a source function name is not a mono instance
  [PASS] registry name does not replace user body
  [PASS] resolves concrete impl method by mangled name
  [PASS] resolves foreign call
  [PASS] resolves prelude builtin call
  [PASS] resolves UFCS spelled builtin call by id
  [PASS] leaves id-less UFCS spelled unknown call unresolved
  [PASS] resolves bitwise intrinsic call
  [PASS] resolves function parameter as closure
  [PASS] resolves selective import call
  [PASS] resolves exact selective import call by definition id
  [PASS] exact selective import chooses matching overload
  [PASS] exact selective import does not guess from local name
  [PASS] invalid exact import does not fall through to bitwise intrinsic
  [PASS] invalid exact import does not fall through to UFCS
  [PASS] resolves exact selective builtin by definition id
  [PASS] resolves exact selective generic builtin trait method
  [PASS] resolves exact selective foreign by definition id
  [PASS] resolves exact aliased constructor call by definition id
  [PASS] selected identity beats same-named module import
  [PASS] unique selected identity repairs stale name
  [PASS] duplicate selected identity does not guess
  [PASS] resolves qualified import call
  [PASS] local function parameter shadows import
  [PASS] pattern binding shadows imported function
  [PASS] value reference does not resolve to imported function
  [PASS] resolves constructor call
  [PASS] nullary constructor call keeps identity
  [PASS] resolves synthetic constructor call from result type
  [PASS] resolves synthetic constructor call from enum result type
  [PASS] resolves synthetic constructor call from union result type
  [PASS] same-named constructors resolve by type in declaration order
  [PASS] same-named constructors resolve by type in reverse order
  [PASS] resolves bare nullary constructor value
  [PASS] canonicalizes preassembly constructor identity
  [PASS] lexical binding shadows nullary constructor value
  [PASS] preserves unresolved imported function call
  [PASS] module builtin resolution is not load-order dependent
  [PASS] module body resolves its own builtin
  [PASS] rewrites selective imported value
  [PASS] rewrites exact selective imported value by definition id
  [PASS] rewrites exact selective function-valued global
  [PASS] invalid exact import does not fall through to global
  [PASS] invalid exact import does not fall through to constructor
  [PASS] exact function reference prefers selected purity overload
  [PASS] exact pure function reference satisfies impure type
  [PASS] rewrites exact aliased constructor value by definition id
  [PASS] duplicate exact global identity does not guess
  [PASS] rewrites qualified imported value
  [PASS] rewrites qualified nullary constructor value
  [PASS] rewrites imported function reference identity
  [PASS] rewrites exact imported function reference identity

All 89 tests passed

>> Blorp compiler Core resource Tests
  [PASS] rewrites direct break to cleanup exit
  [PASS] nested loop local break stays plain break
  [PASS] post-body drop runs before break
  [PASS] resource cleanup precedes outer post-body drop
  [PASS] value-result post-body drop runs before break
  [PASS] releasing match cleans scrutinee before break
  [PASS] releasing match cleans scrutinee before continue
  [PASS] accessor match cleanup precedes outer resource on break
  [PASS] length match cleanup precedes outer resource on continue
  [PASS] nested resources clean up in reverse order
  [PASS] literal match branches own independent cleanups
  [PASS] independent cleanup lists survive the following pass
  [PASS] detached body does not inherit parent cleanup
  [PASS] select arm owns independent cleanup scope
  [PASS] reuses expression without cleanup exits
  [PASS] rebuilds only the spine to a cleanup exit

All 16 tests passed

>> Blorp compiler Core reuse Tests
  [PASS] takes hoisted self-consumed cow field
  [PASS] takes hoisted record-reuse field through linear frames
  [PASS] takes hoisted cow field in loop assignment shape
  [PASS] keeps hoisted retain after second same-slot read
  [PASS] keeps hoisted retain after whole-source read
  [PASS] keeps hoisted retain after source assignment
  [PASS] keeps hoisted retain after source capture
  [PASS] keeps hoisted retain for mismatched replacement binder
  [PASS] keeps hoisted retain across conditional update
  [PASS] keeps hoisted retain across repeated update
  [PASS] keeps hoisted retain for non-bare source
  [PASS] keeps hoisted retain for non-ARC field
  [PASS] keeps hoisted retain when binder is transferred twice
  [PASS] keeps hoisted retain for wrapped transfer
  [PASS] keeps hoisted retain for wrong destination field
  [PASS] keeps hoisted retain for mutable binder
  [PASS] keeps hoisted retain before nonlocal exit
  [PASS] keeps hoisted retain after source ownership event
  [PASS] keeps hoisted retain after binder ownership event
  [PASS] keeps hoisted retain when tail reuses transferred binder
  [PASS] keeps hoisted retain across cancellation checkpoint
  [PASS] keeps hoisted retain across call prefix
  [PASS] keeps hoisted retain for nested field path
  [PASS] takes self-consumed cow field
  [PASS] takes cow field beside another field read
  [PASS] takes self-consumed cow field in assignment
  [PASS] takes self-consumed record reuse field
  [PASS] takes cow field after preceding binding
  [PASS] takes cow field in match arm under binding
  [PASS] keeps retain when sibling reads same field
  [PASS] keeps retain when replacement reads whole source
  [PASS] keeps retain when a later argument may break
  [PASS] keeps retain when a later replacement may continue
  [PASS] keeps hoisted retain when the binding may break
  [PASS] keeps retain when source is not a bare variable
  [PASS] keeps retain when field read is conditional
  [PASS] keeps retain for inline managed field
  [PASS] rewrites dead list allocation
  [PASS] rewrites dead set allocation
  [PASS] rewrites dead dict allocation
  [PASS] rewrites dead heap-record allocation
  [PASS] rewrites dead heap-record allocation that reads its source
  [PASS] rewrites dead heap-record allocation in a while body
  [PASS] rewrites dead heap-record allocation in a range body
  [PASS] rewrites dead heap-record allocation in a list body
  [PASS] rewrites dead heap-record allocation in a constructor match
  [PASS] rewrites dead heap-record allocation in a list handoff body
  [PASS] rejects dead record allocation with a different type
  [PASS] rejects dead record allocation without an ARC drop
  [PASS] rejects dead record allocation that assigns its source
  [PASS] upgrades post handoff drop
  [PASS] prepared reuse recognizes union declaration positions
  [PASS] prepared reuse recognizes union and zero-argument named types
  [PASS] prepared reuse rejects generic construct of builtin variant
  [PASS] prepared reuse fails closed for missing union or variant
  [PASS] prepared reuse keeps same-spelling variants independent
  [PASS] prepared reuse preserves release policy and binding decisions
  [PASS] prepared reuse preserves last-match duplicate behavior
  [PASS] prepared reuse preserves unrewritten declaration order JSON
  [PASS] prepared reuse rewrites deep nested match result
  [PASS] prepared reuse profile fixture layouts are explicit
  [PASS] prepared reuse profile observes parent and indexed lookup work
  [PASS] prepared reuse profile reports indexed declaration work
  [PASS] rewrites owned union match result
  [PASS] rejects borrowed union match fields
  [PASS] reuses all if branches
  [PASS] rejects partial if branch
  [PASS] rejects source alias payload

All 68 tests passed

>> Core record representation Tests
  [PASS] the inline scalar set is the numbers and Char
  [PASS] a fixed record of numbers is inline
  [PASS] an ordinary record stays managed
  [PASS] nested fixed records and Char fields are inline
  [PASS] inline records follow the records their fields hold
  [PASS] Bool and managed fields keep a fixed record managed
  [PASS] a fixed record holding a managed record stays managed
  [PASS] a generic template is decided per instance
  [PASS] a declared ABI record stays managed
  [PASS] a self-containing record is not inline
  [PASS] a name declared twice stays managed
  [PASS] an opaque number field is inline
  [PASS] an empty fixed record is inline
  [PASS] an inline declaration keeps field identity and order
  [PASS] Perceus inserts no ownership work for inline records
  [PASS] an inline record update is a plain value copy
  [PASS] same_object on an inline record is reported
  [PASS] an identity builtin that escapes the check fails the late pipeline
  [PASS] an uncalled forwarding identity function is reported

All 19 tests passed

>> Blorp Core runtime projection Tests
  [PASS] projects only runtime declarations
  [PASS] projection moves the impl target type onto the method origin
  [PASS] projecting an already projected program keeps its names
  [PASS] pins opaque key constructor before erasing its type
  [PASS] rejects malformed runtime ABI templates
  [PASS] runtime ABI payloads use dynamic release masks
  [PASS] canonicalizes declared runtime types
  [PASS] canonicalizes union field release policy
  [PASS] canonicalizes heap-record field release policy
  [PASS] projects known Result to stack ABI
  [PASS] projects builtin ConcurrencyError Result to stack ABI
  [PASS] preserves unknown Result as boxed ABI

All 12 tests passed

>> Compiler Core runtime projection benchmark Tests
  [PASS] zero-row generic projection mix projects nothing
  [PASS] many-row impl projection mix canonicalizes every row
  [PASS] models legacy function projection prefix-copy pressure

All 3 tests passed

>> Blorp compiler Core primitive specialization Tests
  [PASS] to_int identity and casts
  [PASS] float width conversions
  [PASS] Bool enum conversions
  [PASS] to_bool Int compares against zero
  [PASS] to_bool Float uses nonzero comparison
  [PASS] to_bool Result layouts
  [PASS] specialization recurses through nested calls
  [PASS] specialization recurses through semantic match leaf
  [PASS] scalar tensor get_or uses bounded direct storage read
  [PASS] managed tensor get_or preserves nullable payload match
  [PASS] program specialization boxes Dict[Int] keys
  [PASS] String to_int becomes direct runtime call
  [PASS] Int hash becomes direct runtime call
  [PASS] hash dispatches other primitive types
  [PASS] type_name renders post-mono Core types
  [PASS] is_heap uses Core ownership layout
  [PASS] hash preserves unsupported type dispatch
  [PASS] fused tensor_specialize/specialize walk matches standalone sequence

All 18 tests passed

>> Blorp compiler collection and stream specialization Tests
  [PASS] list allocation uses concrete layout
  [PASS] erased key marker preserves managed record ownership
  [PASS] erased key marker releases stack option box
  [PASS] erased key marker releases Int128 box
  [PASS] erased key marker is void for pointer and word keys
  [PASS] stale pointer cast of Float is reboxed
  [PASS] list allocation alias enum uses registry layout
  [PASS] erased stack Result metadata is canonicalized
  [PASS] box and unbox metadata is canonicalized
  [PASS] managed void-slot box becomes a borrowed cast
  [PASS] hash container constructor dispatch
  [PASS] int128 hash container constructor dispatch
  [PASS] immediate dict constructor refinement and boxing
  [PASS] set add boxes only the element
  [PASS] set add refines empty constructor
  [PASS] non-void-slot collection calls remain unboxed
  [PASS] dict get and Channel receive Option dispatch
  [PASS] already-specialized dict get boxes primitive key
  [PASS] nullable managed Option runtime renames
  [PASS] stream repeat, map, and unfold layouts
  [PASS] stream scalar and managed-state layouts
  [PASS] stream Option dispatch
  [PASS] parallel filter-map dispatch and fallback
  [PASS] collection map release metadata
  [PASS] fold release metadata and raw result

All 25 tests passed

>> Blorp compiler Core specialization layout Tests
  [PASS] resolves aliases
  [PASS] boxing allocates only fresh boxes
  [PASS] resolves declarations
  [PASS] Option runtime layouts are explicit
  [PASS] pointer and erased release classification
  [PASS] erased slot release matches allocated box kinds
  [PASS] Result types are not pointers
  [PASS] Result erased storage uses releasable stack boxes
  [PASS] Option of named Result uses boxed layout
  [PASS] stream layout codes match runtime ABI

All 10 tests passed

>> Blorp compiler residual tensor specialization dispatch Tests
  [PASS] elementwise dispatch preserves existing tensor-specializer ownership
  [PASS] tensor to_string dispatch
  [PASS] erased vector fill boxes Float16 payload
  [PASS] program specialization boxes Float16 vector fill
  [PASS] program specialization boxes generic Float vector set
  [PASS] specialization boxes preselected erased Float vector set
  [PASS] program specialization casts managed-record checked get
  [PASS] ranked tensor fill boxes Int for erased runtime ABI
  [PASS] transpose injects static and runtime dimensions
  [PASS] unary negation uses width-specific scalar runtime
  [PASS] tensor arithmetic prefers direct runtimes
  [PASS] matrix dispatch injects dimensions
  [PASS] packed fill and Option access dispatch
  [PASS] tensor peel lowers to pointer slice
  [PASS] tensor result release metadata
  [PASS] tensor equality uses element layout code
  [PASS] unknown tensor scale resolves to width runtime
  [PASS] assert_shape uses nullable Option runtime

All 18 tests passed

>> Blorp compiler value specialization Tests
  [PASS] to_string primitive dispatch
  [PASS] to_string list dispatch
  [PASS] integer list formatting selects width helper
  [PASS] UInt64 to_string selects unsigned helper
  [PASS] tensor to_string dispatch uses tensor builtin
  [PASS] debug_string primitive and opaque dispatch
  [PASS] debug_string list fallback is integer runtime
  [PASS] Option equality uses payload layout
  [PASS] plain Option not-equal wraps specialized equality
  [PASS] unavailable total specialization stays unchanged
  [PASS] specialization rewrites only current node
  [PASS] pointer box rewrites to borrow cast
  [PASS] stale generic box uses concrete inner type
  [PASS] unresolved generic box is not borrowed

All 14 tests passed

>> Blorp compiler Core SSA Tests
  [PASS] classifies no assignment
  [PASS] classifies straight line assignment
  [PASS] classifies control flow assignment
  [PASS] no assignment makes binding immutable
  [PASS] unrelated assignment does not version binding
  [PASS] straight line assignment versions binding
  [PASS] assignment rhs uses previous version
  [PASS] multiple assignments form version chain
  [PASS] terminal assignment versions binding and returns void
  [PASS] nested let shadowing preserves inner body
  [PASS] lambda param shadowing preserves body
  [PASS] loop binder shadowing preserves body
  [PASS] pattern shadowing preserves match arm body
  [PASS] constructor match binding shadowing
  [PASS] constructor match descends into case body
  [PASS] resource scope shadowing preserves body and cleanup
  [PASS] shadowed resource assignment does not version outer
  [PASS] control flow assignment survives
  [PASS] program threads one counter across declarations
  [PASS] fresh versions drop source identity
  [PASS] expression siblings thread one counter
  [PASS] long sequence is stack bounded
  [PASS] nested sequence substitution is stack bounded
  [PASS] deep binary spine is stack bounded
  [PASS] deep logical chain is stack bounded
  [PASS] reuses expression without a mutable local
  [PASS] rebuilds only the spine to a versioned assignment

All 27 tests passed

>> Core static string literals Tests
  [PASS] assigns deterministic first-seen IDs
  [PASS] equal values reuse one ID
  [PASS] counts repeats in breadth-first order
  [PASS] preserves IDs and entry order across declarations
  [PASS] comparison literals are not pooled
  [PASS] deep logical trees are iterative
  [PASS] immutable literal aliases cross capture boundaries
  [PASS] mutable literal bindings remain local

All 8 tests passed

>> Blorp compiler std wrapper inlining Tests
  [PASS] inlines allowed list get_or
  [PASS] inlines allowed list get
  [PASS] post-inline invariant detects surviving target
  [PASS] preserves argument single evaluation
  [PASS] clones call arguments hygienically
  [PASS] alpha-renames repeated inline sites
  [PASS] threads fresh names across tuple items
  [PASS] rewrites calls inside list literals
  [PASS] rewrites calls inside source aggregates
  [PASS] rewrites calls inside boundary containers
  [PASS] does not inline inside compiler-owned modules
  [PASS] inlined binders are minted below the pass base
  [PASS] append substitutes variable receiver
  [PASS] requires matching name and definition id
  [PASS] same definition id caller still rewrites
  [PASS] clones resource scope hygienically
  [PASS] rewrites deep logical chain without recursive spine walk
  [PASS] deep binary spine is stack bounded
  [PASS] reuses bodies without an inlinable call
  [PASS] rebuilds only the spine to an inlined call

All 20 tests passed

>> Blorp compiler string pipeline Tests
  [PASS] reverse length uses source length
  [PASS] mono instance is read through its declaration
  [PASS] trim length avoids materialization
  [PASS] span replace length avoids materialization
  [PASS] span replace materializes once
  [PASS] span materializes once
  [PASS] long window reverse chain fuses
  [PASS] span reverse materializes once
  [PASS] existing source is borrowed
  [PASS] computed source is owned
  [PASS] unsafe replace trim remains
  [PASS] unsafe reverse replace remains
  [PASS] same-width replace length fuses
  [PASS] plain length uses intrinsic
  [PASS] plain length preserves location
  [PASS] user length remains
  [PASS] bound producer remains materialized
  [PASS] empty needle length preserves argument evaluation
  [PASS] generated source alias is hygienic
  [PASS] generated stage binding is hygienic
  [PASS] separated materializations have distinct bound ids
  [PASS] fresh var names differ across fusion sites in one expression

All 22 tests passed

>> Compiler Core synthesis orchestrator Tests
  [PASS] synthesis promotes successful family body
  [PASS] synthesis dispatches across families
  [PASS] synthesis dispatches new family modules
  [PASS] synthesis uses declarations for hash layouts
  [PASS] synthesis propagates family errors
  [PASS] synthesis records registry-owned runtime identity
  [PASS] synthesis preserves unhandled builtin
  [PASS] synthesis preserves multi-decl order
  [PASS] synthesis promotes concrete impl method
  [PASS] synthesis promotes Int16 add impl to native operator
  [PASS] synthesis promotes Int16 subtract impl to native operator
  [PASS] synthesis promotes Int16 multiply impl to native operator
  [PASS] synthesis promotes Int16 divide impl to native operator
  [PASS] synthesis promotes Int16 remainder impl to native operator
  [PASS] synthesis promotes Int16 negate impl to native operator
  [PASS] synthesis records the supplying pass and keeps the declared origin
  [PASS] scalar operator impl records scalar operator synthesis
  [PASS] synthesizing a mono instance keeps its mono origin
  [PASS] mono instance without its declaration is not synthesized
  [PASS] unsynthesized builtin keeps its declared origin
  [PASS] synthesis promotes scalar equality impls to native operators
  [PASS] synthesis promotes scalar ordering impls to native operators
  [PASS] synthesis promotes String add impl to native operator
  [PASS] synthesis promotes FixedPoint arithmetic impls to native operators
  [PASS] scalar operator synthesis rejects malformed candidates

All 25 tests passed

>> Compiler Core bytes synthesis Tests
  [PASS] bytes allocation clamps and publishes length
  [PASS] bytes get checks bounds and constructs Option
  [PASS] bytes updates use COW and bounds policy
  [PASS] bytes copy operations allocate and bound loops
  [PASS] bytes index_of short-circuits and constructs Option
  [PASS] bytes synthesis rejects wrong identity or signature

All 6 tests passed

>> Compiler Core FixedPoint synthesis Tests
  [PASS] FixedPoint field accessors use intrinsics
  [PASS] FixedPoint to_int handles both scale directions
  [PASS] FixedPoint neg allocates from components
  [PASS] FixedPoint round_to rescales and allocates
  [PASS] FixedPoint synthesis rejects wrong module and signature

All 5 tests passed

>> Compiler Core Float synthesis Tests
  [PASS] unary Float intrinsic
  [PASS] binary Float intrinsic
  [PASS] fused multiply-add intrinsic
  [PASS] Float classification intrinsic
  [PASS] Float synthesis requires module and signature
  [PASS] binary Float synthesis requires signature
  [PASS] Float classification synthesis requires signature

All 7 tests passed

>> Compiler Core runtime-forward synthesis Tests
  [PASS] bytes codec forwards to runtime
  [PASS] FixedPoint default precision is explicit
  [PASS] stream operation forwards to runtime
  [PASS] tensor operations use intended call kinds
  [PASS] forward synthesis rejects wrong module and signature

All 5 tests passed

>> Core hash-key callback adapters Tests
  [PASS] hash-only scalar mints native equality once
  [PASS] callback identity survives impl projection
  [PASS] mints record pointer slot adapters
  [PASS] mints nothing without hash impls
  [PASS] needs both impls to mint
  [PASS] mints nothing for runtime-hashed keys
  [PASS] mints word slot adapters for impls on erased opaque types
  [PASS] binds pinned constructor to impl adapters
  [PASS] leaves pinned constructor without adapters unbound
  [PASS] rejects other pinned impl ids
  [PASS] unboxes heap record slot as pointer
  [PASS] binds record key to minted adapters
  [PASS] leaves boxed key without adapters unbound
  [PASS] refuses adapters with a different slot layout
  [PASS] leaves pointer key without adapters unbound

All 15 tests passed

>> Core opaque hash-key constructor pinning Tests
  [PASS] pins empty set of opaque key to its impls
  [PASS] pins empty dict and capacity dict of opaque key
  [PASS] pins empty dict literal of opaque key
  [PASS] pins through an opaque container
  [PASS] leaves representation keys unpinned
  [PASS] leaves opaque values unpinned
  [PASS] leaves transparent alias keys unpinned
  [PASS] keeps opaque key without impls as unbound trait constructor

All 8 tests passed

>> Compiler Core hash collection synthesis Tests
  [PASS] Set complete synthesized family
  [PASS] key temps are released through the layout marker
  [PASS] Set immediate probe, COW, and parameter identity
  [PASS] Set dispatched and enum probe layouts
  [PASS] Set ordered builders and callbacks
  [PASS] Set to_list preserves insertion order and ownership
  [PASS] Dict complete synthesized family
  [PASS] Dict probe, get_or, and wide value ownership
  [PASS] Dict set COW, update, insert, and managed pointer storage
  [PASS] Record key uses precise pointer layout
  [PASS] Dict materializers preserve order and value layouts
  [PASS] Hash collection synthesis rejects wrong surfaces
  [PASS] Hash collection synthesis reports missing layout facts
  [PASS] Opaque generic alias keeps target layout and dispatches probes
  [PASS] Hash collection synthesis rejects invalid value type
  [PASS] Named enum uses declared hash layout
  [PASS] Named record uses declared hash layout
  [PASS] Program context uses exact keyed layout facts

All 18 tests passed

>> Compiler Core list synthesis Tests
  [PASS] all current post-mono list operations synthesize
  [PASS] string element equality uses the string builtin
  [PASS] storage and bounds family is explicit Core
  [PASS] transform and partition family owns result slots
  [PASS] terminal and search family short-circuits
  [PASS] find transfers managed elements without another retain
  [PASS] flat_map transfers managed elements without another retain
  [PASS] filter transfers managed elements without another retain
  [PASS] sort and nested materialization stay in Core
  [PASS] concurrent family uses pre-closure loop
  [PASS] parameter CoreVar identity is preserved
  [PASS] concrete generic element layout is preserved
  [PASS] module, signatures, and types are exact

All 13 tests passed

>> Blorp compiler parallel tensor Core synthesis Tests
  [PASS] synthesizes parallel vector adapter
  [PASS] synthesizes parallel matrix adapter
  [PASS] synthesizes parallel vector adapter with normalized dims
  [PASS] rejects impure parallel callback
  [PASS] rejects wrong module and rank

All 5 tests passed

>> Compiler Core StringSlice synthesis Tests
  [PASS] StringSlice construction and length use intrinsics
  [PASS] StringSlice to_string copies exact bytes
  [PASS] StringSlice substring clamps and reuses source
  [PASS] StringSlice starts_with short-circuits
  [PASS] StringSlice get builds checked Option
  [PASS] StringSlice synthesis rejects wrong module and signature

All 6 tests passed

>> Compiler Core string synthesis Tests
  [PASS] all string signatures synthesize and preserve parameters
  [PASS] string search family uses visible Core control flow
  [PASS] string allocation family uses exact-size primitives
  [PASS] string append char exposes UTF-8 and capacity logic
  [PASS] string slicing family clamps and copies bytes
  [PASS] string padding family allocates once and fills ranges
  [PASS] string case and classification families short-circuit
  [PASS] string comparison family scans and materializes results
  [PASS] string synthesis rejects wrong identity and signatures

All 9 tests passed

>> Compiler Core tensor synthesis Tests
  [PASS] Float sum uses guarded raw view
  [PASS] Float32 product uses guarded raw view
  [PASS] Int dot uses two raw views
  [PASS] Float16 sum uses safe reader
  [PASS] min and max use safe loops
  [PASS] Int mean casts to Float
  [PASS] Int mean checks empty input
  [PASS] cumulative sum allocates output
  [PASS] scale reads and writes concrete elements
  [PASS] non-vector sum is not synthesized
  [PASS] tensor synthesis rejects malformed signatures
  [PASS] tensor synthesis preserves parameter identity
  [PASS] malformed unsupported tensor signature is not diagnostic
  [PASS] unsupported tensor element is diagnosed
  [PASS] synthesis names use explicit module boundary

All 15 tests passed

>> Blorp compiler tail recursion lowering Tests
  [PASS] unmanaged self call becomes loop
  [PASS] list spread omits list rebind
  [PASS] list spread preserves prefix binding
  [PASS] list spread recognizes alias parameter
  [PASS] list spread ignores resource-scope shadowing
  [PASS] managed candidate remains unchanged
  [PASS] unknown type fails closed
  [PASS] option of resource handle fails closed

All 8 tests passed

>> Core tensor update fusion Tests
  [PASS] Float add-scaled update fuses
  [PASS] Float32 add-scaled update fuses
  [PASS] commuted add and multiply update fuses
  [PASS] mismatched shapes do not fuse
  [PASS] non-floating tensor does not fuse
  [PASS] unstable tensor input does not fuse
  [PASS] target identity ignores callable metadata

All 7 tests passed

>> Blorp compiler Core tensor specialization Tests
  [PASS] static tensor length folds to literal
  [PASS] runtime lengths dispatch to intrinsics
  [PASS] constant Float32 checked reads use unchecked intrinsic
  [PASS] dynamic Float checked reads use typed runtime
  [PASS] out-of-bounds literal checked reads keep runtime check
  [PASS] dynamic Int checked reads unbox runtime pointer
  [PASS] constant enum checked reads use Int intrinsic
  [PASS] Float matrix checked reads use typed runtime
  [PASS] rank-3 Int checked reads inject static shape
  [PASS] rank-3 Float checked reads use typed shape runtime
  [PASS] typed vector and matrix writes select runtime
  [PASS] preboxed numeric writes keep generic runtime
  [PASS] numeric vector fills select runtime
  [PASS] numeric matrix fills select runtime
  [PASS] Float16 fill stays generic
  [PASS] Float unary tensor math uses base runtime
  [PASS] Float32 unary tensor math selects runtime
  [PASS] imported scalar math lift selects tensor runtime
  [PASS] math lift reads the callee identity, not its name
  [PASS] Float16 unary tensor math selects runtime
  [PASS] unary tensor math requires tensor receiver
  [PASS] Int tensor reductions select runtime
  [PASS] Float tensor reductions select runtime
  [PASS] Float32 tensor reductions select runtime
  [PASS] Float16 tensor reductions select runtime
  [PASS] tensor reductions require tensor receiver
  [PASS] tensor reductions require supported element type
  [PASS] bounds-proven read hoists raw view
  [PASS] bounds-proven int read hoists raw view
  [PASS] bounds-proven int read under assign hoists raw view
  [PASS] temporary tensor source is not hoisted
  [PASS] resource scope blocks raw-view hoisting
  [PASS] raw writes require unique storage
  [PASS] out-of-bounds loops are not hoisted
  [PASS] nonnegative addition range starts prove bounds
  [PASS] nested raw-view regions are not re-hoisted

All 36 tests passed

>> Blorp compiler Core trait resolution Tests
  [PASS] deferred trait call resolves
  [PASS] selected trait call resolves by trait identity
  [PASS] selected trait registry miss is an error
  [PASS] selected trait keeps exact id across colliding dispatch keys
  [PASS] selected trait missing id rejects viable dispatch fallback
  [PASS] selected trait duplicate id is rejected
  [PASS] selected trait id survives callable resolution
  [PASS] selected trait checks enclosing trait member and receiver
  [PASS] selected scalar method classification uses exact method
  [PASS] selected direct call is not trait dispatch
  [PASS] generic impl is not a dispatch target
  [PASS] selected generic impl target defers to direct resolution
  [PASS] unmaterialized generic source target is an error
  [PASS] selected generic builtin requires exact quadruple
  [PASS] conflicting remap is terminal before builtin exception
  [PASS] selected specialized method keeps remapped identity
  [PASS] generic function keeps selected trait identity
  [PASS] StringSlice builtin uses impl
  [PASS] synthetic to_string builtin uses impl
  [PASS] non-trait builtin is preserved
  [PASS] structural equals uses native target
  [PASS] aliased structural equals uses native target
  [PASS] tensor not equals uses native target
  [PASS] named enum declaration uses native equality target
  [PASS] union equals without impl is missing impl
  [PASS] tuple operators without impl target are internal errors
  [PASS] union operator without impl target is internal error
  [PASS] dict equality without impl target is internal error
  [PASS] non-numeric tensor equality has no native target
  [PASS] tuple operator calls impl default method
  [PASS] pointer equality stays native
  [PASS] range not equals uses native target
  [PASS] tensor native targets reject unsupported operations
  [PASS] tensor add call uses native target
  [PASS] tensor negate call uses native target
  [PASS] record operator resolves
  [PASS] Int16 add operator uses native target
  [PASS] Int16 explicit add uses native target
  [PASS] Int16 explicit add uses compiler native execution target
  [PASS] Int16 equality operator uses native target
  [PASS] Int16 explicit equals uses native target
  [PASS] Int16 ordering calls use compiler native execution targets
  [PASS] native scalar impl body becomes callable
  [PASS] unmarked scalar impl operator remains recursive
  [PASS] Int16 explicit negate uses native unary target
  [PASS] Int16 explicit negate uses compiler native execution target
  [PASS] wrong-owner Int16 negate impl remains recursive
  [PASS] selected Int16 add registry miss is an error
  [PASS] wrong-owner Int16 add remains function target
  [PASS] wrong-owner Int16 impl operator remains recursive
  [PASS] tensor Absolute call falls through to specialization
  [PASS] non-tensor Absolute call without impl is diagnostic
  [PASS] unsupported tensor Absolute calls are diagnostic
  [PASS] unregistered trait call falls through
  [PASS] prelude builtin trait method falls through
  [PASS] resolved direct binding is not a missing impl
  [PASS] resource binding shadows body only
  [PASS] selected trait call is not read as the shadowing local
  [PASS] static Self uses return type
  [PASS] parameterized type keys do not collide
  [PASS] missing impl diagnostic is structured
  [PASS] explicit equals without impl is diagnostic
  [PASS] deep left logical tree is stack bounded

All 63 tests passed

>> Blorp compiler Core traversal Tests
  [PASS] maps pre-closure detach body
  [PASS] maps record COW replacements and source without materializing inherited fields
  [PASS] context mapper releases managed capture
  [PASS] context expr and type mappers release managed capture
  [PASS] maps every select child
  [PASS] maps semantic match scrutinee and tree bodies
  [PASS] splits and rebuilds sequence spine
  [PASS] identity mapper reuses every node shape
  [PASS] identity mapper reuses logical tree and sequence
  [PASS] changed leaf rebuilds only the spine
  [PASS] pattern binding membership matches ordered projection
  [PASS] state leaf family passes state through unchanged
  [PASS] state operator family threads binary sibling order
  [PASS] state operator family threads if sibling order
  [PASS] state operator family identity mapper reuses shape
  [PASS] state aggregate family threads call args order
  [PASS] state aggregate family threads record COW update order
  [PASS] state aggregate family threads select arm order
  [PASS] state aggregate family identity mapper reuses shape
  [PASS] state logical tree threads left to right
  [PASS] state logical tree identity mapper reuses shape
  [PASS] state storage family threads string byte copy order
  [PASS] state storage family threads tensor raw fill order
  [PASS] state storage family identity mapper reuses shape
  [PASS] state loop family threads for range order
  [PASS] state loop family identity mapper reuses shape
  [PASS] state concurrency family threads pre closure block order
  [PASS] state concurrency family identity mapper reuses shape
  [PASS] state match family threads raw match case order
  [PASS] state match family identity mapper reuses shape
  [PASS] state dispatcher routes every family

All 31 tests passed

>> Core tuple flattening Tests
  [PASS] local field access is flattened
  [PASS] tuple used whole keeps its box
  [PASS] tuple passed to a call keeps its box
  [PASS] mutable tuple keeps its box
  [PASS] managed local tuple is flattened
  [PASS] alias of a flattened local is the same group
  [PASS] alias used whole keeps its source boxed
  [PASS] source keeps its box
  [PASS] immediate tuple field is flattened
  [PASS] flattening traverses record update fields
  [PASS] flattening traverses record reuse fields
  [PASS] flattening traverses tensor raw read index
  [PASS] tuple if is flattened
  [PASS] tuple if with mismatched element type keeps its box
  [PASS] alias bound in two branches keeps its source boxed
  [PASS] element index outside the tuple is an internal error
  [PASS] tuple match with non-tuple leaf keeps its box
  [PASS] tuple match leaf collection preserves case order
  [PASS] tuple length match leaf collection preserves geq and fallback order
  [PASS] nested Option subject is split
  [PASS] or-pattern subject tests each element with its own match
  [PASS] payload binding is bound below the test that proves it
  [PASS] whole-element binding names the element
  [PASS] whole-subject binding only taken apart leaves no tuple
  [PASS] whole-subject binding used whole is boxed only where it is used
  [PASS] three-element subject is split
  [PASS] subject elements are bound in written order
  [PASS] read of a boxed element is bound at its leaf
  [PASS] mutable element is bound to a copy
  [PASS] resource binding shadow keeps the box
  [PASS] loop binding shadow keeps the box
  [PASS] whole binding of a matched local keeps its box
  [PASS] tree that always fails is an internal error
  [PASS] flattened local used whole is an internal error
  [PASS] missing element type is an internal error
  [PASS] fault messages name the binding and the shape
  [PASS] repeated row binding is bound once
  [PASS] or-pattern binder at two places is bound at its leaves
  [PASS] payload binding with no test of its element is an internal error
  [PASS] flattened local match is split
  [PASS] result element keeps its contract and subject element is borrowed
  [PASS] unmanaged tuple return call is expanded
  [PASS] unmanaged tuple return with local is expanded
  [PASS] managed tuple return call keeps its box
  [PASS] expansion reserves the ids it minted
  [PASS] tuple return summary traverses scalar let
  [PASS] deep logical rewrite is stack bounded
  [PASS] logical rewrite mints left to right
  [PASS] deep logical chain is rewritten iteratively
  [PASS] reuses expression without tuple shapes
  [PASS] rebuilds only the spine to a flattened tuple

All 51 tests passed

>> Compiler CTFE context Tests
  [PASS] context uses one aligned module id domain
  [PASS] context rejects imported program from incompatible module domain
  [PASS] context rejects imported program from a different definition snapshot
  [PASS] context collects functions by callable id
  [PASS] context groups imported functions by module and source
  [PASS] context groups private imported functions
  [PASS] context imported function index has bounded allocation growth
  [PASS] context merges duplicate imported module groups
  [PASS] context collects module aliases from import blocks
  [PASS] context scopes module aliases to importing module
  [PASS] graph import binding preserves module id
  [PASS] context module global env lookup

All 12 tests passed

>> Compiler CTFE env Tests
  [PASS] lookup uses nearest binding
  [PASS] concat preserves lexical shadowing order
  [PASS] underscore binding is ignored
  [PASS] global and local queries
  [PASS] mutable assignment returns updated env and void value
  [PASS] project existing bindings preserves outer mutations only
  [PASS] immutable assignment is rejected
  [PASS] unavailable global reasons are reported

All 8 tests passed

>> Compiler CTFE eval Tests
  [PASS] eval literals and binary ops
  [PASS] eval identifier lookup
  [PASS] eval logical short circuits
  [PASS] eval collection and record values
  [PASS] eval if range field and record update
  [PASS] eval record update preserves duplicate update semantics
  [PASS] eval record update reports first missing update field
  [PASS] eval block local bindings
  [PASS] eval block mutable local assignment
  [PASS] eval while updates mutable local
  [PASS] eval while break and continue control flow
  [PASS] eval for range updates mutable local
  [PASS] eval range forms share record values and iteration
  [PASS] eval for list break control flow
  [PASS] eval for tuple binder over list
  [PASS] eval block rejects immutable local assignment
  [PASS] eval block tuple destructuring
  [PASS] eval block question bind option some
  [PASS] eval block question bind option none propagates
  [PASS] eval block question bind result ok and err
  [PASS] eval nullary constructor reference
  [PASS] eval string interpolation
  [PASS] eval match binds selected case
  [PASS] eval match uses typed name patterns as bindings
  [PASS] eval local function call
  [PASS] eval local function reference call
  [PASS] eval sized float conversion builtins
  [PASS] eval length builtin
  [PASS] eval checked tensor get normalizes negative indices
  [PASS] eval imported sized float conversion intrinsics
  [PASS] eval local function call binds tuple param
  [PASS] eval imported function call uses module globals
  [PASS] eval imported global field access
  [PASS] eval imported function call reports ambiguous source group
  [PASS] eval imported std string intrinsics
  [PASS] eval imported std string case conversion rejects non-ASCII
  [PASS] eval lambda preserves lexical environment
  [PASS] eval lambda call uses captured local
  [PASS] eval imported std list intrinsics
  [PASS] eval imported std dict intrinsics
  [PASS] eval imported std list map uses named callback
  [PASS] eval imported std option and result intrinsics
  [PASS] eval imported std option and result map use named callback
  [PASS] eval constructor call
  [PASS] eval errors are reported

All 45 tests passed

>> Compiler CTFE global eval Tests
  [PASS] eval program globals in source order
  [PASS] eval program rejects later global reference
  [PASS] eval program rejects self reference
  [PASS] eval program keeps mutable global runtime initialized
  [PASS] eval program evaluates private globals
  [PASS] eval imported program global envs attach to context
  [PASS] eval imported program global envs rejects foreign program set
  [PASS] eval imported global pure call reads prior global
  [PASS] eval imported global error names module
  [PASS] eval imported global pure call rejects self reference
  [PASS] eval imported global pure call rejects later reference
  [PASS] eval imported global pure calls keep module environments isolated
  [PASS] eval imported program globals use dependency bindings
  [PASS] dependency name bindings ignore unrelated target constructors in either order
  [PASS] rewrite program globals materializes typed initializer
  [PASS] rewrite program globals materializes parsed initializer
  [PASS] rewrite program globals keeps materialized global immutable
  [PASS] rewrite program globals leaves mutable initializer runtime
  [PASS] global replacements are sparse and keyed by definition id
  [PASS] rewrite program globals uses selective imported constant
  [PASS] rewrite program globals rejects runtime initialized selective import
  [PASS] evaluate program globals builds context and rewrites target
  [PASS] dependency global graph evaluates a shared module once
  [PASS] selected CTFE artifact preserves Range authority under shadow
  [PASS] unrelated Range shadow is not a CTFE iterable
  [PASS] dependency global graph measures duplicate plan entries
  [PASS] dependency global graph refreshes only first duplicate program
  [PASS] dependency global graph discovers reversed global dependency
  [PASS] dependency global graph rejects global cycle once
  [PASS] dependency global graph preserves runtime global error across back edge
  [PASS] dependency global graph attributes cycle before rejecting dependent
  [PASS] dependency global graph keeps disjoint cycle errors separate
  [PASS] dependency global graph counts only attempted declarations
  [PASS] dependency global graph retains rejection and continues an independent root
  [PASS] dependency global graph does not install an unimported sibling

All 35 tests passed

>> Compiler CTFE globals Tests
  [PASS] global reason tracks mutability
  [PASS] global decl preserves private flag
  [PASS] program global lookup walks private decls
  [PASS] bind unavailable program globals sets source order reasons
  [PASS] imported program global lookup uses module id

All 5 tests passed

>> Compiler CTFE IR Tests
  [PASS] ctfe intrinsics are found by module and source name id
  [PASS] translates literals and binary exprs
  [PASS] translates transparent and collection exprs
  [PASS] translates record and dict exprs
  [PASS] translates lambdas as explicit CTFE IR
  [PASS] translates field access kinds
  [PASS] translates imported global field access
  [PASS] translates qualified constructors only from resolved calls
  [PASS] translates block local bindings
  [PASS] translates block local assignment items
  [PASS] translates block tuple destructuring items
  [PASS] translates block question bind items
  [PASS] translates string interpolation parts
  [PASS] translates match exprs
  [PASS] translates while and loop control
  [PASS] translates for loops
  [PASS] translates name references
  [PASS] translates resolved nullary constructor reference without context
  [PASS] translates local function references
  [PASS] translates call kinds
  [PASS] rejects a definition-backed call outside the context table
  [PASS] rejects unindexed calls in a graph context
  [PASS] translates supported builtin call
  [PASS] keeps unadmitted builtin call unsupported
  [PASS] translates resolved trait method as imported call
  [PASS] translates accepted unresolved trait through exact identity
  [PASS] rejects accepted trait outside context table
  [PASS] rejects accepted unresolved trait outside context table
  [PASS] rejects unsupported forms at translation boundary

All 29 tests passed

>> Compiler CTFE materialize Tests
  [PASS] materializes scalar literals
  [PASS] materializes aggregate literals
  [PASS] materializes constructors
  [PASS] materializes function references
  [PASS] materializes typed lambdas without inventing parsed source
  [PASS] rejects captured lambda materialization
  [PASS] rejects captured lambda nested in aggregate
  [PASS] materializes parsed literals
  [PASS] materializes parsed aggregates and constructors

All 9 tests passed

>> Compiler CTFE pattern Tests
  [PASS] binds wildcard name and literal patterns
  [PASS] binds tuple list and spread patterns
  [PASS] uses typed constructor decisions and preserves name bindings
  [PASS] requires exact constructor identity to match
  [PASS] keeps exact identity in qualified nested constructor patterns
  [PASS] limits synthesized constructor fallback to matching parent and name

All 6 tests passed

>> Compiler CTFE typecheck profile benchmark Tests
  [PASS] fixture follows function-only dependency chain
  [PASS] repeated fixture remains deterministic
  [PASS] shared global fixture exercises graph-wide reuse
  [PASS] fixture models reachable and irrelevant bodies
  [PASS] selected module reuses its CTFE checked body
  [PASS] selected module reuses two reachable CTFE bodies
  [PASS] wide single-module CTFE chain reuses every body
  [PASS] recursive body is checked once
  [PASS] repeated CTFE roots share one body check
  [PASS] lambda callback checks only its owning function body
  [PASS] implementation method uses selected callable artifact
  [PASS] target helper discovers imported CTFE body
  [PASS] imported constructor requires no source body
  [PASS] bodyless dependency keeps selective CTFE mode
  [PASS] no callable roots use explicit eager mode
  [PASS] unresolved trait dispatch uses eager mode
  [PASS] unresolved target dispatch preserves target check metrics
  [PASS] CTFE checked main keeps entrypoint validation

All 18 tests passed

>> Compiler CTFE value Tests
  [PASS] value equality is structural
  [PASS] UInt64 literal bits render unsigned
  [PASS] UInt64 binary ops are unsigned
  [PASS] constructor and dict equality are structural
  [PASS] int binary ops match language infallibility
  [PASS] comparisons return bool values
  [PASS] float binary ops and errors
  [PASS] Float32 arithmetic rounds each result
  [PASS] Float16 arithmetic rounds each result
  [PASS] sized float unary preserves type
  [PASS] string add requires string rhs
  [PASS] unary ops
  [PASS] error messages are user facing

All 13 tests passed

>> Compiler CTFE value ops Tests
  [PASS] option state decodes constructor values
  [PASS] result state decodes constructor values
  [PASS] carrier state rejects non-carriers
  [PASS] string text of String values
  [PASS] string text of Int values
  [PASS] string text of Bool values
  [PASS] string text of Char values
  [PASS] qualify respells local type arguments
  [PASS] qualify respells nested record field type
  [PASS] qualify leaves other types untouched

All 10 tests passed

>> Compiler declaration skeleton graph Tests
  [PASS] preserves category and source order
  [PASS] round trips exact identity and visibility
  [PASS] accepted global IDs are product and layout safe
  [PASS] duplicate source globals do not reach accepted table
  [PASS] accepted global qualified lookup is module and owner exact
  [PASS] rejects foreign module scope
  [PASS] preserves category-aligned source
  [PASS] constructor source owns exact parent type identity
  [PASS] rejects duplicate type namespace
  [PASS] rejects duplicate trait namespace
  [PASS] rejects duplicate constructor within parent
  [PASS] preserves duplicate diagnostic order
  [PASS] allows same constructor name across parents
  [PASS] constructor lookup is exact across modules, parents, and spans
  [PASS] places target before dependencies
  [PASS] excludes parser recovery modules

All 16 tests passed

>> Compiler definition index Tests
  [PASS] uses explicit seed and exact keys
  [PASS] plans programs without exposing maps
  [PASS] bootstrap aligns environment and empty index
  [PASS] source name projection matches exact lookup after conflict
  [PASS] type definition lookup uses exact identity and loaded path
  [PASS] type definition lookup rejects wrong kind missing and duplicate entries
  [PASS] module IDs from independent tables fail closed
  [PASS] definition index rebases only append-only module domains
  [PASS] definition table owns exact canonical rows
  [PASS] definition table issues scalar type ids by category
  [PASS] definition index rejects forward definition id gaps

All 11 tests passed

>> Compiler definition index benchmark Tests
  [PASS] builds a valid checksummed index
  [PASS] repeats without definition id drift
  [PASS] accounts exact source queries without broad name scans
  [PASS] accounts exact source query misses
  [PASS] accounts broad source name queries
  [PASS] accounts owner-directed type queries
  [PASS] owner-directed type query work ignores unrelated modules

All 7 tests passed

>> Compiler definition index module identity Tests
  [PASS] mounted std traits module links its trait to the builtin
  [PASS] user module named traits does not link to a builtin
  [PASS] graphless definition table never links builtins
  [PASS] definition keys include canonical module identity
  [PASS] export keys distinguish semantic overloads
  [PASS] export keys alpha-normalize generic names and bounds
  [PASS] export keys reject unresolved semantic types
  [PASS] repeated identical bindings are idempotent
  [PASS] module lookup buckets preserve exact identity under display-name collisions
  [PASS] name buckets preserve callable overloads
  [PASS] name buckets preserve source-definition identity
  [PASS] name-wide bindings preserve insertion order across module buckets
  [PASS] definition keys cannot be remapped
  [PASS] definition IDs cannot be reused
  [PASS] source definition IDs cannot be reused
  [PASS] definition IDs cannot be reused across key kinds

All 16 tests passed

>> Compiler definition index reservations Tests
  [PASS] reserves every definition kind in source order
  [PASS] stores one canonical row for every definition category
  [PASS] rejects repeated programs before indexing
  [PASS] keeps overload ids distinct
  [PASS] bulk build preserves same-name field owners
  [PASS] reserves only applicable default methods
  [PASS] dependency order does not change definition ids
  [PASS] resolves aliased imported trait defaults for planning
  [PASS] uses only prelude traits module defaults

All 9 tests passed

>> Compiler dimension solver Tests
  [PASS] equivalent sum products solve
  [PASS] exact constant division solves
  [PASS] single dim variable binding
  [PASS] single meta binding
  [PASS] uses meta bindings
  [PASS] foreign-session meta does not read same-slot binding
  [PASS] contradiction and stuck are distinct
  [PASS] linear binding can keep symbolic remainder
  [PASS] opaque division distinguishes meta from type variable spelling
  [PASS] special factor permutation and multiplicity
  [PASS] opaque division equivalent after operand normalization
  [PASS] opaque type distinguishes type variable display spelling
  [PASS] symbolic meta binding reconstructs opaque division
  [PASS] special terms commute and distribute
  [PASS] meta binding choice is independent of sum order
  [PASS] nested opaque division preserves meta identity
  [PASS] symbolic binding values are equivalent across opaque term order
  [PASS] named binding choice is independent of opaque term order

All 18 tests passed

>> Compiler trait identity Tests
  [PASS] pinned constants equal the registry identity of their names
  [PASS] pinned constants name their traits and are distinct builtins
  [PASS] fixture trait ids are distinct per name
  [PASS] graph trait ids are their definition id and not builtin
  [PASS] builtin environment traits and impls agree with their ids

All 5 tests passed

>> Compiler env substrate Tests
  [PASS] default tag equality is scoped and not hashability
  [PASS] local and outermost lookups split at the module scope
  [PASS] supertrait walk follows identity not spelling
  [PASS] scope lookup and shadowing
  [PASS] same-scope lookup preserves latest symbol and full history
  [PASS] symbol history preserves scope and declaration order
  [PASS] symbol history preserves duplicate identity across scopes
  [PASS] symbol history keeps all overloads before outer shadow
  [PASS] symbol history no match and empty scope return empty
  [PASS] constructor lookup preserves same-name candidates
  [PASS] union constructor batch preserves intra-group order and ids
  [PASS] accepted union constructor batch retains containment facts
  [PASS] type registration without constructors consumes no ids
  [PASS] issue16 public batch edges preserve env behavior
  [PASS] issue16 public batch histories and scope restoration
  [PASS] union constructor batch preserves scope snapshots
  [PASS] type record alias and nominal dim resolution
  [PASS] type registration summarizes containment conservatively
  [PASS] type registration invalidates containment when binding changes
  [PASS] accepted shadow invalidates only inferred containment
  [PASS] accepted containment facts follow scopes
  [PASS] type registration uses reserved constructor ids
  [PASS] nested generic alias resolution
  [PASS] alias resolution terminates cycles
  [PASS] traits impls overloads and ufcs
  [PASS] empty type parameter extension preserves environment
  [PASS] overload ranking prefers concrete over generic
  [PASS] overload matching handles generic callback parameters
  [PASS] overload matching rejects narrower higher order callback
  [PASS] resolve self borrows inputs and returns owned types
  [PASS] generic impl satisfies concrete trait obligation
  [PASS] generic impl requires concrete type to satisfy bounds
  [PASS] compiler structural equality satisfies trait obligations
  [PASS] prepared module declarations create isolated root environments
  [PASS] function-symbol ufcs lookup filters same-name candidates
  [PASS] ufcs resolution prefers concrete receiver

All 36 tests passed

>> Blorp formatter command Tests
  [PASS] format help and no files
  [PASS] format check write and recheck
  [PASS] format parse error reports path once
  [PASS] post-process large outputs
  [PASS] wrapped string statement is a fixpoint
  [PASS] wrapped string list element is a fixpoint
  [PASS] interpolation preserves non-ASCII bytes

All 7 tests passed

>> Discovery stage as the CLI front end Tests
  [PASS] an unresolved import does not stop discovery
  [PASS] a parse error stops discovery and prints before an import problem
  [PASS] a syntax error in an import follows the root's in module order
  [PASS] a root that loaded nothing is reported first without a position
  [PASS] an internal error names the table, row and kind

All 5 tests passed

>> Legacy discovery adapter Tests
  [PASS] opaque globals complete and preserve written name order
  [PASS] float globals preserve checked full ast
  [PASS] mixed float globals preserve names
  [PASS] float global normalized digits rejected
  [PASS] integer globals preserve authored full ast
  [PASS] mixed atomic globals preserve names
  [PASS] integer global normalized digits rejected
  [PASS] name initialized globals completed syntax
  [PASS] name globals repeated and cross module names
  [PASS] unsupported name globals preserve names
  [PASS] builtin globals reuse names without marker names
  [PASS] leading dot globals reuse existing names
  [PASS] name globals preserve earlier deferred owner
  [PASS] completed name global changed value
  [PASS] trait structural header projection
  [PASS] implementation structural header projection
  [PASS] trait and implementation header names
  [PASS] trait and implementation changed evidence
  [PASS] prefix comparison completed kind coverage
  [PASS] prefix comparison changed completed field and order
  [PASS] prefix comparison module documentation
  [PASS] prefix comparison function boundaries
  [PASS] function header projection rich authored and forward forms
  [PASS] function header comparison independent structural mutations
  [PASS] function header stop shared names across modules
  [PASS] prefix comparison private trait and implementation spans
  [PASS] prefix comparison incorrect deferred kind and spans
  [PASS] prefix comparison eof and missing boundaries
  [PASS] prefix comparison global forms
  [PASS] global header projection forms and rich types
  [PASS] global header comparison independent structural mutations
  [PASS] global header stop exact names across modules
  [PASS] function stop excludes later global header names
  [PASS] prefix comparison global declaration anchor
  [PASS] prefix comparison changed global header
  [PASS] global projection rejects invalid initializer cursors
  [PASS] global initializer entry preserves layout and grouping
  [PASS] prefix comparison changed global initializer entry
  [PASS] prefix comparison rejected old parser
  [PASS] prefix comparison rejected stops
  [PASS] projection completed leaf order
  [PASS] projection import and foreign blocks
  [PASS] projection normalizes spaced import paths
  [PASS] projection documentation and visibility
  [PASS] projection shared names across modules
  [PASS] projection preseeded ids
  [PASS] projection deferred declaration stops
  [PASS] projection scan hard stops
  [PASS] projection no progress stop
  [PASS] projection invariant fail closed
  [PASS] union preview preserves rich parameters and all variant forms
  [PASS] union preview preserves shared payload type forms
  [PASS] fixed union preview preserves ordinary payload rules and source form
  [PASS] fixed union projection preserves private documentation and payloads
  [PASS] union and enum previews preserve eof blocks blank lines and newlines
  [PASS] union preview preserves wildcard parameter trivia json
  [PASS] union preview populates parameter bound variant and payload spellings
  [PASS] enum preview populates case spellings and has no parameters or payload fields
  [PASS] builtin type preview preserves three forms and rich generics
  [PASS] builtin type preview preserves absent empty parameters and terminal newlines
  [PASS] builtin type preview preserves all cleanup string forms and decoded contents
  [PASS] builtin type preview preserves wildcard parameter trivia JSON
  [PASS] builtin type preview populates generic identifier spellings and resource metadata
  [PASS] alias preview preserves both forms generics bounds and dimensions
  [PASS] alias preview preserves absent empty parameters and terminal newlines
  [PASS] alias preview preserves target forms and dimension authored bytes
  [PASS] alias preview populates parameter bound and target identifier spellings
  [PASS] alias preview preserves wildcard parameter trivia JSON
  [PASS] record preview preserves wildcard parameter trivia JSON
  [PASS] record preview preserves wildcard parameter spelling and span
  [PASS] record preview preserves generics, bounds and dimensions
  [PASS] record preview preserves empty parameter and field lists
  [PASS] record preview preserves shared field type forms
  [PASS] record preview populates generic identifier spellings
  [PASS] record preview rejects malformed parameters and fields
  [PASS] record preview marks outside declaration boundary unsupported
  [PASS] generic functions and bounds match
  [PASS] qualified bounds and supertraits match
  [PASS] dimensions, ranges and constraints match
  [PASS] function and tuple types match
  [PASS] impls and traits with methods match
  [PASS] unions, enums and variant payloads match
  [PASS] ordinary and fixed records match
  [PASS] record forms preview preserves fields, spans and source form
  [PASS] record forms preview preserves empty fields and trailing comma
  [PASS] record forms preview preserves nested and qualified types
  [PASS] record forms preview preserves tuple and function types
  [PASS] record forms preview preserves array, range and dimension types
  [PASS] record forms preview preserves literal digits after hash whitespace
  [PASS] record forms preview preserves literal digits after hash comment
  [PASS] record forms preview preserves variadic wildcard identifier spans
  [PASS] record forms preview populates authored identifier spellings
  [PASS] record forms preview rejects lexical and parser errors with diagnostics
  [PASS] both record forms preview marks outside declaration boundary unsupported
  [PASS] foreign blocks match
  [PASS] private declarations match
  [PASS] docstrings and the module docstring match
  [PASS] imports with aliases, selections and variants match
  [PASS] aliases, builtin and resource types and globals match
  [PASS] annotated functions match
  [PASS] parameter binders match
  [PASS] spans after non-ASCII text match
  [PASS] operators, calls and literals match
  [PASS] a parenthesized name keeps its own span
  [PASS] strings and interpolation match
  [PASS] brace forms match
  [PASS] leading dot chains after lambdas match
  [PASS] anchored if and match values and comments between branches match
  [PASS] loops and match cases match
  [PASS] every pattern kind matches
  [PASS] bindings, assignments, conversions, builtins and globals match
  [PASS] lambdas and local functions match
  [PASS] concurrency, select, with and debug forms match
  [PASS] bodies of documented traits, impls and private members match
  [PASS] escapes and braces around holes match
  [PASS] interpolation three levels deep is interpolated at every level
  [PASS] a deeply nested body is rebuilt without recursion
  [PASS] a concurrently loop without a limit is a malformed node
  [PASS] the comparison reports a changed field
  [PASS] modules are named as the existing front end names them
  [PASS] a native package module is named by its request
  [PASS] a table the parser left incomplete is an error, not a default
  [PASS] the graph has the modules, roots and edges of the sources
  [PASS] graph identifiers are spelled by the stage's name table
  [PASS] the stage's seed names equal the existing vocabulary

All 125 tests passed

>> Compiler frontend graph model Tests
  [PASS] retain exact requested import and identity
  [PASS] retain explicit unresolved outcome
  [PASS] reject duplicate canonical path
  [PASS] reject same path from distinct origins
  [PASS] reject non-standard origin at reserved path
  [PASS] reject missing import edge endpoints
  [PASS] preserve mixed validation error order
  [PASS] retain dense module and reference tables
  [PASS] reorder repeated references and retain fallback remainders

All 9 tests passed

>> Compiler frontend graph service Tests
  [PASS] require one outcome for each parsed import
  [PASS] preserve repeated import diagnostic order
  [PASS] reject duplicate outcomes for one parsed import
  [PASS] accept one outcome for each repeated import
  [PASS] reject an outcome without a parsed import
  [PASS] preserve outcome then undeclared error order
  [PASS] accept cycles with exact resolved edges
  [PASS] own parsing resolution edges and cycle termination
  [PASS] preserves growing worklist order across graph shapes
  [PASS] reports the first provider failure
  [PASS] reports an import spelled in another case
  [PASS] respelled import path replaces only the named components
  [PASS] reject identity conflict with different paths
  [PASS] retain exact module surface
  [PASS] implicit module paths are explicit constant

All 15 tests passed

>> Compiler frontend graph typecheck request Tests
  [PASS] use exact graph identities and requested import
  [PASS] reject root outside graph
  [PASS] preserve dependencies before other roots
  [PASS] two importers of same target share one module id
  [PASS] module reached via two requested paths resolves to one id
  [PASS] missing root diagnostic still prints module path
  [PASS] retain surface through typechecking
  [PASS] direct graph typecheck matches descriptive replay
  [PASS] direct graph typecheck accepts graph module ids
  [PASS] direct graph preserves source order with reordered edges
  [PASS] direct graph preserves last resolution for repeated import path
  [PASS] direct graph ignores unresolved duplicate after resolved import
  [PASS] direct graph preserves unknown module target diagnostic
  [PASS] source-only import does not create internal global error

All 14 tests passed

>> Compiler frontend import lookup plan Tests
  [PASS] user import precedence is package then std then local
  [PASS] source package import falls back to standard library
  [PASS] standard-library import stays inside standard library
  [PASS] std path has no special namespace behavior
  [PASS] relative import retains confinement origin
  [PASS] explicit native import is forbidden from std and source packages

All 6 tests passed

>> Compiler module table Tests
  [PASS] accept empty input
  [PASS] issue deterministic rows and indexes
  [PASS] reject duplicate identity
  [PASS] reject one path with distinct origins
  [PASS] row zero requires the issuing domain
  [PASS] singleton table issues its matching identity
  [PASS] identity rows require exact order and origin

All 7 tests passed

>> Compiler generic parameter helpers Tests
  [PASS] source spelling
  [PASS] param list helpers
  [PASS] constructor helpers
  [PASS] bound trait identity equality is exact

All 4 tests passed

>> Blorp host C compilation Tests
  [PASS] embedded macOS clang policy is exact
  [PASS] profile preludes precede embedded runtime
  [PASS] external sanitized policy uses runtime artifact
  [PASS] rejects runtime requirement mismatch
  [PASS] rejects runtime TLS mismatch
  [PASS] compiles C from stdin
  [PASS] preserves C compiler diagnostics

All 7 tests passed

>> Blorp compiler host environment Tests
  [PASS] environment discovery keeps configuration structured
  [PASS] unsupported TLS does not probe pkg-config
  [PASS] optional raylib probe preserves interruption
  [PASS] host program resolution inputs are explicit
  [PASS] host compiler command preserves prefix arguments

All 5 tests passed

>> Compiler immutable sharing Tests
  [PASS] trait lookup shares without deep copy
  [PASS] trait lookup retains dynamic values and preserves COW
  [PASS] function symbol shares nested values without deep copy
  [PASS] qualified type resolution shares unchanged tree
  [PASS] qualified type resolution changes one leaf without mutating source
  [PASS] imported type resolution shares unchanged tree
  [PASS] imported type resolution changes one leaf without mutating source
  [PASS] consume specialize shares unchanged declaration types
  [PASS] Perceus shares reused type metadata

All 9 tests passed

>> Compiler import graph profile benchmark Tests
  [PASS] fixture exercises resolved import edges
  [PASS] repeated fixture remains deterministic
  [PASS] direct fixture matches descriptive replay

All 3 tests passed

>> Compiler import registration substrate Tests
  [PASS] registers qualified import alias
  [PASS] registers default alias from path
  [PASS] bare std import matches canonical module path
  [PASS] canonical std import matches relative stdlib surface
  [PASS] rejects redundant std import prefix
  [PASS] bare std import does not match package basename
  [PASS] ambiguous source module name is order independent
  [PASS] registration publishes only accepted canonical modules
  [PASS] registers selective imports and type homes
  [PASS] constructor import releases registration owner
  [PASS] combined import registers symbols and module alias
  [PASS] rejects private missing and duplicate selective imports
  [PASS] rejects duplicate module imports and std package imports
  [PASS] duplicate imports use resolved canonical identity

All 14 tests passed

>> Compiler indexed graph Tests
  [PASS] source-name table issues stable dense IDs
  [PASS] compilation graph names are adopted without re-cataloging
  [PASS] declared-name completion keeps ids and adds only missing spellings
  [PASS] default import alias completion only covers alias-less imports
  [PASS] source-name default alias strips source extension
  [PASS] source-name catalog preserves exact traversal order
  [PASS] source-name catalog handles an empty program
  [PASS] source-name catalog follows module table order
  [PASS] catalogs trait method source names
  [PASS] catalogs qualified aliases and local declarations
  [PASS] catalogs every module-local name kind
  [PASS] source-name catalog excludes implementation bodies
  [PASS] owns canonical modules and definition index
  [PASS] scopes selective export names by module id
  [PASS] scatter keeps large selective-export buckets owned
  [PASS] module meta sessions require the issuing definition table
  [PASS] rejects duplicate dependency identity
  [PASS] rejects target dependency identity conflict
  [PASS] rejects same path from distinct origins
  [PASS] rejects non-standard origin at reserved path
  [PASS] preserves source name separately from canonical path
  [PASS] keeps identical source spans distinct across canonical modules
  [PASS] validates dependency selection
  [PASS] prepared module scopes require compatible graphs
  [PASS] prepared module scopes compare resolved programs
  [PASS] prepared module scopes reject different module order
  [PASS] prepared module scope indices require compatible graphs
  [PASS] prepared module scope indices reject different retained surfaces
  [PASS] preserves issuing module table ids
  [PASS] retains exact compilation module table
  [PASS] rejects misaligned module table payloads
  [PASS] rejects dependency ids from another table
  [PASS] indexed graph releases owned values

All 33 tests passed

>> Compiler inference Tests
  [PASS] builtin callee ids are the seeded ids of their names
  [PASS] bare value lookup classifies type name fallback
  [PASS] source package rejects builtin expression
  [PASS] int literal expected argument slot preserves semantic type
  [PASS] LiteralString argument widens to String value slot
  [PASS] LiteralString parameter accepts direct literal
  [PASS] identifier lookup preserves source type
  [PASS] unknown identifier records error
  [PASS] inference errors retain parent expression span
  [PASS] inference diagnostic suffix preserves existing and child spans
  [PASS] hidden module function does not shadow builtin
  [PASS] compiler prelude trait functions are visible
  [PASS] scalar math call lifts over tensor argument
  [PASS] imported builtin function reference preserves module origin
  [PASS] concrete type_name folds during inference
  [PASS] generic debug reflection defers as intrinsic
  [PASS] is_heap defers as intrinsic
  [PASS] local scalar math call does not lift over tensor argument
  [PASS] bare length dispatches to tensor HasLength
  [PASS] bare to_string uses builtin dispatch for String
  [PASS] scoped trait method wins builtin name collision
  [PASS] explicit import wins scoped trait method name
  [PASS] unindexed scoped owner with authority is explicit
  [PASS] reserved scope rejects unindexed owner without fallback
  [PASS] invalid compiler scope never falls to builtin or namesake
  [PASS] invalid accepted scope FuncSymbol is terminal
  [PASS] invalid accepted scope without symbol is terminal
  [PASS] invalid accepted scope UFCS is terminal
  [PASS] UFCS to_string uses trait dispatch for bounded generic
  [PASS] explicit import wins constructor name collision
  [PASS] lexical binding wins explicit import
  [PASS] matrix builtin binds literal dimensions
  [PASS] vector builtin derives dimension arithmetic
  [PASS] raw nested function decl reports finalization gap
  [PASS] var decl infers Int for a literal initializer
  [PASS] annotated var decl widens literal initializer
  [PASS] annotated binding accepts pure callback for impure slot
  [PASS] annotated binding rejects impure callback for pure slot
  [PASS] annotated binding rejects narrower higher order callback
  [PASS] block scopes local bindings and uses last expression type
  [PASS] block preserves last expression value type
  [PASS] name lookup uses resolved bound meta
  [PASS] finalize infer result zonks bound meta tree
  [PASS] finalize infer result preserves zonked widening slot
  [PASS] typed expr types come from value slot
  [PASS] debug block checks body and returns void
  [PASS] detach checks body and returns void
  [PASS] concurrent block checks params and body and returns void
  [PASS] concurrent block TaskResult alias annotation is canonical
  [PASS] concurrent block module TaskResult alias preserves source annotation
  [PASS] concurrent block alias mismatch diagnostic is canonical
  [PASS] concurrent block rejects empty and non binding body
  [PASS] concurrent block rejects duplicate and sibling bindings
  [PASS] concurrent block rejects mutable capture
  [PASS] concurrent and detach traversals include nested impure calls
  [PASS] syntax purity requirements use explicit effect variants
  [PASS] impure call requirements preserve callable identity
  [PASS] calling returned impure closure records closure requirement
  [PASS] detach rejects stream capture
  [PASS] detach rejects resource source capture
  [PASS] detach mixed capability capture preserves resource source precedence
  [PASS] detach rejects stream inside record capture
  [PASS] select checks arms and returns void
  [PASS] select accepts canonical Duration and range timeout
  [PASS] select rejects empty non channel and bad timeout
  [PASS] select rejects value context
  [PASS] select traversal records select and nested impure calls
  [PASS] concurrent for checks list body and returns void
  [PASS] concurrent for resource source binding is scoped resource
  [PASS] concurrent for rejects value context non list and bad timeout
  [PASS] concurrent for reports a missing limit as an internal error
  [PASS] concurrent for rejects outer mutable capture
  [PASS] concurrent for traversal records concurrent and nested impure calls
  [PASS] with plain resource scopes binding and returns body type
  [PASS] with rejects non resource annotation mismatch and body escape
  [PASS] with try option and result carriers
  [PASS] with try result alias maps canonical error type
  [PASS] with try rejects wrong carrier and bad error map
  [PASS] with traversal includes acquisition mapper and body
  [PASS] with dependent resource result cannot escape through local
  [PASS] with ordinary resource operation result can escape
  [PASS] resource operation requires scoped with binding
  [PASS] with nested dependent resource makes parent unavailable
  [PASS] with repeated dependency paths reports parent once
  [PASS] resource derived value rejected by ordinary call
  [PASS] constructor identifier uses expected parent type
  [PASS] constructor identifier uses generic expected parent type
  [PASS] equality binds unconstrained generic constructor
  [PASS] constructor call specializes generic return
  [PASS] constructor call uses expected return for unmentioned generic
  [PASS] if branch constructor call uses expected return for unmentioned generic
  [PASS] if branches infer complementary Result parameters
  [PASS] question bind option binds unwrapped value for following statements
  [PASS] question bind annotation mismatch reports unwrapped type
  [PASS] question bind rejects non carrier rhs
  [PASS] question bind rejects wrong enclosing carrier
  [PASS] question bind rejects result in option block
  [PASS] question bind rejects final statement
  [PASS] opaque into from conversions infer types
  [PASS] opaque conversion substitutes generic target type
  [PASS] opaque conversion accepts alias to opaque type
  [PASS] opaque conversion errors are specific
  [PASS] arithmetic keeps literal operands as Int
  [PASS] tensor arithmetic preserves fixed shape
  [PASS] tensor arithmetic rejects bounded generic element
  [PASS] tensor arithmetic accepts numeric family bound
  [PASS] tensor negation rejects generic element bounds
  [PASS] tensor negation requires concrete element trait
  [PASS] tensor arithmetic rejects invalid operands
  [PASS] modulo refines non-negative literal result
  [PASS] int literal without expected type infers Int
  [PASS] int literal against expected dimension keeps singleton refinement
  [PASS] int literal against expected sized int widens to it
  [PASS] mutable int literal binding accepts reassignment
  [PASS] unannotated var from refined name infers Int
  [PASS] refined int binding rejects a different literal
  [PASS] string addition and mismatch error
  [PASS] string interpolation parts infer string
  [PASS] string interpolation rejects non stringable expr
  [PASS] comparison and equality return bool
  [PASS] non-orderable comparisons are rejected
  [PASS] collection equality returns bool
  [PASS] generic comparison requires Orderable bound
  [PASS] enum equality returns bool
  [PASS] record equality requires Equatable trait
  [PASS] unary and logical ops
  [PASS] negative float literal uses expected sized float type
  [PASS] negative int literal uses expected sized int type
  [PASS] direct call infers return type
  [PASS] concrete call preserves nested instantiated types
  [PASS] non-generic call signature preserves plain and normalizes dim return
  [PASS] non-generic call signature normalizes nested dim parameter
  [PASS] call without bound params keeps outer type var rigid
  [PASS] call without bound params resolves variadic dims
  [PASS] user function shadows assert_shape builtin
  [PASS] direct call keeps literal argument as Int
  [PASS] direct call preserves range proof for range parameter
  [PASS] direct call records resolved metadata
  [PASS] resolved call metadata compares definition ID and call category
  [PASS] closure call records resolved metadata
  [PASS] typed expr type error rejects missing call metadata
  [PASS] qualified module call missing function error
  [PASS] qualified module var missing value error
  [PASS] qualified module constructor call infers owned constructor
  [PASS] qualified module nullary constructor uses expected type
  [PASS] UFCS overload uses non-receiver argument types
  [PASS] ufcs method call prepends receiver
  [PASS] generic ufcs method binds receiver type
  [PASS] source UFCS method precedes same named builtin
  [PASS] imported session UFCS method precedes same named builtin
  [PASS] callable record field precedes same named UFCS method
  [PASS] ufcs call keeps outer type params when callee names collide
  [PASS] ufcs method call checks non receiver arity
  [PASS] direct call accepts function type alias value
  [PASS] direct call accepts pure callback for impure slot
  [PASS] direct call rejects impure callback for pure slot
  [PASS] direct call errors are specific
  [PASS] call arity diagnostic uses name table spelling
  [PASS] call argument diagnostic uses name table spelling
  [PASS] call diagnostics preserve explicit standalone spelling
  [PASS] generic direct call substitutes type var
  [PASS] direct call accepts concrete tensor for variadic dims
  [PASS] direct call resolves variadic dims in return types
  [PASS] variadic dims after ordinary dim preserve substitution
  [PASS] shared variadic dims survive parameter traversal
  [PASS] shared variadic dims report exact conflict
  [PASS] variadic dims resolution preserves mixed return order
  [PASS] variadic dims resolution supports empty expansion
  [PASS] variadic dims resolution preserves wide expansion order
  [PASS] generic dim argument uses static expression type
  [PASS] assert_shape refines and validates arguments
  [PASS] generic direct call substitutes nested type var
  [PASS] generic direct call uses expected return type
  [PASS] generic direct call conflict error is specific
  [PASS] generic call guides unannotated callback parameter
  [PASS] generic call rejects impure callback for pure slot
  [PASS] generic call uses purity for annotated callback first
  [PASS] expected pure callback upgrades only pure lambda body
  [PASS] expected generic call return guides callback return
  [PASS] generic direct call enforces concrete trait bound
  [PASS] generic direct call accepts concrete trait impl
  [PASS] generic direct call accepts caller type param bound
  [PASS] generic direct call accepts dim constraint
  [PASS] generic direct call rejects dim constraint violation
  [PASS] generic ufcs enforces trait bound
  [PASS] annotated lambda infers function type
  [PASS] lambda explicit return alias is canonical
  [PASS] expected lambda infers missing param type
  [PASS] lambda errors are specific
  [PASS] lambda rejects mutable capture
  [PASS] lambda rejects multiple mutable captures
  [PASS] lambda repeated capture paths preserve first-seen unique order
  [PASS] lambda allows immutable capture
  [PASS] lambda allows parameter shadowing mutable outer
  [PASS] lambda allows local shadowing mutable outer
  [PASS] lambda rejects assignment to mutable outer
  [PASS] lambda rejects mutable capture in interpolation
  [PASS] lambda rejects mutable capture in select
  [PASS] lambda rejects scoped resource capture
  [PASS] lambda rejects scoped resource derived capture
  [PASS] lambda rejects one-shot stream capture
  [PASS] lambda repeated aliased stream capture reports name once
  [PASS] lambda rejects fallible stream capture
  [PASS] lambda rejects resource source capture
  [PASS] lambda mixed capability capture preserves resource source precedence
  [PASS] lambda rejects stream inside record capture
  [PASS] var decl rejects one-shot stream carrier binding
  [PASS] assignment rejects one-shot stream carrier implicit binding
  [PASS] var decl rejects one-shot stream function carrier binding
  [PASS] var decl rejects one-shot stream parameter carrier binding
  [PASS] var decl rejects resource source function carrier binding
  [PASS] paired function carrier scan reports both capabilities
  [PASS] paired function carrier scan expands named components
  [PASS] paired function carrier scan expands generic alias chains
  [PASS] paired function carrier scan preserves direct endpoint masking
  [PASS] resource shape checks memoize complete types
  [PASS] resource capability paired scan preserves nested and recursive shapes
  [PASS] invalidated nominal summary preserves resource scan
  [PASS] invalidated resource containment is structurally rechecked
  [PASS] resource containment traverses argument shapes
  [PASS] primitive binding skips resource shape memo
  [PASS] closed nominal binding skips resource shape memo
  [PASS] primitive storage skips resource shape memo
  [PASS] resource shape checks expand generic alias chains
  [PASS] resource shape checks expand accepted opaque aliases
  [PASS] resource shape checks terminate on cyclic aliases
  [PASS] var decl rejects resource source carrier binding
  [PASS] var decl rejects mutable direct resource source binding
  [PASS] var decl rejects existing resource source copy
  [PASS] var decl rejects mixed resource source copy
  [PASS] var decl allows direct resource source from producer
  [PASS] tuple literal rejects one-shot stream storage
  [PASS] list literal rejects one-shot stream storage
  [PASS] empty expected list rejects one-shot stream storage
  [PASS] tensor literal rejects one-shot stream storage
  [PASS] dict literal rejects resource source storage
  [PASS] record literal rejects one-shot stream storage
  [PASS] record update rejects one-shot stream base storage
  [PASS] tuple literal infers element types
  [PASS] tuple literal uses expected element types
  [PASS] tuple literal erases stored range proof
  [PASS] tuple destruct binds names inside block
  [PASS] tuple destruct errors are specific
  [PASS] assignment creates implicit immutable binding
  [PASS] assignment shadows outer function with local binding
  [PASS] assignment updates mutable binding
  [PASS] assignment accepts pure callback for impure slot
  [PASS] assignment rejects impure callback for pure slot
  [PASS] assignment accepts semantically proven range
  [PASS] discard assignment does not bind name
  [PASS] assignment errors are specific
  [PASS] compound assignment desugars through assignment
  [PASS] compound assignment errors are specific
  [PASS] list literal infers element type from literals
  [PASS] list literal widens tuple elements
  [PASS] expected list accepts pure callback for impure slot
  [PASS] empty list uses expected type
  [PASS] empty list without expected type errors
  [PASS] list literal mismatch error is specific
  [PASS] vector literal infers array type from literals
  [PASS] empty vector uses expected array type
  [PASS] nested vector literal flattens tensor dims
  [PASS] vector literal errors are specific
  [PASS] dict literal infers key value types from literals
  [PASS] empty dict uses expected type
  [PASS] empty record literal uses expected dict or set type
  [PASS] dict literal errors are specific
  [PASS] record literal uses expected type and keeps Int fields
  [PASS] record literal can infer unique matching record
  [PASS] record literal errors are specific
  [PASS] record literal ambiguous field set errors
  [PASS] field access for records and tuples
  [PASS] field access errors are specific
  [PASS] tuple subscript infers element type
  [PASS] startup work scan flags a surviving subscript read
  [PASS] tensor subscript peels and multi index returns element
  [PASS] negative tensor subscript normalizes concrete index
  [PASS] modulo subscript rewrites negative dividend safely
  [PASS] normalized matrix checked get infers element call
  [PASS] tensor length UFCS refines first dimension
  [PASS] tensor length UFCS preserves expected argument slot
  [PASS] tensor length UFCS preserves dimension expression
  [PASS] symbolic range subscript requires matching dimension
  [PASS] symbolic literal subscript uses guaranteed minimum
  [PASS] if bounds condition refines runtime index
  [PASS] symbolic product subscript proofs
  [PASS] generic matrix call preserves repeated symbolic dimension
  [PASS] generic dimension argument preserves static expression
  [PASS] generic dimension return widens to expected int
  [PASS] if bounds condition refines multiple runtime indices
  [PASS] builtin zip resolves through UFCS
  [PASS] subscript errors are specific
  [PASS] subscript assign allows mutable tensor
  [PASS] matrix subscript assign uses ranked checked set
  [PASS] direct checked set calls preserve tensor type
  [PASS] subscript assign errors are specific
  [PASS] record update preserves base type and keeps Int fields
  [PASS] record update errors are specific
  [PASS] range expr requires int endpoints
  [PASS] if with else infers common int type
  [PASS] if with else widens literal tuple elements
  [PASS] if unifies generic nullary constructor branch
  [PASS] if without else requires void then branch
  [PASS] if errors for condition and branch mismatch
  [PASS] match bool patterns infer common type
  [PASS] match branches preserve expected type for constructors
  [PASS] match float pattern checks scrutinee type
  [PASS] match name pattern binds inside case only
  [PASS] match tuple pattern binds elements
  [PASS] match list pattern binds elements and spread
  [PASS] match or pattern combines bool coverage
  [PASS] match or pattern nullary constructors bind nothing
  [PASS] match constructor patterns bind fields
  [PASS] match qualified constructor pattern uses type home
  [PASS] match constructor pattern errors are specific
  [PASS] match constructor exhaustiveness reports missing variants
  [PASS] match constructor exhaustiveness uses outer names and declaration order
  [PASS] match list exhaustiveness
  [PASS] match open scalar requires catch all
  [PASS] match int pattern accepts const int tuple field
  [PASS] match nested pattern errors are specific
  [PASS] match errors are specific
  [PASS] while break and continue are void
  [PASS] while condition must be bool
  [PASS] for range binder is scoped to body
  [PASS] for range dimension expression binder is refined
  [PASS] for literal range proves safe offsets
  [PASS] for list binder allows loop control
  [PASS] for dict name binder iterates keys
  [PASS] for channel name binder iterates values
  [PASS] for stream name binder iterates values
  [PASS] for indices records range loop view
  [PASS] for enumerate records tuple loop view
  [PASS] for windows records fixed array loop view
  [PASS] for resource source binding is scoped resource
  [PASS] for tuple binder binds iterable tuple elements
  [PASS] for tuple binder binds dict entries
  [PASS] for invalid iterable and tuple binder errors
  [PASS] for rejects same scope redeclaration

All 339 tests passed

>> Canonical expected type boundaries Tests
  [PASS] source alias is canonicalized at boundary
  [PASS] module-qualified source type uses current aliases
  [PASS] source type parameter becomes semantic type var
  [PASS] generic var annotation becomes semantic type var
  [PASS] aliased function annotation guides lambda context
  [PASS] canonical expected meta is preserved
  [PASS] canonical expected named type is stored verbatim
  [PASS] canonical expected type var is preserved
  [PASS] canonical expected meta propagates through list
  [PASS] canonical value-slot constructor stores slot
  [PASS] infer without expected clears canonical context
  [PASS] infer without expected is idempotent

All 12 tests passed

>> Compiler inference capture-name profile benchmark Tests
  [PASS] reports qualifying names
  [PASS] accepts empty qualifying set

All 2 tests passed

>> Compiler infer session reconstruction profile benchmark Tests
  [PASS] fresh body state construction counters are equivalent

All 1 tests passed

>> Compiler lexer foundation Tests
  [PASS] lex basic function tokens
  [PASS] lex identifier boundaries preserve exact spans
  [PASS] lex export is identifier
  [PASS] lex opaque conversion bridge keywords
  [PASS] lex raw prefix near misses are identifiers
  [PASS] lex comment as trivia
  [PASS] lex distinguishes trailing and leading comment trivia
  [PASS] lex scanning step dispatch routes tokens and trivia
  [PASS] lex nested indentation
  [PASS] lex tab runs preserve indent and columns
  [PASS] lex multibyte text preserves byte offsets and columns
  [PASS] lex number literals preserve exact spans
  [PASS] lex interpolated string preserves escapes
  [PASS] lex orders multiple dedents before following token
  [PASS] lex preserves line-start tokens when scanning fails
  [PASS] lex current symbol surface
  [PASS] lex unexpected symbol diagnostics are byte for byte
  [PASS] lex unexpected multibyte character is one diagnostic
  [PASS] lex unexpected incomplete utf8 byte reports value
  [PASS] lex suppresses newlines inside grouping
  [PASS] lex preserves lambda body newlines inside grouping
  [PASS] lex group close after lambda body inside call
  [PASS] lex grouped match block continuation
  [PASS] lex preserves newline across blank line
  [PASS] lex string and raw string literals
  [PASS] lex unicode escape string literal
  [PASS] lex interpolated string with nested quotes
  [PASS] lex interpolated string escapes literal braces
  [PASS] lex char literals
  [PASS] lex docstring token
  [PASS] lex docstring preserves empty and multibyte lines
  [PASS] lex pipe string literal
  [PASS] lex pipe string literal leading pipe
  [PASS] lex interpolated pipe string literal
  [PASS] lex raw pipe string literal
  [PASS] lex aligned pipe markers preserve edges
  [PASS] lex raw string literal preserves multibyte bytes
  [PASS] lex pipe string literal preserves multibyte bytes
  [PASS] lex raw pipe string literal preserves multibyte bytes
  [PASS] lex interpolated string tail preserves multibyte bytes
  [PASS] lex interpolated pipe string literal preserves multibyte bytes
  [PASS] lex rejects bad string escape
  [PASS] lex rejects invalid char and unicode literals
  [PASS] lex rejects integer literal over Int128
  [PASS] lex rejects nonfinite float literal
  [PASS] lex inconsistent indent diagnostic
  [PASS] lex symbol emission spans and group depth
  [PASS] lex string literal escape span is precise
  [PASS] lex unicode escape span is precise
  [PASS] lex unicode escape surrogate diagnostic span is precise
  [PASS] lex interpolated string brace escape span is precise
  [PASS] lex raw string multibyte span is precise
  [PASS] lex raw pipe block with tabs and interior blank line
  [PASS] lex char literal span is precise
  [PASS] lex docstring span is precise
  [PASS] lex file with no trivia produces empty runs
  [PASS] lex single token has both leading and trailing trivia
  [PASS] lex threads name table across files
  [PASS] lex without threading starts a fresh table per file
  [PASS] lex interns a hash prefixed spelling beside each dimension name
  [PASS] lex interns a hash prefixed spelling only when the identifier directly follows the hash
  [PASS] synthesized vocabulary seeds builtin callees bridge names and tuple fields
  [PASS] name table extension continues ids above the base
  [PASS] pinned name id constants round trip through the synthesized table
  [PASS] synthesized vocabulary has no duplicate spellings
  [PASS] pinned name id constants hold their seeded positions
  [PASS] unseeded spelling resolves to a sentinel that equals no real id
  [PASS] boundary spelling helpers render the table spelling or the fallback text

All 68 tests passed

>> Blorp lint Tests
  [PASS] lint message reads the identifier spelling from the context
  [PASS] lint CLI parses human defaults
  [PASS] lint CLI parses JSON and failure mode
  [PASS] lint CLI rejects unknown format
  [PASS] lint CLI rejects unknown rule suppression
  [PASS] single-field record finding has stable contract
  [PASS] single-field record near misses are not reported
  [PASS] lint findings are sorted by position
  [PASS] lint execution renders human and failure status
  [PASS] lint execution renders versioned JSON
  [PASS] lint rule suppression filters before failure status
  [PASS] lint type error is atomic and emits empty JSON
  [PASS] lint directory uses canonical multi-root identities
  [PASS] structural rules report exact declaration kinds
  [PASS] structural rule near misses are not reported
  [PASS] pure no-parameter function reports exact finding
  [PASS] pure no-parameter near misses are not reported
  [PASS] pure no-parameter computation is not reported
  [PASS] pure no-parameter aggregate value is reported
  [PASS] generated module is not linted
  [PASS] pure no-parameter callback is suppressed
  [PASS] immediate Option match reports parameter span
  [PASS] immediate Option match ignores unrelated match and question bind
  [PASS] immediate Option match selects exact parameter
  [PASS] immediate Option match reports impl method
  [PASS] list lookup inside loop reports direct iteration
  [PASS] loop lookup suggestions distinguish zip and windows
  [PASS] loop lookup suggests enumerate when index is used
  [PASS] list lookup outside loop is not reported
  [PASS] list subscript outside loop is not reported
  [PASS] nested loop lookup uses enclosing context
  [PASS] get inside loop is reported
  [PASS] manual while list iteration reports loop span
  [PASS] unrelated while bound is not manual list iteration
  [PASS] repeated list lookup reports second lookup
  [PASS] filter accumulator reports exact classification
  [PASS] accumulator read during construction is not reported
  [PASS] map and filter_map accumulators are classified
  [PASS] private constant parameter reports exact finding
  [PASS] private parameter with multiple values is not reported
  [PASS] private parameter called with loop binder is unknown
  [PASS] shadowed name is not forwarded as caller parameter
  [PASS] user-defined collection names are not standard list operations
  [PASS] forwarded boolean constant reaches fixed point with provenance

All 44 tests passed

>> Compiler LSP analysis cache Tests
  [PASS] source snapshot requires exact parsed program source
  [PASS] typed fingerprint uses exact identity source and epoch
  [PASS] diagnostic cache requires exact fingerprint and supports removal
  [PASS] typed cache rejects stale lookup and removal
  [PASS] typed index rejects mismatched source claim
  [PASS] typed index rejects untrusted compiler context
  [PASS] typed index rejects mismatched artifact identity
  [PASS] typed index rejects mismatched URI
  [PASS] typed index rejects mismatched module identity
  [PASS] typed cache can evict stale artifact by module identity

All 10 tests passed

>> LSP atomic analysis completion Tests
  [PASS] current failed target commits partial index atomically
  [PASS] source unavailable has exact partial reason
  [PASS] reject missing and duplicate outcomes
  [PASS] reject dependency graph not matching snapshot
  [PASS] reject forged empty plan at current revision
  [PASS] reject forged roots at current revision
  [PASS] reject diagnostic for another snapshot
  [PASS] reject semantic index from another compiler artifact
  [PASS] drop stale completion before worker output validation

All 9 tests passed

>> LSP deterministic analysis planner Tests
  [PASS] open root scopes catalog and publication targets
  [PASS] close removes analysis root
  [PASS] opening dependency adds publication target
  [PASS] first plan contains every open source in canonical order
  [PASS] empty workspace preserves revision with no targets
  [PASS] declared targets reject two URIs for one semantic identity
  [PASS] frontend fingerprint changes with configuration
  [PASS] document identity only reuses compatible typed artifact
  [PASS] typed marker without semantic index is not a cache hit
  [PASS] dependency edit forces cached transitive importer
  [PASS] preserve multiple module views for one package URI
  [PASS] analysis purpose is explicit and interactive root is exact

All 12 tests passed

>> Compiler LSP production compiler service Tests
  [PASS] typecheck one graph and build semantic indexes
  [PASS] provider listed before importer uses provider identity
  [PASS] import cycle without a top-level root fails closed
  [PASS] imported global uses provider identity
  [PASS] imported constructor uses provider identity
  [PASS] imported type uses provider identity
  [PASS] imported field uses provider identity
  [PASS] disconnected roots keep distinct constructor identity
  [PASS] failed root does not suppress successful index
  [PASS] missing import has exact source diagnostic
  [PASS] declared catalog analysis commits
  [PASS] parse-failed module analysis commits
  [PASS] root close preserves declared workspace dependencies
  [PASS] unchanged revision republishes cached diagnostics

All 14 tests passed

>> Compiler LSP diagnostic codec Tests
  [PASS] encode versioned diagnostic publication
  [PASS] omit versions for unsupported clients
  [PASS] encode diagnostic clearing

All 3 tests passed

>> Compiler LSP diagnostics Tests
  [PASS] source offsets map to UTF-16 positions
  [PASS] source offsets reject UTF-8 interiors
  [PASS] UTF-16 positions map to source offsets and clamp columns
  [PASS] UTF-16 positions reject surrogate interiors
  [PASS] source span mapping checks source identity
  [PASS] syntax analysis uses production parser diagnostics
  [PASS] valid syntax analysis publishes empty diagnostics
  [PASS] typecheck diagnostics publish only exact structured spans
  [PASS] diagnostic fragments use canonical phase order and exact deduplication
  [PASS] empty diagnostic fragments create a clear publication
  [PASS] diagnostic publication requires current snapshot
  [PASS] newer document versions reject stale diagnostics
  [PASS] repeated analysis of one revision looks identical on the wire
  [PASS] changed text and changed version both look different on the wire

All 14 tests passed

>> Blorp LSP didChange notification Tests
  [PASS] decode full replacement
  [PASS] use last full replacement
  [PASS] accept predecoded envelope
  [PASS] distinguish empty events from empty text
  [PASS] accept version boundaries
  [PASS] reject request form
  [PASS] ignore invalid notification params
  [PASS] reject mixed full and incremental events
  [PASS] reject malformed JSON
  [PASS] change open document and preserve language
  [PASS] apply empty changes
  [PASS] apply sequential changes
  [PASS] change only exact URI
  [PASS] reject unopened and non-newer versions

All 14 tests passed

>> Blorp LSP didClose notification Tests
  [PASS] decode document URI
  [PASS] accept predecoded envelope
  [PASS] reject request form
  [PASS] ignore invalid notification params
  [PASS] reject malformed JSON
  [PASS] close overlay without mutating prior store
  [PASS] reject unopened close
  [PASS] close only exact URI

All 8 tests passed

>> Blorp LSP didOpen notification Tests
  [PASS] decode complete document
  [PASS] accept predecoded envelope
  [PASS] reject request form
  [PASS] ignore invalid notification params
  [PASS] reject malformed JSON
  [PASS] enforce document version bounds
  [PASS] open once and preserve original overlay

All 7 tests passed

>> Blorp LSP didSave notification Tests
  [PASS] decode optional text
  [PASS] accept predecoded envelope
  [PASS] reject request form
  [PASS] ignore invalid notification params
  [PASS] reject malformed JSON
  [PASS] preserve versioned overlay when text is included
  [PASS] handle absent text and unopened document
  [PASS] preserve multiple overlays

All 8 tests passed

>> Blorp LSP frame codec Tests
  [PASS] fragmented header and body
  [PASS] header terminator can cross every chunk boundary
  [PASS] multiple frames in one chunk
  [PASS] completed frame is preserved before later frame error
  [PASS] completed frame is preserved before later UTF-8 error
  [PASS] completed frame is preserved before later body limit error
  [PASS] zero-length body does not stall next frame
  [PASS] case-insensitive content length and unknown headers
  [PASS] non-UTF-8 content type is rejected
  [PASS] legacy UTF-8 content type is accepted
  [PASS] duplicate content type is rejected
  [PASS] unknown header accepts RFC token name
  [PASS] encoder uses UTF-8 byte length
  [PASS] decoder accepts valid multibyte UTF-8
  [PASS] many frames preserve order
  [PASS] duplicate content length is rejected
  [PASS] non-decimal content length is rejected
  [PASS] malformed header line is rejected
  [PASS] whitespace before header colon is rejected
  [PASS] missing content length is rejected
  [PASS] control byte in header value is rejected
  [PASS] trailing control byte is rejected before value trimming
  [PASS] header limit is enforced
  [PASS] header limit is enforced before a terminator arrives
  [PASS] exact header and body limits are accepted
  [PASS] frame limits reject non-positive bounds
  [PASS] maximum header limit does not drop input
  [PASS] body limit is enforced without allocating body
  [PASS] single-digit body limit is enforced
  [PASS] huge content length is bounded before integer overflow
  [PASS] invalid UTF-8 body is rejected
  [PASS] overlong, surrogate, and out-of-range UTF-8 are rejected
  [PASS] encoder rejects a string with invalid UTF-8 bytes
  [PASS] frame decodes at every two-chunk split
  [PASS] frame decodes when every byte is a chunk
  [PASS] large body decodes from one-byte chunks
  [PASS] retained partial body decoder has value semantics
  [PASS] retained partial header decoder has value semantics
  [PASS] EOF with incomplete header is rejected
  [PASS] EOF with incomplete body is rejected
  [PASS] clean EOF at frame boundary succeeds

All 41 tests passed

>> LSP frontend graph source provider Tests
  [PASS] use overlay imports from selected snapshot
  [PASS] resolve relative import by selected source path
  [PASS] reject std and local path collision
  [PASS] source package import falls through to standard library
  [PASS] source package export uses alias identity and shared source URI
  [PASS] source package relative import cannot escape package origin
  [PASS] native package import preserves package identity
  [PASS] rooted graph includes shared implicit compiler modules

All 8 tests passed

>> Compiler LSP indexed workspace stores Tests
  [PASS] reject duplicate URI construction
  [PASS] update URI entry without changing deterministic order
  [PASS] distinguish module identities with equal display names
  [PASS] reject duplicate module construction
  [PASS] remove only the exact colliding module identity
  [PASS] preserve prior immutable URI snapshots
  [PASS] reject duplicate specialized workspace values
  [PASS] allow multiple module views of one URI

All 8 tests passed

>> Blorp LSP initialize endpoint Tests
  [PASS] retain initialization state
  [PASS] accept predecoded envelope
  [PASS] preserve string ID and root URI
  [PASS] advertise only implemented capabilities
  [PASS] empty workspace folders fall back to root URI
  [PASS] emit JSON-RPC errors
  [PASS] preserve IDs across common envelope errors
  [PASS] ignore notifications
  [PASS] accept maximum LSP integer ID
  [PASS] accept minimum LSP integer ID
  [PASS] reject non-LSP integer IDs
  [PASS] require nullable process ID

All 12 tests passed

>> Blorp LSP initialized notification Tests
  [PASS] complete handshake and preserve initialization
  [PASS] accept omitted or object parameters
  [PASS] enforce lifecycle order
  [PASS] reject initialized request
  [PASS] ignore invalid notifications
  [PASS] reject malformed JSON
  [PASS] reject wrong protocol version
  [PASS] reject invalid request ID
  [PASS] reject missing method
  [PASS] reject non-string method

All 10 tests passed

>> Blorp LSP lifecycle dispatcher Tests
  [PASS] defer initialize commit
  [PASS] complete ordered handshake
  [PASS] reject duplicate initialize
  [PASS] ignore out-of-order initialized
  [PASS] gate messages before initialize
  [PASS] preserve running operational envelope
  [PASS] shutdown then exit succeeds
  [PASS] exit without shutdown fails
  [PASS] gate messages after shutdown
  [PASS] respond to malformed JSON

All 10 tests passed

>> Compiler LSP semantic index extraction Tests
  [PASS] extract callable definitions and references
  [PASS] extract global definitions and references
  [PASS] preserve initializer and assignment references
  [PASS] extract constructor definitions and references
  [PASS] extract type definitions and references
  [PASS] fixed union local definitions hover symbols and constructor references
  [PASS] fixed union imported definitions hover symbols and constructor references
  [PASS] type references preserve local and imported definition owners
  [PASS] nested expression type references preserve repeated spans
  [PASS] extract distinct record field definitions and references
  [PASS] extract callable record field reference
  [PASS] private constructor uses artifact-local identity
  [PASS] private record field uses artifact-local identity
  [PASS] reject ambiguous semantic indexes
  [PASS] position buckets preserve nested and adjacent ranges
  [PASS] unresolved dependency marks target index partial
  [PASS] partial dependency retains valid referenced export
  [PASS] document symbols preserve names and source order
  [PASS] document symbols map declaration kinds
  [PASS] reject target module ID outside table
  [PASS] mark invalid dependency module ID partial

All 21 tests passed

>> Compiler LSP semantic query contract Tests
  [PASS] query sessions require a current index and indexed document
  [PASS] identity, definition, and references share one session
  [PASS] target-document queries remain exact with partial indexed coverage
  [PASS] indexed references sort deterministically and capabilities fail closed
  [PASS] workspace query rejects partial, unsupported, and missing coverage

All 5 tests passed

>> Compiler LSP semantic query dispatch Tests
  [PASS] semantic query dispatch is typed and exhaustive
  [PASS] dispatches definition query
  [PASS] dispatches document symbol query
  [PASS] dispatches references query
  [PASS] dispatches document highlight query
  [PASS] rejects invalid document highlight parameters
  [PASS] dispatches hover query
  [PASS] leaves non-query envelopes unhandled
  [PASS] ignores semantic notifications
  [PASS] preserves query parameter errors
  [PASS] rejects negative definition line
  [PASS] rejects non-integer reference character
  [PASS] rejects missing hover character
  [PASS] rejects non-object highlight position
  [PASS] document symbol wire kinds follow LSP values

All 15 tests passed

>> Blorp LSP server actor Tests
  [PASS] initialize commits only after source loading
  [PASS] same bare name across origins plans independently
  [PASS] versioned diagnostics capability survives source loading
  [PASS] source load issues are emitted not retained
  [PASS] failed source loading allows initialize retry
  [PASS] stale source loading completion is ignored
  [PASS] duplicate initialize is rejected while loading
  [PASS] loading rejects requests and ignores notifications
  [PASS] exit while loading uses pre-shutdown failure status
  [PASS] document notifications route through canonical workspace
  [PASS] save refresh is effectful and preserves overlay
  [PASS] rejected open session ignores sync until close
  [PASS] document effects preserve event order
  [PASS] hidden saved refresh preserves active analysis
  [PASS] document notifications respect lifecycle admission
  [PASS] ready state starts idle
  [PASS] cancellation failure releases payload
  [PASS] opening starts analysis
  [PASS] proved workspace suppresses late interactive failure diagnostics
  [PASS] shutdown retires analysis and ignores late completion
  [PASS] current analysis failure publishes clear diagnostics
  [PASS] change queues replacement
  [PASS] background sources replan interactive analysis
  [PASS] background sources refresh interactive replacement
  [PASS] close retires obsolete interactive replacement
  [PASS] rejected completion retires active analysis
  [PASS] rejected index completion preserves interactive diagnostics
  [PASS] stale completion starts only newest replacement
  [PASS] accepted semantic queries return snapshot result
  [PASS] stale semantic query returns null without state change
  [PASS] complete empty list responses encode as arrays
  [PASS] document highlight query returns sorted ranges
  [PASS] semantic notifications emit no response

All 33 tests passed

>> Blorp LSP shutdown and exit Tests
  [PASS] shutdown accepts omitted or null params
  [PASS] shutdown rejects notification and invalid params
  [PASS] exit accepts omitted or null params
  [PASS] exit rejects requests and invalid params
  [PASS] enforce shutdown and exit lifecycle

All 5 tests passed

>> Compiler LSP production source loader Tests
  [PASS] load canonical multi-module workspace
  [PASS] empty workspace folders use root URI
  [PASS] workspace folders override root URI
  [PASS] missing roots use working directory
  [PASS] file URI round trips non-ASCII and spaces
  [PASS] file URI encodes reserved characters once
  [PASS] file URI rejects malformed escape and scheme
  [PASS] reject non-local file URI authority
  [PASS] load configured std, source package, and native package
  [PASS] overlapping workspace roots keep broader root
  [PASS] reject conflicting module identity across roots
  [PASS] resolve new unsaved source without disk snapshot
  [PASS] reject open source outside catalog
  [PASS] saved source refresh stays hidden until close
  [PASS] deleted saved source is removed after close
  [PASS] newly saved source is retained after close

All 16 tests passed

>> Compiler-private LSP stdio transport Tests
  [PASS] non-positive read size is rejected
  [PASS] empty write-all succeeds without output

All 2 tests passed

>> Compiler LSP serialized workspace reducer Tests
  [PASS] workspace initializes canonical source and dependency state
  [PASS] open and change replace selected overlay atomically
  [PASS] save preserves revision and produces no invalidation
  [PASS] version-only change invalidates identity, not source content
  [PASS] open and close over identical disk text only invalidate identity
  [PASS] hidden disk update is revealed by close
  [PASS] disk identity update rebases open source without replacing text
  [PASS] disk update recomputes fingerprint from source text
  [PASS] reducer rejects duplicate sources and non-newer change
  [PASS] disk removal drops closed source and dependency
  [PASS] adding source invalidates module set for unresolved importers
  [PASS] configuration update advances epoch and preserves overlay
  [PASS] configuration update invalidates removed closed source
  [PASS] semantic proof commits and invalidates at event boundaries
  [PASS] same revision lane completions commute

All 15 tests passed

>> LSP workspace semantic completeness proof Tests
  [PASS] proof accepts exact complete, partial, and missing outcomes
  [PASS] proof rejects snapshot and outcome mismatches

All 2 tests passed

>> Compiler LSP workspace source selection Tests
  [PASS] open overlay wins and inherits discovered origin
  [PASS] discovered package origins are preserved
  [PASS] open-only source defaults to user origin
  [PASS] open-only source package retains package origin
  [PASS] source lookup rejects missing and duplicate URI
  [PASS] artifact-local symbol ID owns managed artifact identity

All 6 tests passed

>> Compiler managed type index profile benchmark Tests
  [PASS] managed type index profile agrees with expected classifications
  [PASS] managed type index profile scales queries per name
  [PASS] managed type index profile normalizes invalid config

All 3 tests passed

>> Compiler match binding lifetime Tests
  [PASS] borrowed payload survives replacing match owner
  [PASS] matched owner survives returning match
  [PASS] nested tuple pattern releases temporary once
  [PASS] mutable match assignment updates every branch
  [PASS] matched list survives escaping in record
  [PASS] nested matches preserve transferred list owner

All 6 tests passed

>> Perceus match owner alias liveness Tests
  [PASS] transferred owner promotes borrowed binding for branch
  [PASS] releasing match reserves transferred owner
  [PASS] cast releasing match reserves owner
  [PASS] unboxed releasing match reserves owner
  [PASS] borrowed binding keeps local owner live
  [PASS] borrowed binding precedes direct owner return

All 6 tests passed

>> Compiler module binding benchmark Tests
  [PASS] fixture binds exact and alternate-name imports without errors
  [PASS] repeated fixture remains deterministic
  [PASS] graph visibility width fixture counts rows and decisions
  [PASS] graph visibility width fixture keeps overlap in one row
  [PASS] graph visibility width batch locals preserves results
  [PASS] graph visibility width batch imports preserves results
  [PASS] graph visibility width stops after unexpected registration failure

All 7 tests passed

>> Compiler module visibility benchmark Tests
  [PASS] layered closure sees every module
  [PASS] mixed dense closure is deterministic
  [PASS] oversized root count is rejected

All 3 tests passed

>> Compiler module surface extraction Tests
  [PASS] exports public declarations
  [PASS] exports trait name and methods
  [PASS] exports impl methods
  [PASS] private declarations are not exports
  [PASS] private names track inner decl surface
  [PASS] private trait suppresses impl exports
  [PASS] import blocks flatten module paths
  [PASS] surface strings survive parsed program release
  [PASS] symbol sources are stable indexes
  [PASS] symbol sources use decoded AST indexes after import block
  [PASS] foreign block exports use decoded AST indexes
  [PASS] foreign blocks preserve mixed visibility order and sources
  [PASS] surface symbols preserve source order

All 13 tests passed

>> Compiler module type identity Tests
  [PASS] local type names are sorted unique and private transparent

All 1 tests passed

>> Opaque compiler module view Tests
  [PASS] preserves order and exact indexes
  [PASS] preserves imported constructor parent
  [PASS] fresh graph view rejects standalone module alias
  [PASS] fresh graph view rejects standalone selective name
  [PASS] fresh graph view rejects standalone local name
  [PASS] graph local name has one bound row and clears
  [PASS] graph local names span wide source indexes and clear
  [PASS] graph binding log preserves interleaved admission order
  [PASS] qualified alias resolution requires exact view owner
  [PASS] initial graph local batch publishes one immutable view
  [PASS] graph selective then alias share one row
  [PASS] graph import admission publishes once
  [PASS] graph candidate log owns source order and outcomes
  [PASS] graph constructor annotation requires an admitted name
  [PASS] graph import admission rejects invalid candidates
  [PASS] graph alias then selective share one row
  [PASS] graph view rejects equal-layout foreign table
  [PASS] graph conflicts leave bound rows unchanged
  [PASS] clearing unqualified names keeps canonical alias authority
  [PASS] graph import admission rejects accepted view
  [PASS] clearing unqualified names keeps canonical record authority
  [PASS] clearing unqualified names keeps canonical union authority
  [PASS] rejects namespace conflicts
  [PASS] same module alias and imported name can coexist
  [PASS] local and imported names cannot coexist
  [PASS] clearing unqualified names keeps the view consistent

All 26 tests passed

>> Blorp-owned package content hashing Tests
  [PASS] BLAKE3 official vectors
  [PASS] package hash is deterministic by relative path
  [PASS] path normalization preserves raw bytes
  [PASS] path rules match each platform
  [PASS] raw comments and duplicate entries change hash
  [PASS] hash pin validation and truncation
  [PASS] relative path normalization and root escape
  [PASS] preserves raw file bytes end to end
  [PASS] rejects symlink target outside package root
  [PASS] missing files report original path
  [PASS] matches known package hash fixture

All 11 tests passed

>> Blorp-owned package source inventory Tests
  [PASS] discovers source files in stable order
  [PASS] rejects missing and non-directory roots
  [PASS] propagates manifest errors
  [PASS] reports compatibility and source layout errors in order
  [PASS] requires every export to have a source file
  [PASS] rejects symlinked manifest and source directory
  [PASS] does not follow nested directory symlinks
  [PASS] export paths are case exact
  [PASS] collects and sorts multiple directory batches

All 9 tests passed

>> Blorp-owned package manifest Tests
  [PASS] parses narrow manifest format
  [PASS] preserves UTF-8 metadata and trims form feed
  [PASS] reports malformed manifest with path and line
  [PASS] reports repeated and invalid fields in source order
  [PASS] rejects duplicate exports
  [PASS] rejects dependency declarations including duplicates
  [PASS] validates package and export names
  [PASS] reads manifest fixture and reports missing file

All 8 tests passed

>> Compiler parse diagnostics Tests
  [PASS] parse error has expected labels
  [PASS] diagnostic formatting
  [PASS] diagnostic formatting omits expected labels and keeps help

All 3 tests passed

>> Compiler parsed AST foundation Tests
  [PASS] dumped identifier reads its spelling from the table for a discovery graph
  [PASS] dumped identifier reads its text for a standalone graph
  [PASS] parsed program phase names round trip
  [PASS] parsed program without diagnostics is ok
  [PASS] parsed program with error is not ok
  [PASS] parsed program JSON includes source decl and diagnostics
  [PASS] function declaration JSON preserves legacy field order
  [PASS] global declaration JSON preserves legacy field order
  [PASS] trait headers exclude bodies and preserve legacy JSON order
  [PASS] implementation headers exclude bodies and preserve legacy JSON order
  [PASS] parsed program JSON includes char literal expr
  [PASS] parsed program JSON includes rich patterns
  [PASS] parsed program JSON includes for tuple binder
  [PASS] parsed program JSON includes tuple destruct expr
  [PASS] parsed program JSON includes tuple param binder
  [PASS] map parsed expr children rewrites select kind and body
  [PASS] map parsed expr children rewrites function decl body
  [PASS] fold parsed expr children preserves context and nested order

All 18 tests passed

>> Compiler parser foundation Tests
  [PASS] parse empty program
  [PASS] parse EOF recovery diagnostic has empty EOF extent
  [PASS] parse program projects JSON for bridge
  [PASS] parse simple inline function
  [PASS] parse bodyless function signature
  [PASS] parse bodyless function before docstring
  [PASS] parse repeated record field is reported at the later name
  [PASS] parse repeated fixed record field is reported at the later name
  [PASS] parse field given twice in a record literal is reported at the second
  [PASS] parse field given twice in a record update is reported at the second
  [PASS] parse missing field names do not repeat each other
  [PASS] parse distinct field names are accepted
  [PASS] parse forward declaration after its implementation is accepted
  [PASS] parse function without body is rejected at its name
  [PASS] parse forward declaration needs a function of the same name
  [PASS] parse local function without body is rejected
  [PASS] parse implementation method without body is rejected
  [PASS] parse trait method with colon and no body is rejected
  [PASS] parse forward declaration without its colon reports the colon
  [PASS] parse lexer error suppresses the forward declaration check
  [PASS] parse header missing only its colon reports the colon and reads the body
  [PASS] parse module doc before import block is kept on program
  [PASS] parse leading docstring before function is not module doc
  [PASS] parse multiline function params
  [PASS] parse function params and return type
  [PASS] parse tuple destructuring params
  [PASS] parse wildcard params
  [PASS] parse qualified type names
  [PASS] parse docstring before function
  [PASS] parse docstring preserves raw UTF-8 text
  [PASS] parse function annotations
  [PASS] parse inline function annotations
  [PASS] parse function annotation arguments preserve recovery and diagnostic order
  [PASS] parse builtin function bodies
  [PASS] parse builtin name must be string
  [PASS] parse private function declaration
  [PASS] parse private top level var declaration
  [PASS] parse private function annotation must be inline
  [PASS] parse unknown function annotation reports error
  [PASS] parse function annotation requires function
  [PASS] parse invalid top level reports declaration error
  [PASS] parse keyword is not function name
  [PASS] parse concurrent soft keyword identifiers
  [PASS] parse after keyword as identifier
  [PASS] parse into as identifier
  [PASS] parse from as soft expression name
  [PASS] parse soft keyword assignment statement
  [PASS] parse soft keyword typed local statement
  [PASS] parse binary operator precedence
  [PASS] parse logical precedence
  [PASS] parse block expression after infix operator
  [PASS] parse postfix call field subscript chain
  [PASS] parse leading-dot postfix continuation
  [PASS] parse leading-dot assignment before grouped expression
  [PASS] parse final leading-dot expression before top-level decl
  [PASS] parse leading-dot if condition
  [PASS] parse multiline grouped if condition
  [PASS] parse typed assignment chain before grouped if
  [PASS] parse match case multiline call assignment then inline case
  [PASS] parse match case inline assignment body
  [PASS] parse unindented if body reports error
  [PASS] parse leading-dot match scrutinee
  [PASS] parse blank line before parenthesized expression
  [PASS] parse list literal arguments
  [PASS] parse string interpolation raw expr
  [PASS] parse lambda expression
  [PASS] parse lambda expression block body
  [PASS] parse assignment lambda block body
  [PASS] parse nested function declaration statement
  [PASS] parse call argument lambda block body
  [PASS] parse tuple item lambda block body in list
  [PASS] parse multiline lambda call arg with trailing comma
  [PASS] parse assignment call argument lambda if body
  [PASS] parse tuple expression distinct from grouping
  [PASS] parse grouped expression is not tuple
  [PASS] parse tuple expression arity reports error
  [PASS] parse singleton tuple reports error with help
  [PASS] parse singleton tuple type reports error and grouping does not
  [PASS] parse for in value position reports error with help
  [PASS] parse for statement is still accepted
  [PASS] parse tuple type arity reports error
  [PASS] parse record literal and update
  [PASS] parse record soft keyword field names
  [PASS] parse dict and vector literals
  [PASS] parse multiline function body block
  [PASS] parse function body block span ends at last statement
  [PASS] parse function keyword spans are exact
  [PASS] parse if else expression blocks
  [PASS] parse else-if expression blocks
  [PASS] parse else keyword locations
  [PASS] parse inline assignment control value blocks
  [PASS] parse while and for statements in block
  [PASS] parse concurrent block expression
  [PASS] parse concurrent for expression
  [PASS] parse for tuple destructuring
  [PASS] parse detach expression
  [PASS] parse select expression
  [PASS] parse select underscore receive
  [PASS] parse inline assignment select value block
  [PASS] parse debug block expression
  [PASS] parse debug keyword field access
  [PASS] parse with plain expression
  [PASS] parse with typed try error map expression
  [PASS] parse with multi binding reports error
  [PASS] parse question bind in loop bodies is rejected at the operator
  [PASS] parse question bind outside loops and in function bodies is accepted
  [PASS] parse lambda and concurrent task bodies start outside every loop
  [PASS] parse question bind in a concurrent task inside a loop is not a loop error
  [PASS] parse break and continue outside loops are rejected at the keyword
  [PASS] parse break and continue inside loops are accepted
  [PASS] parse break continue and void primitives
  [PASS] parse match expression cases
  [PASS] parse nested inline match case body
  [PASS] parse infix match assignment value
  [PASS] parse qualified constructor patterns
  [PASS] parse literal and or patterns
  [PASS] parse tuple patterns
  [PASS] parse list patterns
  [PASS] parse soft keyword name patterns
  [PASS] parse var decl and compound assignment
  [PASS] parse typed bind question bind and assignment
  [PASS] parse question bind discard reports error
  [PASS] parse discard assignment statement
  [PASS] parse subscript assignment statement
  [PASS] parse grouped assignment is rejected
  [PASS] parse assignment in condition suggests comparison
  [PASS] parse named argument is rejected as an assignment
  [PASS] parse field assignment reports error
  [PASS] parse multiline assignment value
  [PASS] parse tuple destruct assignment
  [PASS] parse type ascription in record literal reports once
  [PASS] parse type ascription without a type reports once
  [PASS] parse type ascription reports removal and keeps the value
  [PASS] parse char literal expression
  [PASS] parse import block declaration
  [PASS] parse import block ignores comment-only lines
  [PASS] parse multiline selective import symbols
  [PASS] parse relative import module paths
  [PASS] parse empty import block reports error
  [PASS] parse import missing module reports error
  [PASS] parse empty constructor import reports error
  [PASS] parse foreign block declaration
  [PASS] parse private foreign block item
  [PASS] parse standalone foreign function reports error
  [PASS] parse struct as ordinary identifier
  [PASS] legacy struct declaration reports ordinary binding error
  [PASS] parse record and fixed record declarations
  [PASS] record JSON preserves declaration form
  [PASS] record spellings accept parameters
  [PASS] parse fixed record diagnostics use fixed record wording
  [PASS] parse union and enum declarations
  [PASS] fixed union preserves source form and ordinary payload rules
  [PASS] private fixed union and contextual fixed identifier
  [PASS] union json preserves all declaration forms
  [PASS] fixed union preserves variant field limit and diagnostics
  [PASS] parse builtin type declaration
  [PASS] parse resource builtin type declaration
  [PASS] parse private resource builtin type declaration
  [PASS] parse dimension type parameters
  [PASS] parse builtin type argument reports error
  [PASS] parse builtin type arguments preserve recovery and diagnostic order
  [PASS] parse type alias declaration
  [PASS] parse opaque type alias and conversions
  [PASS] legacy conversion words are ordinary names
  [PASS] parse ordinary identifier expression does not leak diagnostics
  [PASS] parse bounded type parameters and array range types
  [PASS] parse range type requires hash dimension
  [PASS] parse function type parameter
  [PASS] parse function type single tuple parameter
  [PASS] parse trait declaration
  [PASS] parse supertrait only declaration
  [PASS] parse qualified type parameter bounds
  [PASS] parse qualified impl inline bound
  [PASS] parse qualified supertrait
  [PASS] parse qualified bound without trait name reports error
  [PASS] qualified bound json names qualifier
  [PASS] parse empty trait reports error
  [PASS] parse impl declaration
  [PASS] parse multiline call args in impl before next impl
  [PASS] parse leading-dot impl method before docstring
  [PASS] parse impl inline bounds
  [PASS] parse tuple impl target
  [PASS] parse dim arithmetic type
  [PASS] parse private trait declaration
  [PASS] parse generic function declaration
  [PASS] parse top level var declarations
  [PASS] parse parenthesized expression span covers parens
  [PASS] parse reserved keyword typed local binding
  [PASS] parse reserved keyword local assignment
  [PASS] parse reserved keyword var binding
  [PASS] parse reserved keyword question bind
  [PASS] parse reserved keyword function parameter
  [PASS] parse reserved keyword lambda parameter
  [PASS] parse reserved keyword for loop binder
  [PASS] parse reserved keyword tuple destructuring
  [PASS] parse reserved keyword match pattern
  [PASS] parse reserved keyword top level binding
  [PASS] parse reserved keyword private top level binding
  [PASS] parse reserved keyword binding keeps later decls
  [PASS] parse soft keyword binding still allowed
  [PASS] parse deeply nested binary expression matches depth
  [PASS] parse deeply nested binary expression formats to fixed point
  [PASS] parse large list literal has all elements
  [PASS] parse large list literal formats to fixed point

All 204 tests passed

>> Blorp compiler host platform discovery Tests
  [PASS] platform output is normalized
  [PASS] compiler family uses version output
  [PASS] TLS backend is validated once
  [PASS] cache root precedence is explicit
  [PASS] host argument lists preserve boundaries
  [PASS] host toolchain probe propagates interruption
  [PASS] real host toolchain probe

All 7 tests passed

>> Shared program runner Tests
  [PASS] program command preserves argv and child environment
  [PASS] captured command is isolated, closed-input, and bounded
  [PASS] captured command can be unbounded
  [PASS] program exit status is conventional
  [PASS] program execution preserves args, env, and cleanup
  [PASS] program execution captures separate streams in working directory
  [PASS] program timeout is distinct

All 7 tests passed

>> Compiler project source catalog Tests
  [PASS] uses nearest project config
  [PASS] loads configured source package
  [PASS] reports conflicting package alias
  [PASS] std override has precedence
  [PASS] rejects missing package export
  [PASS] rejects escaping package export
  [PASS] normalizes output and preserves precedence

All 7 tests passed

>> Pure List HOFs Tests
  [PASS] double all
  [PASS] evens only
  [PASS] sum all
  [PASS] all positive
  [PASS] has negative

All 5 tests passed

>> Compiler refinement proofs Tests
  [PASS] unrefined binding is allocation-free empty proofs
  [PASS] proof updates preserve the other proof kind
  [PASS] collection identity and proofs
  [PASS] identity names preserve validated input
  [PASS] range upper and direct bounds
  [PASS] dimension bounds and offsets
  [PASS] bounds grouping and dispatch
  [PASS] proof env replaces shadowed proofs
  [PASS] sources and binding metadata
  [PASS] offset binding and branch narrowing

All 10 tests passed

>> Blorp compiler runtime cache Tests
  [PASS] cache key covers semantic inputs
  [PASS] cached runtime uses release optimization
  [PASS] sanitized runtime retains debug optimization
  [PASS] cache reuses and repairs verified entries
  [PASS] interrupted cold cache is typed and not published
  [PASS] warm cache skips injected compiler
  [PASS] concurrent cache publishers converge

All 7 tests passed

>> Shared source foundation Tests
  [PASS] reconstructed coordinates match each byte transition
  [PASS] cursor reconstruction allocates nothing
  [PASS] indexed coordinates allocate nothing
  [PASS] unindexed coordinates allocate nothing
  [PASS] source keeps metadata
  [PASS] cursor tracks newlines
  [PASS] cursor tracks tabs as four column stops
  [PASS] cursor_at clamps and reconstructs position
  [PASS] span text and label
  [PASS] source table materializes compact location
  [PASS] compact location cover keeps outer coordinates
  [PASS] offset location materializes empty EOF extent
  [PASS] compiler prelude location keeps its identity when covered
  [PASS] source table materializes locations after tabs and newlines
  [PASS] unindexed source table materializes locations on demand
  [PASS] line column span matches materialized multiline tab location
  [PASS] line column span matches unindexed and prelude locations

All 17 tests passed

>> Compiler source AST finalization Tests
  [PASS] split interpolated string splits literal and expr
  [PASS] split interpolated string unescapes literal braces
  [PASS] split interpolated string reports unclosed expr
  [PASS] split interpolated string preserves multibyte literals
  [PASS] split interpolated string preserves multibyte expr text
  [PASS] split interpolated string reports a hole missing from the source
  [PASS] finalize interpolation hole ids extend compilation table
  [PASS] finalize interpolation holes share one id for a new spelling
  [PASS] dim hash identifiers resolve in the compilation table
  [PASS] finalize interpolation program rewrites raw string
  [PASS] finalize interpolation rebases nested locations to authored source
  [PASS] finalize interpolation hole extent covers its delimiters
  [PASS] finalize interpolation program preserves duplicate hole order
  [PASS] finalize interpolation program preserves sibling diagnostic order
  [PASS] finalize interpolation diagnostic keeps source path
  [PASS] finalize interpolation program is stack bounded for deep binary spine
  [PASS] finalize interpolation program is stack bounded for deep logical spine
  [PASS] finalize nested functions program hoists simple nested function
  [PASS] finalize nested functions program hoists nested inside nested
  [PASS] finalize nested functions program reports parent capture
  [PASS] finalize nested functions program allows parameter shadowing parent local
  [PASS] finalize nested functions program rewrites self and prior sibling once
  [PASS] finalize nested functions program preserves ordered rewrite chains
  [PASS] finalize typecheck source program composes interpolation and hoist
  [PASS] finalize nested functions program hoists mixed top level kinds
  [PASS] finalize interpolation program handles deep logical chain
  [PASS] finalize typecheck source program rewrites one-index subscript read
  [PASS] finalize typecheck source program rewrites range subscript read
  [PASS] finalize typecheck source program rewrites matrix subscript read
  [PASS] finalize typecheck source program keeps subscript assignment
  [PASS] finalize subscript read does not rename synthetic callee
  [PASS] finalize subscript read in interpolation keeps authored span
  [PASS] finalized program rewrites import path without losing phase

All 33 tests passed

>> Blorp test session counter protocol Tests
  [PASS] session totals have stable versioned JSON
  [PASS] session totals are one line
  [PASS] session totals preserve large integers

All 3 tests passed

>> Compiler token foundation Tests
  [PASS] keyword and symbol text
  [PASS] keyword ordinals round trip without gaps
  [PASS] token text comes from span
  [PASS] token trivia is explicit
  [PASS] eof token has name
  [PASS] token_from_cursors matches span construction
  [PASS] token_from_cursors identifier offsets
  [PASS] token_from_cursors eof is zero width
  [PASS] token_from_cursors shared offset synthetic token
  [PASS] intern_text deduplicates identical text

All 10 tests passed

>> Compiler trait topology graph Tests
  [PASS] resolves exact ids and method categories
  [PASS] trait method signatures use exact trait-owned types
  [PASS] trait method identity round trips
  [PASS] transitive supertraits are deterministic
  [PASS] synthetic prelude transitive supertraits are complete
  [PASS] builtin trait cycle diagnostic is internal and unlocated
  [PASS] resolves imported aliases to exact ids
  [PASS] compiler surface ids are disjoint
  [PASS] rejects unknown references
  [PASS] accepts compiler builtin without import
  [PASS] imported non-trait does not fall back to builtin
  [PASS] local non-trait does not fall back to builtin
  [PASS] errors retain reference spans
  [PASS] method type errors retain type spans
  [PASS] cycle error uses closing edge span
  [PASS] rejects duplicate method names
  [PASS] rejects duplicate edges and parameters
  [PASS] rejects cycles deterministically

All 18 tests passed

>> Accepted record authority Tests
  [PASS] table rejects forged canonical name
  [PASS] table rejects invalid field parent order and duplicate identity
  [PASS] record authority is category safe and localizes payloads to the viewer
  [PASS] imported record fields use the viewing module's spelling
  [PASS] module view rejects misclassified and private imported records
  [PASS] exact record queries ignore unrelated modules
  [PASS] visible field-shape lookup preserves binding order
  [PASS] scalar queries read canonical payloads and preserve missing results
  [PASS] exact field queries preserve distinct same-name parent identities
  [PASS] exact field queries reject foreign definition tables

All 10 tests passed

>> Accepted union authority Tests
  [PASS] table rejects forged canonical name
  [PASS] category table and compact module view are authoritative
  [PASS] exact lookup cost is independent of unrelated entries
  [PASS] module view rejects misclassified owner binding
  [PASS] later local constructor declaration wins bare and module lookup
  [PASS] constructor symbols retain each view's local spelling and canonical imports
  [PASS] imported union payloads use the viewing module's spelling
  [PASS] builtin union is copied once into the table
  [PASS] matching graph and builtin union share one payload
  [PASS] independent definition domains are rejected

All 10 tests passed

>> Compiler semantic types Tests
  [PASS] type_to_string simple
  [PASS] type_to_string parameterized and tuple
  [PASS] type_to_string function array and dims
  [PASS] type contains meta checks nested types
  [PASS] type contains meta scans late list elements
  [PASS] canonical type display
  [PASS] std Duration type is module-owned
  [PASS] types_equal basic and tensor normalization
  [PASS] types_equal tuple function and array forms
  [PASS] array types equal mismatched dims and nesting
  [PASS] types equal named tensor family and array forms
  [PASS] types equal distinguishes meta sessions and slots
  [PASS] array type parts
  [PASS] numeric predicates
  [PASS] dim const and type var predicates
  [PASS] dim named and variadic predicates
  [PASS] dim range and operation predicates
  [PASS] scalar dim value lifting
  [PASS] collect type vars
  [PASS] type parameter name helpers
  [PASS] instantiate type params rewrites nested bare names
  [PASS] instantiate type params preserves unmatched shapes
  [PASS] apply subst basic and nested
  [PASS] apply subst chained and cycle safe
  [PASS] apply subst function and self names
  [PASS] occurs in
  [PASS] normalize dim arithmetic
  [PASS] apply subst normalizes dim ops
  [PASS] empty subst normalizes dim ops
  [PASS] validate array dims accepts valid arrays
  [PASS] validate array dims rejects invalid dim type
  [PASS] validate array dims rejects non-positive dims
  [PASS] validate array dims rejects variadic placement
  [PASS] validate array dims rejects scalar type args
  [PASS] dimension wildcard accepts concrete dimension
  [PASS] dimension value is compatible with Int
  [PASS] range accepts only proven literal values
  [PASS] variadic dims accept any concrete rank one way
  [PASS] variadic dims preserve fixed prefix
  [PASS] function purity compatibility is recursive
  [PASS] function parameter compatibility is contravariant

All 41 tests passed

>> Compiler type header dependencies Tests
  [PASS] alias dependencies are structural and ignore type params
  [PASS] alias cycle reports deterministic path
  [PASS] alias self cycle is rejected
  [PASS] record recursion does not create alias cycle
  [PASS] graph alias dependencies resolve qualified cycle by identity
  [PASS] graph alias dependencies accept qualified acyclic edge
  [PASS] type parameter bounds resolve to exact trait identities
  [PASS] type parameter bounds reject unknown trait

All 8 tests passed

>> Compiler type header graph Tests
  [PASS] graphless headers publish only payload-free default equality
  [PASS] type header semantic counts use record storage
  [PASS] type indexes preserve home and resource precedence
  [PASS] preserves deterministic category order
  [PASS] resolves recursive generic shapes
  [PASS] preserves alias opacity and constructor parent
  [PASS] computes transitive resource containment
  [PASS] completes containment facts
  [PASS] stream containment uses canonical builtin identity
  [PASS] opaque alias installation preserves containment facts
  [PASS] imported opaque aliases preserve containment facts
  [PASS] accepted header aliases preserve installed containment facts
  [PASS] resource containment uses exact identity with same name
  [PASS] rejects unknown shapes atomically
  [PASS] accepts implicit prelude type without loaded std
  [PASS] preserves local prelude name shadow
  [PASS] preserves implicit prelude resource capability
  [PASS] resolves qualified reference to exact dependency ID
  [PASS] rejects private qualified reference
  [PASS] accepts managed struct fields
  [PASS] record spellings accept managed fields and parameters
  [PASS] accepts scalar and nested struct fields
  [PASS] accepts synthetic inline prelude fields
  [PASS] distinguishes declared builtin storage
  [PASS] builtin storage manifest covers current ABI
  [PASS] scalar builtin installation preserves storage
  [PASS] TaskResult installation expands alias
  [PASS] rejects direct recursive value layouts
  [PASS] rejects mutual recursive value layouts
  [PASS] rejects substituted recursive value layouts
  [PASS] rejects alias and tuple recursive value layouts
  [PASS] accepts indirect recursive records
  [PASS] accepts finite nested generic products
  [PASS] accepts unused recursive generic arguments
  [PASS] rejects expanding generic self layout
  [PASS] rejects generic wrapper cycle
  [PASS] requeues generic summary consumers
  [PASS] tracks required generic parameter positions
  [PASS] handles long product chain iteratively
  [PASS] projects builtin visibility by module
  [PASS] builtin installation preserves resource policy and visibility
  [PASS] projects record visibility by module
  [PASS] projects record visibility by graph scope
  [PASS] projects target empty middle and final modules
  [PASS] scope queries require compatible graph
  [PASS] rejects direct value layout recursion
  [PASS] rejects mutual value layout recursion
  [PASS] rejects value layout recursion through alias
  [PASS] accepts record recursion through sum carriers
  [PASS] allows recursion through heap layouts
  [PASS] local record installation preserves shape and layout
  [PASS] record installation uses exact cross-module identity
  [PASS] imported record qualifies owner-local prelude type
  [PASS] projects alias visibility by module
  [PASS] local alias installation preserves layout target and home
  [PASS] imported alias installation uses canonical target and home
  [PASS] projects union visibility by module
  [PASS] preserves selectively imported prelude union payload identity
  [PASS] local union installation preserves shape and constructor identity
  [PASS] imported enum installation uses canonical parent and constructor identity

All 60 tests passed

>> Compiler type JSON Tests
  [PASS] named type JSON preserves args
  [PASS] function type JSON preserves purity and return type
  [PASS] array type JSON preserves dimension expression
  [PASS] type JSON covers remaining structural variants
  [PASS] optional type JSON and dim op tags
  [PASS] const int JSON is exact
  [PASS] const int JSON preserves full Int range

All 7 tests passed

>> Compiler type resolution Tests
  [PASS] nominal dimensions respect each authority boundary
  [PASS] resolves qualified names recursively
  [PASS] composes owner qualification and aliases
  [PASS] nominal dim alias and alias preservation
  [PASS] entrypoints share resolution pipeline

All 5 tests passed

>> Integer literal range checks Tests
  [PASS] values are canonical
  [PASS] signed bounds are inclusive
  [PASS] unsigned bounds are inclusive
  [PASS] non-integer types have no range
  [PASS] literal takes expected integer type
  [PASS] literal without expectation is checked as Int
  [PASS] dimension expectation keeps refinement
  [PASS] float expectation is reported
  [PASS] out-of-range message suggests narrowest wider type
  [PASS] negative into unsigned suggests signed type
  [PASS] float position message shows float spelling

All 11 tests passed

>> Compiler type widening Tests
  [PASS] value slot encodes widening without a nested decision
  [PASS] mutable binding slot preserves semantic type
  [PASS] non-singleton value type is kept
  [PASS] numeric operand slot preserves semantic type
  [PASS] method receiver slot preserves semantic type
  [PASS] range proof slot erases only runtime type
  [PASS] tuple literal slot preserves semantic items
  [PASS] variadic dimension pack is kept
  [PASS] scalar int value type lifts only scalar dims
  [PASS] argument slot only widens open value metas
  [PASS] argument target slot preserves semantic type
  [PASS] argument target slot widens dimension to int
  [PASS] argument target slot widens literal to sized integer
  [PASS] argument target slot widens literal to sized float
  [PASS] argument target slot accepts proven range literal
  [PASS] argument target slot keeps type variable targets
  [PASS] argument target slot keeps singleton outside sized range
  [PASS] argument target slot keeps incompatible concrete targets
  [PASS] collection element slot records collection kind
  [PASS] collection element target slot preserves target type
  [PASS] bitwise operand target slot preserves target type

All 21 tests passed

>> Blorp compiler typecheck bridge Tests
  [PASS] typecheck metric products use record storage
  [PASS] ctfe eager bound attempts have planned invocations
  [PASS] typecheck_source returns typed program artifact
  [PASS] typecheck_source accepts main args signature
  [PASS] typecheck_graph returns module and target artifacts
  [PASS] typed graph rejects duplicate type declarations
  [PASS] typed graph rejects duplicate trait declarations
  [PASS] typed graph rejects duplicate union constructors
  [PASS] typed graph rejects mandatory record cycle
  [PASS] typed graph rejects unknown trait topology
  [PASS] typed graph retains trait topology diagnostic spans
  [PASS] typed graph retains type header diagnostic span
  [PASS] typed graph rejects trait inheritance cycle
  [PASS] typed graph cycle diagnostic uses closing edge span
  [PASS] typed graph accepts prelude trait topology
  [PASS] typed graph rejects duplicate canonical dependency identity
  [PASS] typed graph rejects target dependency identity conflict
  [PASS] typed graph rejects ambiguous source name independent of order
  [PASS] typed graph rejects unknown module target
  [PASS] typed graph rejects duplicate module target
  [PASS] streamed graph reports duplicate canonical identity
  [PASS] streamed graph rejects mixed valid and unknown targets
  [PASS] typecheck_graph chunk stream returns complete lines
  [PASS] typecheck_graph chunk stream matches comments and errors
  [PASS] typecheck_graph chunk stream traces graph and CTFE preparation
  [PASS] typecheck inventory traces internal typecheck phases
  [PASS] typecheck trace phase names are stable
  [PASS] typecheck_graph chunk stream inventories retained typed programs
  [PASS] typecheck_graph inventory counts definition ids
  [PASS] typecheck_graph reuses CTFE artifact with rewritten global
  [PASS] typed graph API returns in-memory results
  [PASS] typed graph reparses retained program with stale text
  [PASS] typed graph reparses mismatched retained program identity
  [PASS] typed graph avoids std prelude self import
  [PASS] typed graph uses graph-wide definition ids
  [PASS] typed graph distinguishes identical source in canonical modules
  [PASS] typed graph scopes default methods to canonical modules
  [PASS] typed graph definition ids are deterministic
  [PASS] typed graph UFCS rejects mismatched local generic receiver
  [PASS] typed graph preserves exact unresolved trait method identity
  [PASS] typed graph preserves exact aliased trait method identity
  [PASS] typed graph preserves exact qualified trait method identity
  [PASS] typed graph imported UFCS precedes builtin fallback
  [PASS] typecheck_graph handles shared import context
  [PASS] typecheck_graph preserves qualified trait method resolution
  [PASS] typecheck_graph refines unannotated generic factory
  [PASS] typecheck_graph evaluates shared CTFE dependency
  [PASS] typecheck_graph keeps CTFE constructor resolution stable across artifact order
  [PASS] typecheck_graph evaluates transitive CTFE dependencies first
  [PASS] typecheck_graph CTFE dependency scan preserves module order
  [PASS] typecheck_graph CTFE dependency scan handles empty and selected artifacts
  [PASS] typecheck_graph orders globals across cyclic source imports
  [PASS] typecheck_graph resolves qualified global across cyclic source imports
  [PASS] typecheck_graph refreshes global lambda imports across source cycle
  [PASS] typecheck_graph resolves global lambda alias in defining module
  [PASS] typecheck_graph ignores unused imports in global lambdas
  [PASS] typecheck_source global lambda reads prior global
  [PASS] typecheck_graph follows CTFE dependency through function-only module
  [PASS] typecheck_graph evaluates std CTFE dependency
  [PASS] typecheck_graph evaluates source-package CTFE dependency
  [PASS] typecheck_graph evaluates root-local trait method
  [PASS] typecheck_graph evaluates imported trait method
  [PASS] typecheck_graph isolates unrelated CTFE dependency failure
  [PASS] typecheck_graph closed globals ignore unused broken import
  [PASS] typecheck_graph CTFE dependency sees target surface
  [PASS] typecheck_graph dependency materializes target trait default
  [PASS] typecheck_graph does not reuse target-dependent CTFE artifact
  [PASS] typecheck_graph does not reuse std-relative target dependency
  [PASS] typecheck_graph does not reuse transitive std-relative target dependency
  [PASS] typecheck_graph does not reuse CTFE artifact with prelude target import
  [PASS] typecheck_graph reuses CTFE artifact with dependency target import
  [PASS] typecheck_graph target reachability has bounded tracked allocation growth
  [PASS] typecheck_graph resolves imported global annotation
  [PASS] typecheck_graph preserves imported opaque record field owner
  [PASS] typecheck_graph materializes impure function reference
  [PASS] typecheck_graph rejects native_package origin alias
  [PASS] typecheck_source returns typed union decl
  [PASS] typecheck_source reports type errors
  [PASS] typecheck_source marks self-contained CTFE evaluated
  [PASS] typecheck_source evaluates qualified import CTFE
  [PASS] typecheck_source evaluates imported function CTFE
  [PASS] typecheck_source evaluates imported constant CTFE
  [PASS] typecheck_source evaluates aliased constant from non-leaf module
  [PASS] typecheck_source sees global conversion builtins
  [PASS] typecheck_source handles tuple subscript rewrite
  [PASS] typecheck_source allows bounded type param equality
  [PASS] typecheck_source allows generic constructor equality
  [PASS] typecheck_source returns import bindings
  [PASS] typecheck_source validates import modules
  [PASS] typecheck_source uses qualified imported function
  [PASS] typecheck_source qualified import selects UFCS receiver
  [PASS] typecheck_source uses selectively imported function
  [PASS] typecheck_source preserves imported resource cleanup
  [PASS] typecheck_source preserves independent accept result
  [PASS] typecheck_source matches std shorthand import path
  [PASS] typecheck_source uses imported generic function
  [PASS] typecheck_source uses qualified return-only generic
  [PASS] typecheck_source uses selective return-only generic
  [PASS] typecheck_source uses aliased return-only generic
  [PASS] typecheck_source refines unannotated generic factory
  [PASS] typecheck_source unifies constructor meta in generic call
  [PASS] typecheck_source contextually types Float32 tensor constructor
  [PASS] typecheck_source accepts imported generic return signature
  [PASS] typecheck_source ignores unimported module declarations
  [PASS] typecheck_source resolves direct import transitive signature
  [PASS] typecheck_source uses aliased imported function
  [PASS] typecheck_source materializes imported trait impl method
  [PASS] typecheck_source uses imported nullary trait method
  [PASS] typecheck_source uses imported trait method as UFCS
  [PASS] typecheck_source uses implicit trait method for imported receiver
  [PASS] typecheck_source rejects ambiguous implicit trait method independent of order
  [PASS] typecheck_source rejects private implicit trait method
  [PASS] typecheck_source uses later same-module function as UFCS
  [PASS] typecheck_source keeps compiler prelude trait method visible
  [PASS] typecheck_source selects pure imported UFCS overload
  [PASS] typecheck_source preserves resource policy for trait method UFCS
  [PASS] typecheck_source preserves resource policy for direct trait method
  [PASS] typecheck_source rejects arithmetic through a same-named user trait
  [PASS] typecheck_source uses trait-bounded generic arithmetic
  [PASS] typecheck_source rejects implementation method parameter owner collision
  [PASS] typecheck_source rejects bare qualified-only import
  [PASS] typecheck_source rejects private qualified import
  [PASS] typecheck_source rejects debug-only call by default
  [PASS] typecheck_source allows debug-only call when enabled
  [PASS] typecheck_source allows debug-only call inside debug block
  [PASS] typed graph retains structured typecheck diagnostics
  [PASS] interpolation diagnostic uses authored source location
  [PASS] typecheck bridge rejects wrong action
  [PASS] typecheck_source requires text

All 129 tests passed

>> Blorp check typecheck request capture Tests
  [PASS] capture writes a replayable request without typechecking
  [PASS] capture rejects multiple roots
  [PASS] capture rejects parse errors without writing a request
  [PASS] capture rejects AST dump options

All 4 tests passed

>> Compiler frontend declaration catalog profile benchmark Tests
  [PASS] category denominators are canonical
  [PASS] CTFE artifact and initializer rows are separate
  [PASS] canonical module bases are reused for body preparation
  [PASS] shape dimensions are consistent

All 4 tests passed

>> Compiler typecheck declaration pre-scan Tests
  [PASS] concrete default preserves impure contract with pure implementation
  [PASS] concrete custom default setup selects outer callable
  [PASS] concrete custom default selects exact callable
  [PASS] concrete method generic method has concrete receiver and signature
  [PASS] concrete method generic method retains template guard
  [PASS] concrete method erased alias has concrete signature and instance parameter
  [PASS] concrete method erased alias retains instance template guard
  [PASS] concrete method template order has valid selection premises
  [PASS] concrete method template first blocks later concrete
  [PASS] concrete default inner call setup selects outer callable
  [PASS] concrete default inner call selects exact callable in both metadata sites
  [PASS] default scoped identity control is materialized
  [PASS] default body scoped method keeps issued trait identity
  [PASS] linked compiler scope keeps issued slots
  [PASS] binary equality preserves exact accepted callable IDs
  [PASS] resource carrier equality keeps existing binary path
  [PASS] native snapshot schema requires stdlib provider
  [PASS] global initializer meta sessions follow plan provenance
  [PASS] global initializer meta sessions follow mixed plan order
  [PASS] importable module precomputes interface facts
  [PASS] prescan collects top-level names and resources
  [PASS] prescan recurses private and keeps first namespace kind
  [PASS] prescan records foreign block functions
  [PASS] bound selective imports bind types, constructors and renamed functions
  [PASS] bind program module view returns completed namespace
  [PASS] graph binding batches local prescan before import conflicts
  [PASS] graph binding local batch preserves uncataloged name error
  [PASS] bound module alias retains graph module id
  [PASS] bound alias and selective name share one graph row
  [PASS] graph binding preserves private missing and duplicate diagnostic order
  [PASS] graph import module decisions preserve source order and admission
  [PASS] graph import decisions cross import blocks in source order
  [PASS] graph module alias rejects equal-layout foreign table
  [PASS] graph view rejects other module in same graph
  [PASS] bind program rejects same-graph wrong module view
  [PASS] bind program rejects reminted source catalog on same module table
  [PASS] bind program module view rejects unreserved state
  [PASS] bind program module view rejects equivalent foreign scope
  [PASS] bind program module view rejects preloaded standalone alias
  [PASS] graph module alias rejects same index from foreign table
  [PASS] graph module alias rejects wrong expected path
  [PASS] graph module alias rejects out of range id
  [PASS] graph module alias rejects uncataloged local name
  [PASS] graph local name rejects uncataloged source name
  [PASS] standalone module view retains qualified import path
  [PASS] standalone module view rejects preloaded graph alias
  [PASS] reachable import modules exclude current and unrelated modules
  [PASS] reachable imports follow private source-name aliases
  [PASS] import dependency closure preserves shapes and index order
  [PASS] import dependency closure preserves boundary semantics
  [PASS] import identity resolution reports missing module
  [PASS] import identity resolution reports unique source name
  [PASS] import identity resolution prefers exact canonical path
  [PASS] import identity resolution reports sorted ambiguity
  [PASS] import identity resolution supports std alias
  [PASS] importable module index prefers std prelude
  [PASS] prelude import merge preserves order and membership semantics
  [PASS] prelude import merge preserves symbols for qualified import
  [PASS] ambient tuple module registers impls without source import
  [PASS] rejected std package import is not a record inference candidate
  [PASS] import modules register canonical type payloads
  [PASS] accepted imported builtin alias uses graph authority
  [PASS] accepted imported type keeps multiple local aliases
  [PASS] accepted imported type aliases keep module identity
  [PASS] provisional local aliases retain env authority
  [PASS] accepted transparent aliases replace env authority
  [PASS] accepted opaque alias replaces env authority
  [PASS] provisional local records retain env authority
  [PASS] accepted record bodies replace env authority
  [PASS] accepted bodies use local generic and opaque alias authority
  [PASS] accepted imported aliases preserve generic and opaque semantics
  [PASS] import modules register canonical signature types
  [PASS] accepted globals support direct selective qualified and shadowed reads
  [PASS] accepted global alias is not treated as a closure capture
  [PASS] accepted range global keeps scalar runtime value type
  [PASS] concurrent binding RHS can read same named accepted global
  [PASS] imported explicit type param shadows module alias
  [PASS] current module signatures canonicalize qualified import types
  [PASS] import modules resolve import aliases to loaded module path
  [PASS] import modules canonicalize dependency types inside imported decls
  [PASS] imported function return record supports field access without type import
  [PASS] selective record alias uses accepted authority
  [PASS] qualified record type uses accepted authority
  [PASS] imported tensor loop producer reaches typed for
  [PASS] imported global abi record supports field access
  [PASS] imported builtin resource preserves cleanup
  [PASS] imported resource function uses canonical parameter type
  [PASS] registers type record alias and constructors
  [PASS] registers builtin resource and resource-containing record
  [PASS] opaque alias records type home
  [PASS] registers source function signature
  [PASS] registers declared type params in declaration order
  [PASS] builtin resource result ordinary keeps its resource policy
  [PASS] prelude trait bound carries the builtin trait id
  [PASS] user trait named like a builtin keeps its own trait id
  [PASS] registers global var and foreign function signature
  [PASS] materializes foreign block as typed functions
  [PASS] foreign records require explicit borrow mode
  [PASS] foreign default args use accepted enum authority
  [PASS] accepted payload union uses graph authority
  [PASS] fixed union headers use ordinary union semantics
  [PASS] rejects foreign signatures for non-foreign origins
  [PASS] registers trait definition and method bindings
  [PASS] check function bodies accepts named params
  [PASS] materialize program bodies carries typed function and global
  [PASS] materialize program bodies preserves global source alias
  [PASS] materialize program bodies preserves declared type params
  [PASS] materialize program bodies selects exact overload signature
  [PASS] materialize generic type declarations use explicit semantic params
  [PASS] materialize impl preserves type params and bounds
  [PASS] materialize impl method type param shadows alias
  [PASS] literal default setup materializes reserved body
  [PASS] literal default publishes materialized callable facts
  [PASS] receiver template publishes default method
  [PASS] two default targets are distinct and match bodies
  [PASS] explicit override is the published default slot target
  [PASS] malformed default retains body diagnostic
  [PASS] impure default retains body diagnostic
  [PASS] erased receiver parameter retains default effective bounds
  [PASS] materialize direct default impl method claims callable id
  [PASS] materialize multiple default impl methods keep distinct callable ids
  [PASS] materialize impl normalizes implicit type param
  [PASS] materialize impl expands transparent generic alias
  [PASS] materialize program bodies resolves function alias return metadata
  [PASS] a declared variadic dimension used only variadically is not a caller parameter
  [PASS] materialize program bodies canonicalizes compatible declared return
  [PASS] materialize type alias preserves source target metadata
  [PASS] materialize program bodies materializes declared literal return
  [PASS] materialize program bodies carries typed decl shapes
  [PASS] typecheck program runs full decl pipeline
  [PASS] conflicting accepted implementation is not indexed
  [PASS] validate typed program rejects unfinalized meta
  [PASS] function body solver rejects all signature metas in order
  [PASS] check function body reports wrong return type
  [PASS] check function body accepts call-through function alias return
  [PASS] check generic function body uses expected return for constructor call
  [PASS] check function body requires return annotation for values
  [PASS] check std function body accepts block-wrapped builtin body
  [PASS] check source-package function body rejects builtin body
  [PASS] check main signature accepts int form
  [PASS] check main signature accepts void form
  [PASS] check main signature accepts explicit void form
  [PASS] imported main is not validated as program entrypoint
  [PASS] check main signature reports bad param type
  [PASS] check main signature reports bad return type
  [PASS] check main signature reports bad arity
  [PASS] check pure function body rejects impure call
  [PASS] check pure function body rejects channel for loop
  [PASS] check pure function body allows pure call
  [PASS] check pure function rejects module variable assignment
  [PASS] check pure function rejects module subscript assignment
  [PASS] check pure function allows local assignment shadowing module variable
  [PASS] check pure function allows local subscript assignment shadowing module variable
  [PASS] check pure function rejects impure callback param
  [PASS] check pure function rejects aliased impure callback param
  [PASS] explicit type param shadows impure callback alias
  [PASS] check pure function allows pure callback param
  [PASS] check debug block rejects impure call
  [PASS] check debug block rejects assignment
  [PASS] check nested pure lambda rejects impure call
  [PASS] check nested impure lambda allows impure call
  [PASS] check tail recursive body allows direct recursive call
  [PASS] check tail recursive body rejects operand recursive call
  [PASS] check global var bodies validate and refine registered types
  [PASS] check mutable global initializer rejects function call
  [PASS] check mutable global initializer allows lambda body call
  [PASS] direct definition IDs are recorded in the index
  [PASS] direct import constructor IDs are recorded for the imported module
  [PASS] imported module prescan keeps target name index isolated
  [PASS] graph-owned headers keep import scope compatible
  [PASS] accepted callable table preserves grouping and hidden exact lookup
  [PASS] accepted callable visibility preserves exact targets and provenance
  [PASS] accepted nominal authorities reject equal-layout foreign definition tables
  [PASS] combined import selection preserves visible and direct order
  [PASS] std prelude trait links compiler trait for transitive implementation
  [PASS] same-name user trait does not link compiler trait
  [PASS] unrelated same-name trait does not change compiler trait link
  [PASS] qualified-only namesake does not replace selective trait binding
  [PASS] accepted trait visibility sorts exact alias and local rows
  [PASS] accepted trait visibility keeps last exact duplicate alias and rejects uncataloged alias
  [PASS] aliased trait rows report one method collision
  [PASS] accepted impl type params follow the header order
  [PASS] accepted impl type params include dimension parameters
  [PASS] obligations distinguish a user trait from the builtin of the same name
  [PASS] accepted trait table validation is owner safe
  [PASS] accepted trait policy queries reject foreign identity provenance
  [PASS] accepted trait visibility ignores standalone syntax imports
  [PASS] accepted trait method lookup preserves exact identity
  [PASS] accepted trait table precomputes implementation lookup facts
  [PASS] accepted qualified lookup respects direct import order
  [PASS] accepted trait method lookup sorts exact visibility rows
  [PASS] accepted table rejects mismatched method identity

All 192 tests passed

>> Compiler typecheck impl declaration indexing Tests
  [PASS] registers public and private impl headers
  [PASS] registers generic impl bounds from for type
  [PASS] registers generic impl inline trait bounds
  [PASS] impl registration reports public and private conflicts
  [PASS] impl method body reports wrong return type
  [PASS] core trait is visible for user-owned impl
  [PASS] pure impl method body rejects impure call
  [PASS] impl validation reports unsatisfied supertrait
  [PASS] impl validation accepts explicit supertrait impl
  [PASS] impl validation accepts supertrait from inline bound
  [PASS] impl validation reports method signature mismatch

All 11 tests passed

>> Compiler typecheck impl default methods Tests
  [PASS] default impl method body is checked
  [PASS] explicit impl method suppresses default body
  [PASS] default impl method resolves self signature
  [PASS] default impl method is materialized

All 4 tests passed

>> Compiler typecheck profile benchmark Tests
  [PASS] small fixture is deterministic
  [PASS] repeated fixture validates every iteration
  [PASS] mixed type header fixture validates semantic work
  [PASS] alias fixture is valid and checksummed
  [PASS] alias registration fixture is valid and checksummed

All 5 tests passed

>> Compiler isolated typechecking phase profile Tests
  [PASS] profile plan requires positive iterations
  [PASS] fixture accepts validated mixed graph
  [PASS] source-name fixture tracks independent workload widths
  [PASS] source-name fixture rejects negative dimensions
  [PASS] selective-import fixture reaches accepted graph
  [PASS] constructor lookup work uses exact name chains
  [PASS] sparse fixture varies only type-bearing modules
  [PASS] phase observations are deterministic
  [PASS] phase four fixture has representative products
  [PASS] phase four stages reject empty work
  [PASS] indexed checksum tracks exact definition identity

All 11 tests passed

>> Compiler implementation pattern profile benchmark Tests Tests
  [PASS] implementation pattern profile counts necessary obligations
  [PASS] implementation pattern profile exposes lookup not obligation growth
  [PASS] implementation pattern profile matches first failure result

All 3 tests passed

>> Compiler typecheck state substrate Tests
  [PASS] discovery graph renders identifiers from its table
  [PASS] standalone graph renders identifiers from their text
  [PASS] state renders identifiers from its name table
  [PASS] state initialization and origin policy
  [PASS] import bindings are deduped
  [PASS] import binding kind is explicit
  [PASS] module alias and imported name namespace collisions
  [PASS] name lookup indexes are complete and state local
  [PASS] type home index precedence
  [PASS] known names and type home precedence
  [PASS] imported type fact batch preserves index precedence
  [PASS] callable ids are state local
  [PASS] unscoped definition claims are rejected
  [PASS] reserved definition ids are read-only and graph-owned
  [PASS] unscoped context rejects solver meta issuance
  [PASS] reserved source definition ids are precise
  [PASS] definition keys reuse source spans
  [PASS] definition index installation never lowers env frontier
  [PASS] prepared scope switches and restores identity and origin together
  [PASS] graph import admission reentry preserves pending owner
  [PASS] graph selective import requires exact provenance and target
  [PASS] reserved scope rejects replacement from another graph
  [PASS] reserved scope rejects definition ids owned by another module
  [PASS] initial definition index seed matches typecheck environment
  [PASS] adding diagnostics preserves structured spans
  [PASS] type-shape memo reset preserves semantic state
  [PASS] inference session round trip preserves module facts

All 27 tests passed

>> Compiler type-home index profile benchmark Tests Tests
  [PASS] type home profile scales visible names independently
  [PASS] type home profile isolates selected lookup mode

All 2 tests passed

>> Compiler typecheck type projection Tests
  [PASS] projects named and qualified types
  [PASS] projects arrays and dimension types
  [PASS] projects range tuple and function types
  [PASS] projects type parameter names
  [PASS] projection preserves parsed type ownership

All 5 tests passed

>> Compiler typed AST JSON Tests
  [PASS] graph typed dump reads identifier spellings from the graph table
  [PASS] widening reason JSON preserves payloads
  [PASS] widening decision JSON preserves source target and reason
  [PASS] resolved call JSON preserves origin policy and dim constraints
  [PASS] resolved call JSON rejects an incompatible module table
  [PASS] resolved call JSON rejects a wrong definition kind
  [PASS] resolved call JSON encodes closure target
  [PASS] resolved call JSON encodes trait impl target
  [PASS] resolved call JSON projects accepted unresolved trait identity
  [PASS] resolved call JSON rejects accepted trait outside definition table
  [PASS] resolved call JSON rejects accepted unresolved trait outside definition table
  [PASS] resolved call JSON encodes intrinsic target
  [PASS] value proofs JSON preserves range and subscript
  [PASS] typed expr info JSON contains all metadata
  [PASS] origin JSON handles synthesized and optional fields
  [PASS] typed expr JSON encodes call tree
  [PASS] typed field access JSON projects definition identity
  [PASS] typed for JSON encodes windows loop view
  [PASS] resource for JSON projects original loop body
  [PASS] concurrent resource for JSON projects original loop body
  [PASS] typed expr JSON encodes match patterns
  [PASS] typed expr JSON encodes concurrent block bindings
  [PASS] typed function info JSON preserves callable id and params
  [PASS] typed program JSON encodes source decls and diagnostics
  [PASS] typed decl JSON encodes declaration variants
  [PASS] typed impl JSON preserves type parameter bounds
  [PASS] typed foreign decl JSON preserves bridge metadata

All 27 tests passed

>> Typed program name identity census Tests
  [PASS] typed program identifiers resolve to their own spelling
  [PASS] typed program census counts ids from another table as violations

All 2 tests passed

>> Self-hosted Core trait resolve diagnostics Tests
  [PASS] render hint values

All 1 tests passed

>> Shared build artifact Tests
  [PASS] build invocation preserves argument boundaries

All 1 tests passed

>> Run command Tests
  [PASS] runtime cache configuration preserves host and runtime policy

All 1 tests passed

>> Compiler program session runner Tests
  [PASS] current runtime supports captured program sessions

All 1 tests passed

>> Blorp formatter declaration docs Tests
  [PASS] selective import declaration doc
  [PASS] qualified import declaration doc
  [PASS] variable declaration doc
  [PASS] private variable declaration doc
  [PASS] function declaration doc
  [PASS] function parameter function type declaration doc
  [PASS] four short parameters function declaration doc
  [PASS] where function declaration doc
  [PASS] docstring function declaration doc
  [PASS] doctest docstring function declaration doc
  [PASS] annotated private function declaration doc
  [PASS] builtin function declaration doc
  [PASS] foreign function declaration doc
  [PASS] no-body function declaration doc
  [PASS] long signature function declaration doc
  [PASS] blank body function declaration doc
  [PASS] comment body function declaration doc
  [PASS] trailing comment body function declaration doc
  [PASS] type alias declaration doc
  [PASS] opaque type alias declaration doc
  [PASS] union declaration doc
  [PASS] enum declaration doc
  [PASS] fixed union declaration doc
  [PASS] union form rejects unknown
  [PASS] union form requires field
  [PASS] union form requires string
  [PASS] resource type declaration doc
  [PASS] builtin type declaration doc
  [PASS] record declaration doc
  [PASS] commented record declaration doc
  [PASS] commented union declaration doc
  [PASS] fixed record declaration doc
  [PASS] fixed record form JSON doc
  [PASS] record form JSON rejects unknown form
  [PASS] record form JSON rejects struct form
  [PASS] record form JSON requires form
  [PASS] record form JSON requires string form
  [PASS] record form JSON preserves source spelling
  [PASS] builtin record declaration doc
  [PASS] trait declaration doc
  [PASS] trait default declaration doc
  [PASS] trait super-only declaration doc
  [PASS] impl declaration doc
  [PASS] impl builtin declaration doc
  [PASS] body program doc
  [PASS] import program doc
  [PASS] module doc renders above import block
  [PASS] duplicate import program doc
  [PASS] duplicate import comments program doc
  [PASS] distinct constructor import program doc
  [PASS] body import program doc
  [PASS] commented program doc
  [PASS] import comments program doc
  [PASS] foreign program doc
  [PASS] foreign comments program doc
  [PASS] decl JSON rejects unknown tag

All 56 tests passed

>> Blorp formatter layout Tests
  [PASS] group stays flat when it fits
  [PASS] group breaks with indent when too wide
  [PASS] IfBreak adds trailing comma only when broken
  [PASS] line suffix flushes before newline
  [PASS] post process trims and collapses blank lines
  [PASS] empty document stays empty
  [PASS] deep grouped document renders without stack growth
  [PASS] render flat collapses chain hardlines
  [PASS] render flat drops the broken trailing comma
  [PASS] render flat separates tokens a hardline kept apart
  [PASS] render flat uses the flat branch of IfBreak
  [PASS] render flat drops line suffixes
  [PASS] fill stays flat without trailing comma when it fits
  [PASS] fill packs items per line in order
  [PASS] fill counts the trailing comma when deciding fit
  [PASS] fill puts an oversized item on its own line
  [PASS] fill of no items renders nothing
  [PASS] fill keeps a line suffix on the line of its item

All 18 tests passed

>> Blorp formatter expression docs Tests
  [PASS] string literal escaping
  [PASS] unicode string literal preserved
  [PASS] char literal escaping
  [PASS] simple call and field access
  [PASS] nested call args expand when parent breaks
  [PASS] empty call args never break
  [PASS] block call argument forces multiline args
  [PASS] nested call argument forces multiline outer call
  [PASS] trailing block lambda call argument
  [PASS] leading block lambda call argument
  [PASS] UFCS chain expression doc
  [PASS] binary precedence parentheses
  [PASS] binary precedence flat
  [PASS] logical expression breaks with parenthesized leading operator
  [PASS] logical expression preserves precedence parentheses
  [PASS] unary negation parentheses
  [PASS] builtin runtime call
  [PASS] tuple expression doc
  [PASS] list expression doc
  [PASS] short numeric list expression doc
  [PASS] long numeric list expression doc
  [PASS] compact simple collection call arg doc
  [PASS] vector expression doc
  [PASS] short numeric vector expression doc
  [PASS] shaped vector expression doc
  [PASS] record expression doc
  [PASS] record update expression doc
  [PASS] range expression doc
  [PASS] subscript expression doc
  [PASS] subscript multi expression doc
  [PASS] dict expression doc
  [PASS] dict expression breaks by width
  [PASS] field range receiver parenthesized
  [PASS] tuple index field renders as subscript
  [PASS] assign expression doc
  [PASS] compound assign expression doc
  [PASS] var declaration expression doc
  [PASS] tuple destructure expression doc
  [PASS] subscript assignment expression doc
  [PASS] question bind expression doc
  [PASS] block expression doc
  [PASS] if expression doc
  [PASS] while expression doc
  [PASS] for expression doc
  [PASS] for tuple expression doc
  [PASS] with expression doc
  [PASS] match expression doc
  [PASS] match comments expression doc
  [PASS] if comments expression doc
  [PASS] while comment expression doc
  [PASS] lambda expression doc
  [PASS] block lambda expression doc
  [PASS] function declaration expression doc
  [PASS] string interpolation expression doc
  [PASS] multiline string interpolation expression doc
  [PASS] debug block expression doc
  [PASS] debug block comment expression doc
  [PASS] concurrent expression doc
  [PASS] detach expression doc
  [PASS] detach subscript target parenthesized
  [PASS] for ... concurrently expression doc
  [PASS] expr JSON rejects unknown operator

All 62 tests passed

>> Blorp formatter CLI parsing Tests
  [PASS] default width
  [PASS] width option
  [PASS] dash dash path
  [PASS] unknown option
  [PASS] unknown command help is rejected
  [PASS] program batch pairs

All 6 tests passed

>> Blorp formatter type docs Tests
  [PASS] named type docs
  [PASS] pure function type docs
  [PASS] array function element type is parenthesized
  [PASS] dimension precedence
  [PASS] dimension add/sub does not over-parenthesize
  [PASS] misc type docs
  [PASS] type doc JSON rejects unknown dimension op

All 7 tests passed

>> Purify command Tests
  [PASS] rewrite inserts pure at each candidate offset

All 1 tests passed

>> Tree statement and block legacy projection Tests
  [PASS] next line values match frozen layout and anchors
  [PASS] next line control values continue operators
  [PASS] 100 nested concurrently for loops project every body
  [PASS] concurrently for names follow authored order
  [PASS] concurrently for matches the frozen parser
  [PASS] soft select binder names follow authored order
  [PASS] soft keyword binding heads match old parser
  [PASS] builtin values match frozen body contexts
  [PASS] opaque conversion values keep their own block anchor
  [PASS] flat tuple destructuring matches the old parser
  [PASS] body completion keeps written spellings and following owner
  [PASS] expression bodies match the old parser
  [PASS] leading dot chains match the old parser with siblings
  [PASS] 256 continued postfix links project by a loop
  [PASS] block statements match the old parser
  [PASS] declaration metadata matches the old parser
  [PASS] control flow matches the old parser
  [PASS] question bindings and tuple loops match the old parser
  [PASS] lambdas and local functions match the old parser
  [PASS] match statements match the old parser
  [PASS] control item entries match the old parser
  [PASS] control operator tails match the old parser
  [PASS] control expression values match the old parser
  [PASS] with resources match the old parser
  [PASS] concurrent blocks match the old parser
  [PASS] select arms match the old parser
  [PASS] debug blocks and detach match the old parser
  [PASS] nested block forms match the old parser
  [PASS] lambdas in block form headers match the old parser
  [PASS] multiline braced forms match the old parser
  [PASS] multiline braced globals and bodies match the old parser
  [PASS] multiline calls, lists, tuples and groupings match the old parser
  [PASS] block arguments inside brackets match the old parser
  [PASS] blocks in bracketed items follow the old anchor
  [PASS] blocks in block headers follow the old anchor
  [PASS] block indentation variants follow the old anchor
  [PASS] same line bodies and globals follow the old anchor
  [PASS] nested blocks match the old parser
  [PASS] trait default bodies match the old parser
  [PASS] implementation bodies match the old parser
  [PASS] several declarations match the old parser
  [PASS] string and character literals match the old parser
  [PASS] interpolated strings match the old parser
  [PASS] character escapes and raw pipe strings match the old parser
  [PASS] pipe strings project like the old parser
  [PASS] nested lambdas project to their depth
  [PASS] a 2000 link else if chain projects by a loop
  [PASS] 100 nested value ifs project
  [PASS] a 2000 arm match value projects every arm
  [PASS] 100 nested with blocks project
  [PASS] 100 nested concurrent blocks project
  [PASS] 100 nested debug blocks project
  [PASS] 100 nested selects project
  [PASS] a 2000 arm select projects every arm
  [PASS] 5000 statements project in order

All 55 tests passed

>> Tree module projection to the frozen parser Tests
  [PASS] a module of every item kind matches the old parser
  [PASS] forward declarations match span for span
  [PASS] a forward declaration after its implementation
  [PASS] an empty module

All 4 tests passed

>> Tree expression legacy projection Tests
  [PASS] soft keyword fields and frozen name atoms match old parser
  [PASS] builtin markers match frozen literal payloads
  [PASS] opaque conversions match full frozen type grammar
  [PASS] minted empty call retains raw AST
  [PASS] supported expression AST JSON parity
  [PASS] completed global full declaration parity
  [PASS] grouped integer preserves authored digits
  [PASS] missing integer token fails closed
  [PASS] names follow written order
  [PASS] postfix names follow written order
  [PASS] postfix integer provenance fails closed
  [PASS] parsed method chain survives dump and ID census
  [PASS] list names follow written order
  [PASS] 100 nested lists survive dump, census and projection
  [PASS] nested list dump text
  [PASS] mixed tuple and list dump text
  [PASS] mixed braced dump text
  [PASS] 100 alternating tuples and lists survive dump, census and projection
  [PASS] tuple names follow written order
  [PASS] braced names follow written order
  [PASS] 100 nested vectors survive dump, census and projection
  [PASS] nested records and dicts survive dump, census and projection
  [PASS] 3000 element list projects in order
  [PASS] control operand globals match the old AST JSON
  [PASS] deep postfix projection uses an iterative walk
  [PASS] deep binary projection uses an iterative walk

All 26 tests passed

>> Syntax nesting limit, legacy projection Tests
  [PASS] concurrently for projects at the limit
  [PASS] builtin markers project at the nesting limit
  [PASS] opaque conversions project at the combined limit
  [PASS] lists project at the limit
  [PASS] tuples project at the limit
  [PASS] groupings project at the limit
  [PASS] vectors project at the limit
  [PASS] call arguments project at the limit
  [PASS] subscripts project at the limit
  [PASS] record literals project at the limit
  [PASS] record updates project at the limit
  [PASS] dict literals project at the limit
  [PASS] expression-bodied lambdas project at the limit
  [PASS] not chains project at the limit
  [PASS] negation chains project at the limit
  [PASS] detach chains project at the limit
  [PASS] interpolation holes project
  [PASS] value ifs project at the limit
  [PASS] with blocks project at the limit
  [PASS] concurrent blocks project at the limit
  [PASS] debug blocks project at the limit
  [PASS] selects project at the limit
  [PASS] operand ifs project at the limit
  [PASS] block lambdas project at the limit
  [PASS] tuple types project at the limit
  [PASS] grouped types project at the limit
  [PASS] function types project at the limit
  [PASS] type arguments project at the limit
  [PASS] parenthesized dimensions project at the limit
  [PASS] dimension sums project at the limit
  [PASS] dimension products project at the limit
  [PASS] array suffixes project at the limit
  [PASS] constructor patterns project at the limit
  [PASS] tuple patterns project at the limit
  [PASS] list patterns project at the limit
  [PASS] if statement blocks project at the limit
  [PASS] while blocks project at the limit
  [PASS] for blocks project at the limit
  [PASS] local function bodies project at the limit
  [PASS] match blocks project at the limit
  [PASS] else blocks project at the limit
  [PASS] holes around brackets project at the limit
  [PASS] left spines project

All 43 tests passed

>> Tree rejected declaration differential Tests
  [PASS] malformed fixed bound pins deferred proof boundary
  [PASS] added help baseline difference is exact
  [PASS] inline advice baseline difference is exact
  [PASS] duplicate fields match raw legacy diagnostics
  [PASS] completed leaf rejections compare all diagnostic fields
  [PASS] recovery compares later declarations in diagnostic order
  [PASS] deferred owners never count as tree rejection proof
  [PASS] accepted leaf source is not rejection evidence

All 8 tests passed

>> Discovery fuzzer regression cases Tests
  [PASS] a function with an arithmetic body
  [PASS] a block lambda closed by its call
  [PASS] an import with a symbol list
  [PASS] an indented declaration after a function is rejected
  [PASS] an unclosed parenthesis in a body is not accepted
  [PASS] a block lambda body not indented past its call is not accepted
  [PASS] a match opened inside a record field at the wrong indentation is not accepted
  [PASS] a match opened in an inline lambda at the wrong indentation is not accepted
  [PASS] KNOWN DEFECT (delete its known_defect when fixed): an import line ending in a colon projects an empty symbol list
  [PASS] KNOWN DEFECT (delete its known_defect when fixed): an import constructor list needs commas
  [PASS] KNOWN DEFECT (delete its known_defect when fixed): a trailing ?= binding in a block nested in a value if is not accepted
  [PASS] a comment-only function body agrees or safely stops

All 12 tests passed
BLORP_TEST_ARTIFACT_RESULT passed=6 failed=0 tests=6
BLORP_TEST_ARTIFACT_RESULT passed=13 failed=0 tests=13
BLORP_TEST_ARTIFACT_RESULT passed=14 failed=0 tests=14
BLORP_TEST_ARTIFACT_RESULT passed=15 failed=0 tests=15
BLORP_TEST_ARTIFACT_RESULT passed=16 failed=0 tests=16
BLORP_TEST_ARTIFACT_RESULT passed=17 failed=0 tests=17
BLORP_TEST_ARTIFACT_RESULT passed=18 failed=0 tests=18
BLORP_TEST_ARTIFACT_RESULT passed=31 failed=0 tests=31
BLORP_TEST_ARTIFACT_RESULT passed=36 failed=0 tests=36
BLORP_TEST_ARTIFACT_RESULT passed=46 failed=0 tests=46
BLORP_TEST_ARTIFACT_RESULT passed=52 failed=0 tests=52
BLORP_TEST_ARTIFACT_RESULT passed=75 failed=0 tests=75
BLORP_TEST_ARTIFACT_RESULT passed=107 failed=0 tests=107
BLORP_TEST_ARTIFACT_RESULT passed=113 failed=0 tests=113
BLORP_TEST_ARTIFACT_RESULT passed=116 failed=0 tests=116
BLORP_TEST_ARTIFACT_RESULT passed=122 failed=0 tests=122
BLORP_TEST_ARTIFACT_RESULT passed=172 failed=0 tests=172
BLORP_TEST_ARTIFACT_RESULT passed=176 failed=0 tests=176
BLORP_TEST_ARTIFACT_RESULT passed=199 failed=0 tests=199
BLORP_TEST_ARTIFACT_RESULT passed=213 failed=0 tests=213
BLORP_TEST_ARTIFACT_RESULT passed=277 failed=0 tests=277
BLORP_TEST_ARTIFACT_RESULT passed=287 failed=0 tests=287
BLORP_TEST_ARTIFACT_RESULT passed=289 failed=0 tests=289
BLORP_TEST_ARTIFACT_RESULT passed=291 failed=0 tests=291
BLORP_TEST_ARTIFACT_RESULT passed=322 failed=0 tests=322
BLORP_TEST_ARTIFACT_RESULT passed=324 failed=0 tests=324
BLORP_TEST_ARTIFACT_RESULT passed=335 failed=0 tests=335
BLORP_TEST_ARTIFACT_RESULT passed=338 failed=0 tests=338
BLORP_TEST_ARTIFACT_RESULT passed=381 failed=0 tests=381
BLORP_TEST_ARTIFACT_RESULT passed=390 failed=0 tests=390
BLORP_TEST_ARTIFACT_RESULT passed=392 failed=0 tests=392
BLORP_TEST_ARTIFACT_RESULT passed=398 failed=0 tests=398
BLORP_TEST_ARTIFACT_RESULT passed=401 failed=0 tests=401
BLORP_TEST_ARTIFACT_RESULT passed=403 failed=0 tests=403
BLORP_TEST_ARTIFACT_RESULT passed=413 failed=0 tests=413
BLORP_TEST_ARTIFACT_RESULT passed=416 failed=0 tests=416
BLORP_TEST_ARTIFACT_RESULT passed=422 failed=0 tests=422
origin: after `adapt_function_refs`: 3 functions, 0 disagree; SourceFunction=3 ImplMethod=0 PureVariant=0 MonoInstance=0 Synthesized=0 ConsumingClone=0 HoistedLambda=0 HoistedTask=0 EtaExpansion=0 HashKeySlotAdapter=0 NativeTagEqualityCallback=0 Entrypoint=0
identity: pass `adapt_function_refs` left function `main` with two nodes sharing node id 0
origin: after `tensor_specialize_specialize_fused`: 3 functions, 0 disagree; SourceFunction=3 ImplMethod=0 PureVariant=0 MonoInstance=0 Synthesized=0 ConsumingClone=0 HoistedLambda=0 HoistedTask=0 EtaExpansion=0 HashKeySlotAdapter=0 NativeTagEqualityCallback=0 Entrypoint=0
identity: pass `tensor_specialize_specialize_fused` left function `main` with two nodes sharing node id 0
origin: after `hash_key_callbacks`: 3 functions, 0 disagree; SourceFunction=3 ImplMethod=0 PureVariant=0 MonoInstance=0 Synthesized=0 ConsumingClone=0 HoistedLambda=0 HoistedTask=0 EtaExpansion=0 HashKeySlotAdapter=0 NativeTagEqualityCallback=0 Entrypoint=0
identity: pass `hash_key_callbacks` left function `main` with two nodes sharing node id 0
origin: after `resolve_backend_match_fused`: 3 functions, 0 disagree; SourceFunction=3 ImplMethod=0 PureVariant=0 MonoInstance=0 Synthesized=0 ConsumingClone=0 HoistedLambda=0 HoistedTask=0 EtaExpansion=0 HashKeySlotAdapter=0 NativeTagEqualityCallback=0 Entrypoint=0
identity: pass `resolve_backend_match_fused` left function `main` with two nodes sharing node id 0
origin: after `dce`: 2 functions, 0 disagree; SourceFunction=2 ImplMethod=0 PureVariant=0 MonoInstance=0 Synthesized=0 ConsumingClone=0 HoistedLambda=0 HoistedTask=0 EtaExpansion=0 HashKeySlotAdapter=0 NativeTagEqualityCallback=0 Entrypoint=0
identity: pass `dce` left function `main` with two nodes sharing node id 0
origin: after `consume_specialize`: 2 functions, 0 disagree; SourceFunction=2 ImplMethod=0 PureVariant=0 MonoInstance=0 Synthesized=0 ConsumingClone=0 HoistedLambda=0 HoistedTask=0 EtaExpansion=0 HashKeySlotAdapter=0 NativeTagEqualityCallback=0 Entrypoint=0
identity: pass `consume_specialize` left function `main` with two nodes sharing node id 0
origin: after `static_string_literals`: 2 functions, 0 disagree; SourceFunction=2 ImplMethod=0 PureVariant=0 MonoInstance=0 Synthesized=0 ConsumingClone=0 HoistedLambda=0 HoistedTask=0 EtaExpansion=0 HashKeySlotAdapter=0 NativeTagEqualityCallback=0 Entrypoint=0
identity: pass `static_string_literals` left function `main` with two nodes sharing node id 0
origin: after `record_update_ownership`: 2 functions, 0 disagree; SourceFunction=2 ImplMethod=0 PureVariant=0 MonoInstance=0 Synthesized=0 ConsumingClone=0 HoistedLambda=0 HoistedTask=0 EtaExpansion=0 HashKeySlotAdapter=0 NativeTagEqualityCallback=0 Entrypoint=0
identity: pass `record_update_ownership` left function `main` with two nodes sharing node id 0
origin: after `record_literal_order`: 2 functions, 0 disagree; SourceFunction=2 ImplMethod=0 PureVariant=0 MonoInstance=0 Synthesized=0 ConsumingClone=0 HoistedLambda=0 HoistedTask=0 EtaExpansion=0 HashKeySlotAdapter=0 NativeTagEqualityCallback=0 Entrypoint=0
identity: pass `record_literal_order` left function `main` with two nodes sharing node id 0
origin: after `dict_literal_ownership`: 2 functions, 0 disagree; SourceFunction=2 ImplMethod=0 PureVariant=0 MonoInstance=0 Synthesized=0 ConsumingClone=0 HoistedLambda=0 HoistedTask=0 EtaExpansion=0 HashKeySlotAdapter=0 NativeTagEqualityCallback=0 Entrypoint=0
identity: pass `dict_literal_ownership` left function `main` with two nodes sharing node id 0
origin: after `ownership_perceus_fused`: 2 functions, 0 disagree; SourceFunction=2 ImplMethod=0 PureVariant=0 MonoInstance=0 Synthesized=0 ConsumingClone=0 HoistedLambda=0 HoistedTask=0 EtaExpansion=0 HashKeySlotAdapter=0 NativeTagEqualityCallback=0 Entrypoint=0
identity: pass `ownership_perceus_fused` left function `main` with two nodes sharing node id 0
origin: after `reuse`: 2 functions, 0 disagree; SourceFunction=2 ImplMethod=0 PureVariant=0 MonoInstance=0 Synthesized=0 ConsumingClone=0 HoistedLambda=0 HoistedTask=0 EtaExpansion=0 HashKeySlotAdapter=0 NativeTagEqualityCallback=0 Entrypoint=0
identity: pass `reuse` left function `main` with two nodes sharing node id 0
origin: after `closure`: 2 functions, 0 disagree; SourceFunction=2 ImplMethod=0 PureVariant=0 MonoInstance=0 Synthesized=0 ConsumingClone=0 HoistedLambda=0 HoistedTask=0 EtaExpansion=0 HashKeySlotAdapter=0 NativeTagEqualityCallback=0 Entrypoint=0
identity: pass `closure` left function `main` with two nodes sharing node id 0
origin: after `resource_management`: 2 functions, 0 disagree; SourceFunction=2 ImplMethod=0 PureVariant=0 MonoInstance=0 Synthesized=0 ConsumingClone=0 HoistedLambda=0 HoistedTask=0 EtaExpansion=0 HashKeySlotAdapter=0 NativeTagEqualityCallback=0 Entrypoint=0
identity: pass `resource_management` left function `main` with two nodes sharing node id 0
origin: after `fairness`: 2 functions, 0 disagree; SourceFunction=2 ImplMethod=0 PureVariant=0 MonoInstance=0 Synthesized=0 ConsumingClone=0 HoistedLambda=0 HoistedTask=0 EtaExpansion=0 HashKeySlotAdapter=0 NativeTagEqualityCallback=0 Entrypoint=0
identity: pass `fairness` left function `main` with two nodes sharing node id 0
origin: after `prepare`: 2 functions, 0 disagree; SourceFunction=2 ImplMethod=0 PureVariant=0 MonoInstance=0 Synthesized=0 ConsumingClone=0 HoistedLambda=0 HoistedTask=0 EtaExpansion=0 HashKeySlotAdapter=0 NativeTagEqualityCallback=0 Entrypoint=0
identity: pass `prepare` left function `main` with two nodes sharing node id 0
origin: after `prepared_reuse`: 2 functions, 0 disagree; SourceFunction=2 ImplMethod=0 PureVariant=0 MonoInstance=0 Synthesized=0 ConsumingClone=0 HoistedLambda=0 HoistedTask=0 EtaExpansion=0 HashKeySlotAdapter=0 NativeTagEqualityCallback=0 Entrypoint=0
identity: pass `prepared_reuse` left function `main` with two nodes sharing node id 0
identity: pass `adapt_function_refs` left function `main` with a binder that breaks the identity contract: binder `point` is authored but has no id
origin: after `adapt_function_refs`: 2 functions, 0 disagree; SourceFunction=2 ImplMethod=0 PureVariant=0 MonoInstance=0 Synthesized=0 ConsumingClone=0 HoistedLambda=0 HoistedTask=0 EtaExpansion=0 HashKeySlotAdapter=0 NativeTagEqualityCallback=0 Entrypoint=0
identity: pass `adapt_function_refs` left function `main` with two nodes sharing node id 0
identity: pass `tensor_specialize_specialize_fused` left function `main` with a binder that breaks the identity contract: binder `point` is authored but has no id
origin: after `tensor_specialize_specialize_fused`: 2 functions, 0 disagree; SourceFunction=2 ImplMethod=0 PureVariant=0 MonoInstance=0 Synthesized=0 ConsumingClone=0 HoistedLambda=0 HoistedTask=0 EtaExpansion=0 HashKeySlotAdapter=0 NativeTagEqualityCallback=0 Entrypoint=0
identity: pass `tensor_specialize_specialize_fused` left function `main` with two nodes sharing node id 0
identity: pass `hash_key_callbacks` left function `main` with a binder that breaks the identity contract: binder `point` is authored but has no id
origin: after `hash_key_callbacks`: 2 functions, 0 disagree; SourceFunction=2 ImplMethod=0 PureVariant=0 MonoInstance=0 Synthesized=0 ConsumingClone=0 HoistedLambda=0 HoistedTask=0 EtaExpansion=0 HashKeySlotAdapter=0 NativeTagEqualityCallback=0 Entrypoint=0
identity: pass `hash_key_callbacks` left function `main` with two nodes sharing node id 0
identity: pass `resolve_backend_match_fused` left function `main` with a binder that breaks the identity contract: binder `point` is authored but has no id
origin: after `resolve_backend_match_fused`: 2 functions, 0 disagree; SourceFunction=2 ImplMethod=0 PureVariant=0 MonoInstance=0 Synthesized=0 ConsumingClone=0 HoistedLambda=0 HoistedTask=0 EtaExpansion=0 HashKeySlotAdapter=0 NativeTagEqualityCallback=0 Entrypoint=0
identity: pass `resolve_backend_match_fused` left function `main` with two nodes sharing node id 0
identity: pass `dce` left function `main` with a binder that breaks the identity contract: binder `point` is authored but has no id
origin: after `dce`: 2 functions, 0 disagree; SourceFunction=2 ImplMethod=0 PureVariant=0 MonoInstance=0 Synthesized=0 ConsumingClone=0 HoistedLambda=0 HoistedTask=0 EtaExpansion=0 HashKeySlotAdapter=0 NativeTagEqualityCallback=0 Entrypoint=0
identity: pass `dce` left function `main` with two nodes sharing node id 0
identity: pass `consume_specialize` left function `main` with a binder that breaks the identity contract: binder `point` is authored but has no id
origin: after `consume_specialize`: 2 functions, 0 disagree; SourceFunction=2 ImplMethod=0 PureVariant=0 MonoInstance=0 Synthesized=0 ConsumingClone=0 HoistedLambda=0 HoistedTask=0 EtaExpansion=0 HashKeySlotAdapter=0 NativeTagEqualityCallback=0 Entrypoint=0
identity: pass `consume_specialize` left function `main` with two nodes sharing node id 0
identity: pass `static_string_literals` left function `main` with a binder that breaks the identity contract: binder `point` is authored but has no id
origin: after `static_string_literals`: 2 functions, 0 disagree; SourceFunction=2 ImplMethod=0 PureVariant=0 MonoInstance=0 Synthesized=0 ConsumingClone=0 HoistedLambda=0 HoistedTask=0 EtaExpansion=0 HashKeySlotAdapter=0 NativeTagEqualityCallback=0 Entrypoint=0
identity: pass `static_string_literals` left function `main` with two nodes sharing node id 0
identity: pass `record_update_ownership` left function `main` with a binder that breaks the identity contract: binder `point` is authored but has no id
origin: after `record_update_ownership`: 2 functions, 0 disagree; SourceFunction=2 ImplMethod=0 PureVariant=0 MonoInstance=0 Synthesized=0 ConsumingClone=0 HoistedLambda=0 HoistedTask=0 EtaExpansion=0 HashKeySlotAdapter=0 NativeTagEqualityCallback=0 Entrypoint=0
identity: pass `record_update_ownership` left function `main` with two nodes sharing node id 0
identity: pass `record_literal_order` left function `main` with a binder that breaks the identity contract: binder `point` is authored but has no id
origin: after `record_literal_order`: 2 functions, 0 disagree; SourceFunction=2 ImplMethod=0 PureVariant=0 MonoInstance=0 Synthesized=0 ConsumingClone=0 HoistedLambda=0 HoistedTask=0 EtaExpansion=0 HashKeySlotAdapter=0 NativeTagEqualityCallback=0 Entrypoint=0
identity: pass `record_literal_order` left function `main` with two nodes sharing node id 0
identity: pass `dict_literal_ownership` left function `main` with a binder that breaks the identity contract: binder `point` is authored but has no id
origin: after `dict_literal_ownership`: 2 functions, 0 disagree; SourceFunction=2 ImplMethod=0 PureVariant=0 MonoInstance=0 Synthesized=0 ConsumingClone=0 HoistedLambda=0 HoistedTask=0 EtaExpansion=0 HashKeySlotAdapter=0 NativeTagEqualityCallback=0 Entrypoint=0
identity: pass `dict_literal_ownership` left function `main` with two nodes sharing node id 0
identity: pass `ownership_perceus_fused` left function `main` with a binder that breaks the identity contract: binder `point` is authored but has no id
origin: after `ownership_perceus_fused`: 2 functions, 0 disagree; SourceFunction=2 ImplMethod=0 PureVariant=0 MonoInstance=0 Synthesized=0 ConsumingClone=0 HoistedLambda=0 HoistedTask=0 EtaExpansion=0 HashKeySlotAdapter=0 NativeTagEqualityCallback=0 Entrypoint=0
identity: pass `ownership_perceus_fused` left function `main` with two nodes sharing node id 0
identity: pass `reuse` left function `main` with a binder that breaks the identity contract: binder `point` is authored but has no id
origin: after `reuse`: 2 functions, 0 disagree; SourceFunction=2 ImplMethod=0 PureVariant=0 MonoInstance=0 Synthesized=0 ConsumingClone=0 HoistedLambda=0 HoistedTask=0 EtaExpansion=0 HashKeySlotAdapter=0 NativeTagEqualityCallback=0 Entrypoint=0
identity: pass `reuse` left function `main` with two nodes sharing node id 0
identity: pass `closure` left function `main` with a binder that breaks the identity contract: binder `point` is authored but has no id
origin: after `closure`: 2 functions, 0 disagree; SourceFunction=2 ImplMethod=0 PureVariant=0 MonoInstance=0 Synthesized=0 ConsumingClone=0 HoistedLambda=0 HoistedTask=0 EtaExpansion=0 HashKeySlotAdapter=0 NativeTagEqualityCallback=0 Entrypoint=0
identity: pass `closure` left function `main` with two nodes sharing node id 0
identity: pass `resource_management` left function `main` with a binder that breaks the identity contract: binder `point` is authored but has no id
origin: after `resource_management`: 2 functions, 0 disagree; SourceFunction=2 ImplMethod=0 PureVariant=0 MonoInstance=0 Synthesized=0 ConsumingClone=0 HoistedLambda=0 HoistedTask=0 EtaExpansion=0 HashKeySlotAdapter=0 NativeTagEqualityCallback=0 Entrypoint=0
identity: pass `resource_management` left function `main` with two nodes sharing node id 0
identity: pass `fairness` left function `main` with a binder that breaks the identity contract: binder `point` is authored but has no id
origin: after `fairness`: 2 functions, 0 disagree; SourceFunction=2 ImplMethod=0 PureVariant=0 MonoInstance=0 Synthesized=0 ConsumingClone=0 HoistedLambda=0 HoistedTask=0 EtaExpansion=0 HashKeySlotAdapter=0 NativeTagEqualityCallback=0 Entrypoint=0
identity: pass `fairness` left function `main` with two nodes sharing node id 0
identity: pass `prepare` left function `main` with a binder that breaks the identity contract: binder `point` is authored but has no id
origin: after `prepare`: 2 functions, 0 disagree; SourceFunction=2 ImplMethod=0 PureVariant=0 MonoInstance=0 Synthesized=0 ConsumingClone=0 HoistedLambda=0 HoistedTask=0 EtaExpansion=0 HashKeySlotAdapter=0 NativeTagEqualityCallback=0 Entrypoint=0
identity: pass `prepare` left function `main` with two nodes sharing node id 0
identity: pass `prepared_reuse` left function `main` with a binder that breaks the identity contract: binder `point` is authored but has no id
origin: after `prepared_reuse`: 2 functions, 0 disagree; SourceFunction=2 ImplMethod=0 PureVariant=0 MonoInstance=0 Synthesized=0 ConsumingClone=0 HoistedLambda=0 HoistedTask=0 EtaExpansion=0 HashKeySlotAdapter=0 NativeTagEqualityCallback=0 Entrypoint=0
identity: pass `prepared_reuse` left function `main` with two nodes sharing node id 0
identity: pass `adapt_function_refs` left function `main` with a binder that breaks the identity contract: binder `point` is authored but has no id
origin: after `adapt_function_refs`: 2 functions, 0 disagree; SourceFunction=2 ImplMethod=0 PureVariant=0 MonoInstance=0 Synthesized=0 ConsumingClone=0 HoistedLambda=0 HoistedTask=0 EtaExpansion=0 HashKeySlotAdapter=0 NativeTagEqualityCallback=0 Entrypoint=0
identity: pass `adapt_function_refs` left function `main` with two nodes sharing node id 0
identity: pass `tensor_specialize_specialize_fused` left function `main` with a binder that breaks the identity contract: binder `point` is authored but has no id
origin: after `tensor_specialize_specialize_fused`: 2 functions, 0 disagree; SourceFunction=2 ImplMethod=0 PureVariant=0 MonoInstance=0 Synthesized=0 ConsumingClone=0 HoistedLambda=0 HoistedTask=0 EtaExpansion=0 HashKeySlotAdapter=0 NativeTagEqualityCallback=0 Entrypoint=0
identity: pass `tensor_specialize_specialize_fused` left function `main` with two nodes sharing node id 0
identity: pass `hash_key_callbacks` left function `main` with a binder that breaks the identity contract: binder `point` is authored but has no id
origin: after `hash_key_callbacks`: 2 functions, 0 disagree; SourceFunction=2 ImplMethod=0 PureVariant=0 MonoInstance=0 Synthesized=0 ConsumingClone=0 HoistedLambda=0 HoistedTask=0 EtaExpansion=0 HashKeySlotAdapter=0 NativeTagEqualityCallback=0 Entrypoint=0
identity: pass `hash_key_callbacks` left function `main` with two nodes sharing node id 0
identity: pass `resolve_backend_match_fused` left function `main` with a binder that breaks the identity contract: binder `point` is authored but has no id
origin: after `resolve_backend_match_fused`: 2 functions, 0 disagree; SourceFunction=2 ImplMethod=0 PureVariant=0 MonoInstance=0 Synthesized=0 ConsumingClone=0 HoistedLambda=0 HoistedTask=0 EtaExpansion=0 HashKeySlotAdapter=0 NativeTagEqualityCallback=0 Entrypoint=0
identity: pass `resolve_backend_match_fused` left function `main` with two nodes sharing node id 0
identity: pass `dce` left function `main` with a binder that breaks the identity contract: binder `point` is authored but has no id
origin: after `dce`: 2 functions, 0 disagree; SourceFunction=2 ImplMethod=0 PureVariant=0 MonoInstance=0 Synthesized=0 ConsumingClone=0 HoistedLambda=0 HoistedTask=0 EtaExpansion=0 HashKeySlotAdapter=0 NativeTagEqualityCallback=0 Entrypoint=0
identity: pass `dce` left function `main` with two nodes sharing node id 0
identity: pass `adapt_function_refs` left function `main` with a binder that breaks the identity contract: binder `point` is authored but has no id
origin: after `adapt_function_refs`: 2 functions, 0 disagree; SourceFunction=2 ImplMethod=0 PureVariant=0 MonoInstance=0 Synthesized=0 ConsumingClone=0 HoistedLambda=0 HoistedTask=0 EtaExpansion=0 HashKeySlotAdapter=0 NativeTagEqualityCallback=0 Entrypoint=0
identity: pass `adapt_function_refs` left function `main` with two nodes sharing node id 0
identity: pass `tensor_specialize` left function `main` with a binder that breaks the identity contract: binder `point` is authored but has no id
origin: after `tensor_specialize`: 2 functions, 0 disagree; SourceFunction=2 ImplMethod=0 PureVariant=0 MonoInstance=0 Synthesized=0 ConsumingClone=0 HoistedLambda=0 HoistedTask=0 EtaExpansion=0 HashKeySlotAdapter=0 NativeTagEqualityCallback=0 Entrypoint=0
identity: pass `tensor_specialize` left function `main` with two nodes sharing node id 0
identity: pass `specialize` left function `main` with a binder that breaks the identity contract: binder `point` is authored but has no id
origin: after `specialize`: 2 functions, 0 disagree; SourceFunction=2 ImplMethod=0 PureVariant=0 MonoInstance=0 Synthesized=0 ConsumingClone=0 HoistedLambda=0 HoistedTask=0 EtaExpansion=0 HashKeySlotAdapter=0 NativeTagEqualityCallback=0 Entrypoint=0
identity: pass `specialize` left function `main` with two nodes sharing node id 0
identity: pass `hash_key_callbacks` left function `main` with a binder that breaks the identity contract: binder `point` is authored but has no id
origin: after `hash_key_callbacks`: 2 functions, 0 disagree; SourceFunction=2 ImplMethod=0 PureVariant=0 MonoInstance=0 Synthesized=0 ConsumingClone=0 HoistedLambda=0 HoistedTask=0 EtaExpansion=0 HashKeySlotAdapter=0 NativeTagEqualityCallback=0 Entrypoint=0
identity: pass `hash_key_callbacks` left function `main` with two nodes sharing node id 0
identity: pass `resolve_callables` left function `main` with a binder that breaks the identity contract: binder `point` is authored but has no id
origin: after `resolve_callables`: 2 functions, 0 disagree; SourceFunction=2 ImplMethod=0 PureVariant=0 MonoInstance=0 Synthesized=0 ConsumingClone=0 HoistedLambda=0 HoistedTask=0 EtaExpansion=0 HashKeySlotAdapter=0 NativeTagEqualityCallback=0 Entrypoint=0
identity: pass `resolve_callables` left function `main` with two nodes sharing node id 0
identity: pass `backend_projection` left function `main` with a binder that breaks the identity contract: binder `point` is authored but has no id
origin: after `backend_projection`: 2 functions, 0 disagree; SourceFunction=2 ImplMethod=0 PureVariant=0 MonoInstance=0 Synthesized=0 ConsumingClone=0 HoistedLambda=0 HoistedTask=0 EtaExpansion=0 HashKeySlotAdapter=0 NativeTagEqualityCallback=0 Entrypoint=0
identity: pass `backend_projection` left function `main` with two nodes sharing node id 0
identity: pass `match_projection` left function `main` with a binder that breaks the identity contract: binder `point` is authored but has no id
origin: after `match_projection`: 2 functions, 0 disagree; SourceFunction=2 ImplMethod=0 PureVariant=0 MonoInstance=0 Synthesized=0 ConsumingClone=0 HoistedLambda=0 HoistedTask=0 EtaExpansion=0 HashKeySlotAdapter=0 NativeTagEqualityCallback=0 Entrypoint=0
identity: pass `match_projection` left function `main` with two nodes sharing node id 0
identity: pass `dce` left function `main` with a binder that breaks the identity contract: binder `point` is authored but has no id
origin: after `dce`: 2 functions, 0 disagree; SourceFunction=2 ImplMethod=0 PureVariant=0 MonoInstance=0 Synthesized=0 ConsumingClone=0 HoistedLambda=0 HoistedTask=0 EtaExpansion=0 HashKeySlotAdapter=0 NativeTagEqualityCallback=0 Entrypoint=0
identity: pass `dce` left function `main` with two nodes sharing node id 0
identity: pass `consume_specialize` left function `main` with a binder that breaks the identity contract: binder `point` is authored but has no id
origin: after `consume_specialize`: 2 functions, 0 disagree; SourceFunction=2 ImplMethod=0 PureVariant=0 MonoInstance=0 Synthesized=0 ConsumingClone=0 HoistedLambda=0 HoistedTask=0 EtaExpansion=0 HashKeySlotAdapter=0 NativeTagEqualityCallback=0 Entrypoint=0
identity: pass `consume_specialize` left function `main` with two nodes sharing node id 0
identity: pass `static_string_literals` left function `main` with a binder that breaks the identity contract: binder `point` is authored but has no id
origin: after `static_string_literals`: 2 functions, 0 disagree; SourceFunction=2 ImplMethod=0 PureVariant=0 MonoInstance=0 Synthesized=0 ConsumingClone=0 HoistedLambda=0 HoistedTask=0 EtaExpansion=0 HashKeySlotAdapter=0 NativeTagEqualityCallback=0 Entrypoint=0
identity: pass `static_string_literals` left function `main` with two nodes sharing node id 0
identity: pass `record_update_ownership` left function `main` with a binder that breaks the identity contract: binder `point` is authored but has no id
origin: after `record_update_ownership`: 2 functions, 0 disagree; SourceFunction=2 ImplMethod=0 PureVariant=0 MonoInstance=0 Synthesized=0 ConsumingClone=0 HoistedLambda=0 HoistedTask=0 EtaExpansion=0 HashKeySlotAdapter=0 NativeTagEqualityCallback=0 Entrypoint=0
identity: pass `record_update_ownership` left function `main` with two nodes sharing node id 0
identity: pass `record_literal_order` left function `main` with a binder that breaks the identity contract: binder `point` is authored but has no id
origin: after `record_literal_order`: 2 functions, 0 disagree; SourceFunction=2 ImplMethod=0 PureVariant=0 MonoInstance=0 Synthesized=0 ConsumingClone=0 HoistedLambda=0 HoistedTask=0 EtaExpansion=0 HashKeySlotAdapter=0 NativeTagEqualityCallback=0 Entrypoint=0
identity: pass `record_literal_order` left function `main` with two nodes sharing node id 0
identity: pass `dict_literal_ownership` left function `main` with a binder that breaks the identity contract: binder `point` is authored but has no id
origin: after `dict_literal_ownership`: 2 functions, 0 disagree; SourceFunction=2 ImplMethod=0 PureVariant=0 MonoInstance=0 Synthesized=0 ConsumingClone=0 HoistedLambda=0 HoistedTask=0 EtaExpansion=0 HashKeySlotAdapter=0 NativeTagEqualityCallback=0 Entrypoint=0
identity: pass `dict_literal_ownership` left function `main` with two nodes sharing node id 0
identity: pass `ownership_contracts` left function `main` with a binder that breaks the identity contract: binder `point` is authored but has no id
origin: after `ownership_contracts`: 2 functions, 0 disagree; SourceFunction=2 ImplMethod=0 PureVariant=0 MonoInstance=0 Synthesized=0 ConsumingClone=0 HoistedLambda=0 HoistedTask=0 EtaExpansion=0 HashKeySlotAdapter=0 NativeTagEqualityCallback=0 Entrypoint=0
identity: pass `ownership_contracts` left function `main` with two nodes sharing node id 0
identity: pass `perceus` left function `main` with a binder that breaks the identity contract: binder `point` is authored but has no id
origin: after `perceus`: 2 functions, 0 disagree; SourceFunction=2 ImplMethod=0 PureVariant=0 MonoInstance=0 Synthesized=0 ConsumingClone=0 HoistedLambda=0 HoistedTask=0 EtaExpansion=0 HashKeySlotAdapter=0 NativeTagEqualityCallback=0 Entrypoint=0
identity: pass `perceus` left function `main` with two nodes sharing node id 0
origin: after `adapt_function_refs`: 1 functions, 0 disagree; SourceFunction=1 ImplMethod=0 PureVariant=0 MonoInstance=0 Synthesized=0 ConsumingClone=0 HoistedLambda=0 HoistedTask=0 EtaExpansion=0 HashKeySlotAdapter=0 NativeTagEqualityCallback=0 Entrypoint=0
identity: pass `adapt_function_refs` left function `main` with two nodes sharing node id 0
origin: after `tensor_specialize_specialize_fused`: 1 functions, 0 disagree; SourceFunction=1 ImplMethod=0 PureVariant=0 MonoInstance=0 Synthesized=0 ConsumingClone=0 HoistedLambda=0 HoistedTask=0 EtaExpansion=0 HashKeySlotAdapter=0 NativeTagEqualityCallback=0 Entrypoint=0
identity: pass `tensor_specialize_specialize_fused` left function `main` with two nodes sharing node id 0
origin: after `hash_key_callbacks`: 1 functions, 0 disagree; SourceFunction=1 ImplMethod=0 PureVariant=0 MonoInstance=0 Synthesized=0 ConsumingClone=0 HoistedLambda=0 HoistedTask=0 EtaExpansion=0 HashKeySlotAdapter=0 NativeTagEqualityCallback=0 Entrypoint=0
identity: pass `hash_key_callbacks` left function `main` with two nodes sharing node id 0
origin: after `resolve_backend_match_fused`: 1 functions, 0 disagree; SourceFunction=1 ImplMethod=0 PureVariant=0 MonoInstance=0 Synthesized=0 ConsumingClone=0 HoistedLambda=0 HoistedTask=0 EtaExpansion=0 HashKeySlotAdapter=0 NativeTagEqualityCallback=0 Entrypoint=0
identity: pass `resolve_backend_match_fused` left function `main` with two nodes sharing node id 0
origin: after `dce`: 1 functions, 0 disagree; SourceFunction=1 ImplMethod=0 PureVariant=0 MonoInstance=0 Synthesized=0 ConsumingClone=0 HoistedLambda=0 HoistedTask=0 EtaExpansion=0 HashKeySlotAdapter=0 NativeTagEqualityCallback=0 Entrypoint=0
identity: pass `dce` left function `main` with two nodes sharing node id 0
origin: after `consume_specialize`: 1 functions, 0 disagree; SourceFunction=1 ImplMethod=0 PureVariant=0 MonoInstance=0 Synthesized=0 ConsumingClone=0 HoistedLambda=0 HoistedTask=0 EtaExpansion=0 HashKeySlotAdapter=0 NativeTagEqualityCallback=0 Entrypoint=0
identity: pass `consume_specialize` left function `main` with two nodes sharing node id 0
origin: after `static_string_literals`: 1 functions, 0 disagree; SourceFunction=1 ImplMethod=0 PureVariant=0 MonoInstance=0 Synthesized=0 ConsumingClone=0 HoistedLambda=0 HoistedTask=0 EtaExpansion=0 HashKeySlotAdapter=0 NativeTagEqualityCallback=0 Entrypoint=0
identity: pass `static_string_literals` left function `main` with two nodes sharing node id 0
origin: after `record_update_ownership`: 1 functions, 0 disagree; SourceFunction=1 ImplMethod=0 PureVariant=0 MonoInstance=0 Synthesized=0 ConsumingClone=0 HoistedLambda=0 HoistedTask=0 EtaExpansion=0 HashKeySlotAdapter=0 NativeTagEqualityCallback=0 Entrypoint=0
identity: pass `record_update_ownership` left function `main` with two nodes sharing node id 0
origin: after `record_literal_order`: 1 functions, 0 disagree; SourceFunction=1 ImplMethod=0 PureVariant=0 MonoInstance=0 Synthesized=0 ConsumingClone=0 HoistedLambda=0 HoistedTask=0 EtaExpansion=0 HashKeySlotAdapter=0 NativeTagEqualityCallback=0 Entrypoint=0
identity: pass `record_literal_order` left function `main` with two nodes sharing node id 0
origin: after `dict_literal_ownership`: 1 functions, 0 disagree; SourceFunction=1 ImplMethod=0 PureVariant=0 MonoInstance=0 Synthesized=0 ConsumingClone=0 HoistedLambda=0 HoistedTask=0 EtaExpansion=0 HashKeySlotAdapter=0 NativeTagEqualityCallback=0 Entrypoint=0
identity: pass `dict_literal_ownership` left function `main` with two nodes sharing node id 0
origin: after `ownership_perceus_fused`: 1 functions, 0 disagree; SourceFunction=1 ImplMethod=0 PureVariant=0 MonoInstance=0 Synthesized=0 ConsumingClone=0 HoistedLambda=0 HoistedTask=0 EtaExpansion=0 HashKeySlotAdapter=0 NativeTagEqualityCallback=0 Entrypoint=0
identity: pass `ownership_perceus_fused` left function `main` with two nodes sharing node id 0
origin: after `reuse`: 1 functions, 0 disagree; SourceFunction=1 ImplMethod=0 PureVariant=0 MonoInstance=0 Synthesized=0 ConsumingClone=0 HoistedLambda=0 HoistedTask=0 EtaExpansion=0 HashKeySlotAdapter=0 NativeTagEqualityCallback=0 Entrypoint=0
identity: pass `reuse` left function `main` with two nodes sharing node id 0
origin: after `closure`: 1 functions, 0 disagree; SourceFunction=1 ImplMethod=0 PureVariant=0 MonoInstance=0 Synthesized=0 ConsumingClone=0 HoistedLambda=0 HoistedTask=0 EtaExpansion=0 HashKeySlotAdapter=0 NativeTagEqualityCallback=0 Entrypoint=0
identity: pass `closure` left function `main` with two nodes sharing node id 0
origin: after `resource_management`: 1 functions, 0 disagree; SourceFunction=1 ImplMethod=0 PureVariant=0 MonoInstance=0 Synthesized=0 ConsumingClone=0 HoistedLambda=0 HoistedTask=0 EtaExpansion=0 HashKeySlotAdapter=0 NativeTagEqualityCallback=0 Entrypoint=0
identity: pass `resource_management` left function `main` with two nodes sharing node id 0
origin: after `fairness`: 1 functions, 0 disagree; SourceFunction=1 ImplMethod=0 PureVariant=0 MonoInstance=0 Synthesized=0 ConsumingClone=0 HoistedLambda=0 HoistedTask=0 EtaExpansion=0 HashKeySlotAdapter=0 NativeTagEqualityCallback=0 Entrypoint=0
identity: pass `fairness` left function `main` with two nodes sharing node id 0
origin: after `prepare`: 1 functions, 0 disagree; SourceFunction=1 ImplMethod=0 PureVariant=0 MonoInstance=0 Synthesized=0 ConsumingClone=0 HoistedLambda=0 HoistedTask=0 EtaExpansion=0 HashKeySlotAdapter=0 NativeTagEqualityCallback=0 Entrypoint=0
identity: pass `prepare` left function `main` with two nodes sharing node id 0
BLORP_TEST_ARTIFACT_RESULT passed=435 failed=0 tests=435
BLORP_TEST_ARTIFACT_RESULT passed=437 failed=0 tests=437
BLORP_TEST_ARTIFACT_RESULT passed=443 failed=0 tests=443
BLORP_TEST_ARTIFACT_RESULT passed=447 failed=0 tests=447
BLORP_TEST_ARTIFACT_RESULT passed=448 failed=0 tests=448
BLORP_TEST_ARTIFACT_RESULT passed=457 failed=0 tests=457
BLORP_TEST_ARTIFACT_RESULT passed=464 failed=0 tests=464
BLORP_TEST_ARTIFACT_RESULT passed=471 failed=0 tests=471
BLORP_TEST_ARTIFACT_RESULT passed=481 failed=0 tests=481
BLORP_TEST_ARTIFACT_RESULT passed=485 failed=0 tests=485
BLORP_TEST_ARTIFACT_RESULT passed=494 failed=0 tests=494
BLORP_TEST_ARTIFACT_RESULT passed=499 failed=0 tests=499
BLORP_TEST_ARTIFACT_RESULT passed=501 failed=0 tests=501
BLORP_TEST_ARTIFACT_RESULT passed=540 failed=0 tests=540
BLORP_TEST_ARTIFACT_RESULT passed=573 failed=0 tests=573
BLORP_TEST_ARTIFACT_RESULT passed=598 failed=0 tests=598
BLORP_TEST_ARTIFACT_RESULT passed=602 failed=0 tests=602
BLORP_TEST_ARTIFACT_RESULT passed=605 failed=0 tests=605
BLORP_TEST_ARTIFACT_RESULT passed=652 failed=0 tests=652
BLORP_TEST_ARTIFACT_RESULT passed=659 failed=0 tests=659
BLORP_TEST_ARTIFACT_RESULT passed=677 failed=0 tests=677
BLORP_TEST_ARTIFACT_RESULT passed=685 failed=0 tests=685
BLORP_TEST_ARTIFACT_RESULT passed=702 failed=0 tests=702
BLORP_TEST_ARTIFACT_RESULT passed=705 failed=0 tests=705
BLORP_TEST_ARTIFACT_RESULT passed=709 failed=0 tests=709
BLORP_TEST_ARTIFACT_RESULT passed=710 failed=0 tests=710
BLORP_TEST_ARTIFACT_RESULT passed=712 failed=0 tests=712
BLORP_TEST_ARTIFACT_RESULT passed=713 failed=0 tests=713
BLORP_TEST_ARTIFACT_RESULT passed=715 failed=0 tests=715
BLORP_TEST_ARTIFACT_RESULT passed=717 failed=0 tests=717
BLORP_TEST_ARTIFACT_RESULT passed=720 failed=0 tests=720
BLORP_TEST_ARTIFACT_RESULT passed=723 failed=0 tests=723
BLORP_TEST_ARTIFACT_RESULT passed=759 failed=0 tests=759
BLORP_TEST_ARTIFACT_RESULT passed=802 failed=0 tests=802
BLORP_TEST_ARTIFACT_RESULT passed=844 failed=0 tests=844
BLORP_TEST_ARTIFACT_RESULT passed=850 failed=0 tests=850
BLORP_TEST_ARTIFACT_RESULT passed=868 failed=0 tests=868
BLORP_TEST_ARTIFACT_RESULT passed=892 failed=0 tests=892
identity: pass `lower` left function `identity` with a binder that breaks the identity contract: binder `value` is authored but has no id
origin: after `lower`: 2 functions, 0 disagree; SourceFunction=2 ImplMethod=0 PureVariant=0 MonoInstance=0 Synthesized=0 ConsumingClone=0 HoistedLambda=0 HoistedTask=0 EtaExpansion=0 HashKeySlotAdapter=0 NativeTagEqualityCallback=0 Entrypoint=0
identity: pass `lower` left function `main` with two nodes sharing node id 0
identity: pass `debug` left function `identity` with a binder that breaks the identity contract: binder `value` is authored but has no id
origin: after `debug`: 2 functions, 0 disagree; SourceFunction=2 ImplMethod=0 PureVariant=0 MonoInstance=0 Synthesized=0 ConsumingClone=0 HoistedLambda=0 HoistedTask=0 EtaExpansion=0 HashKeySlotAdapter=0 NativeTagEqualityCallback=0 Entrypoint=0
identity: pass `debug` left function `main` with two nodes sharing node id 0
identity: pass `prune_early` left function `identity` with a binder that breaks the identity contract: binder `value` is authored but has no id
origin: after `prune_early`: 2 functions, 0 disagree; SourceFunction=2 ImplMethod=0 PureVariant=0 MonoInstance=0 Synthesized=0 ConsumingClone=0 HoistedLambda=0 HoistedTask=0 EtaExpansion=0 HashKeySlotAdapter=0 NativeTagEqualityCallback=0 Entrypoint=0
identity: pass `prune_early` left function `main` with two nodes sharing node id 0
identity: pass `desugar` left function `identity` with a binder that breaks the identity contract: binder `value` is authored but has no id
origin: after `desugar`: 2 functions, 0 disagree; SourceFunction=2 ImplMethod=0 PureVariant=0 MonoInstance=0 Synthesized=0 ConsumingClone=0 HoistedLambda=0 HoistedTask=0 EtaExpansion=0 HashKeySlotAdapter=0 NativeTagEqualityCallback=0 Entrypoint=0
identity: pass `desugar` left function `main` with two nodes sharing node id 0
identity: pass `mono` left function `identity` with a binder that breaks the identity contract: binder `value` is authored but has no id
identity: pass `mono` left function `identity__mono_Int` with a binder that breaks the identity contract: binder `value` is authored but has no id
origin: after `mono`: 3 functions, 0 disagree; SourceFunction=2 ImplMethod=0 PureVariant=0 MonoInstance=1 Synthesized=0 ConsumingClone=0 HoistedLambda=0 HoistedTask=0 EtaExpansion=0 HashKeySlotAdapter=0 NativeTagEqualityCallback=0 Entrypoint=0
identity: pass `mono` left function `main` with two nodes sharing node id 0
identity: pass `synth` left function `identity` with a binder that breaks the identity contract: binder `value` is authored but has no id
identity: pass `synth` left function `identity__mono_Int` with a binder that breaks the identity contract: binder `value` is authored but has no id
origin: after `synth`: 3 functions, 0 disagree; SourceFunction=2 ImplMethod=0 PureVariant=0 MonoInstance=1 Synthesized=0 ConsumingClone=0 HoistedLambda=0 HoistedTask=0 EtaExpansion=0 HashKeySlotAdapter=0 NativeTagEqualityCallback=0 Entrypoint=0
identity: pass `synth` left function `main` with two nodes sharing node id 0
identity: pass `match` left function `identity` with a binder that breaks the identity contract: binder `value` is authored but has no id
identity: pass `match` left function `identity__mono_Int` with a binder that breaks the identity contract: binder `value` is authored but has no id
origin: after `match`: 3 functions, 0 disagree; SourceFunction=2 ImplMethod=0 PureVariant=0 MonoInstance=1 Synthesized=0 ConsumingClone=0 HoistedLambda=0 HoistedTask=0 EtaExpansion=0 HashKeySlotAdapter=0 NativeTagEqualityCallback=0 Entrypoint=0
identity: pass `match` left function `main` with two nodes sharing node id 0
identity: pass `trait_resolve` left function `identity` with a binder that breaks the identity contract: binder `value` is authored but has no id
identity: pass `trait_resolve` left function `identity__mono_Int` with a binder that breaks the identity contract: binder `value` is authored but has no id
origin: after `trait_resolve`: 3 functions, 0 disagree; SourceFunction=2 ImplMethod=0 PureVariant=0 MonoInstance=1 Synthesized=0 ConsumingClone=0 HoistedLambda=0 HoistedTask=0 EtaExpansion=0 HashKeySlotAdapter=0 NativeTagEqualityCallback=0 Entrypoint=0
identity: pass `trait_resolve` left function `main` with two nodes sharing node id 0
identity: pass `prune_after_trait_resolve` left function `identity` with a binder that breaks the identity contract: binder `value` is authored but has no id
identity: pass `prune_after_trait_resolve` left function `identity__mono_Int` with a binder that breaks the identity contract: binder `value` is authored but has no id
origin: after `prune_after_trait_resolve`: 3 functions, 0 disagree; SourceFunction=2 ImplMethod=0 PureVariant=0 MonoInstance=1 Synthesized=0 ConsumingClone=0 HoistedLambda=0 HoistedTask=0 EtaExpansion=0 HashKeySlotAdapter=0 NativeTagEqualityCallback=0 Entrypoint=0
identity: pass `prune_after_trait_resolve` left function `main` with two nodes sharing node id 0
origin: after `lower`: 1 functions, 0 disagree; SourceFunction=1 ImplMethod=0 PureVariant=0 MonoInstance=0 Synthesized=0 ConsumingClone=0 HoistedLambda=0 HoistedTask=0 EtaExpansion=0 HashKeySlotAdapter=0 NativeTagEqualityCallback=0 Entrypoint=0
identity: pass `lower` left function `main` with two nodes sharing node id 0
origin: after `debug`: 1 functions, 0 disagree; SourceFunction=1 ImplMethod=0 PureVariant=0 MonoInstance=0 Synthesized=0 ConsumingClone=0 HoistedLambda=0 HoistedTask=0 EtaExpansion=0 HashKeySlotAdapter=0 NativeTagEqualityCallback=0 Entrypoint=0
identity: pass `debug` left function `main` with two nodes sharing node id 0
origin: after `prune_early`: 1 functions, 0 disagree; SourceFunction=1 ImplMethod=0 PureVariant=0 MonoInstance=0 Synthesized=0 ConsumingClone=0 HoistedLambda=0 HoistedTask=0 EtaExpansion=0 HashKeySlotAdapter=0 NativeTagEqualityCallback=0 Entrypoint=0
identity: pass `prune_early` left function `main` with two nodes sharing node id 0
origin: after `desugar`: 1 functions, 0 disagree; SourceFunction=1 ImplMethod=0 PureVariant=0 MonoInstance=0 Synthesized=0 ConsumingClone=0 HoistedLambda=0 HoistedTask=0 EtaExpansion=0 HashKeySlotAdapter=0 NativeTagEqualityCallback=0 Entrypoint=0
identity: pass `desugar` left function `main` with two nodes sharing node id 0
origin: after `lower`: 2 functions, 0 disagree; SourceFunction=2 ImplMethod=0 PureVariant=0 MonoInstance=0 Synthesized=0 ConsumingClone=0 HoistedLambda=0 HoistedTask=0 EtaExpansion=0 HashKeySlotAdapter=0 NativeTagEqualityCallback=0 Entrypoint=0
identity: pass `lower` left function `main` with two nodes sharing node id 0
origin: after `debug`: 2 functions, 0 disagree; SourceFunction=2 ImplMethod=0 PureVariant=0 MonoInstance=0 Synthesized=0 ConsumingClone=0 HoistedLambda=0 HoistedTask=0 EtaExpansion=0 HashKeySlotAdapter=0 NativeTagEqualityCallback=0 Entrypoint=0
identity: pass `debug` left function `main` with two nodes sharing node id 0
origin: after `prune_early`: 2 functions, 0 disagree; SourceFunction=2 ImplMethod=0 PureVariant=0 MonoInstance=0 Synthesized=0 ConsumingClone=0 HoistedLambda=0 HoistedTask=0 EtaExpansion=0 HashKeySlotAdapter=0 NativeTagEqualityCallback=0 Entrypoint=0
identity: pass `prune_early` left function `main` with two nodes sharing node id 0
origin: after `desugar`: 2 functions, 0 disagree; SourceFunction=2 ImplMethod=0 PureVariant=0 MonoInstance=0 Synthesized=0 ConsumingClone=0 HoistedLambda=0 HoistedTask=0 EtaExpansion=0 HashKeySlotAdapter=0 NativeTagEqualityCallback=0 Entrypoint=0
identity: pass `desugar` left function `main` with two nodes sharing node id 0
origin: after `lower`: 1 functions, 0 disagree; SourceFunction=1 ImplMethod=0 PureVariant=0 MonoInstance=0 Synthesized=0 ConsumingClone=0 HoistedLambda=0 HoistedTask=0 EtaExpansion=0 HashKeySlotAdapter=0 NativeTagEqualityCallback=0 Entrypoint=0
identity: pass `lower` left function `main` with two nodes sharing node id 0
origin: after `debug`: 1 functions, 0 disagree; SourceFunction=1 ImplMethod=0 PureVariant=0 MonoInstance=0 Synthesized=0 ConsumingClone=0 HoistedLambda=0 HoistedTask=0 EtaExpansion=0 HashKeySlotAdapter=0 NativeTagEqualityCallback=0 Entrypoint=0
identity: pass `debug` left function `main` with two nodes sharing node id 0
origin: after `prune_early`: 1 functions, 0 disagree; SourceFunction=1 ImplMethod=0 PureVariant=0 MonoInstance=0 Synthesized=0 ConsumingClone=0 HoistedLambda=0 HoistedTask=0 EtaExpansion=0 HashKeySlotAdapter=0 NativeTagEqualityCallback=0 Entrypoint=0
identity: pass `prune_early` left function `main` with two nodes sharing node id 0
origin: after `desugar`: 1 functions, 0 disagree; SourceFunction=1 ImplMethod=0 PureVariant=0 MonoInstance=0 Synthesized=0 ConsumingClone=0 HoistedLambda=0 HoistedTask=0 EtaExpansion=0 HashKeySlotAdapter=0 NativeTagEqualityCallback=0 Entrypoint=0
identity: pass `desugar` left function `main` with two nodes sharing node id 0
origin: after `lower`: 1 functions, 0 disagree; SourceFunction=1 ImplMethod=0 PureVariant=0 MonoInstance=0 Synthesized=0 ConsumingClone=0 HoistedLambda=0 HoistedTask=0 EtaExpansion=0 HashKeySlotAdapter=0 NativeTagEqualityCallback=0 Entrypoint=0
origin: after `debug`: 1 functions, 0 disagree; SourceFunction=1 ImplMethod=0 PureVariant=0 MonoInstance=0 Synthesized=0 ConsumingClone=0 HoistedLambda=0 HoistedTask=0 EtaExpansion=0 HashKeySlotAdapter=0 NativeTagEqualityCallback=0 Entrypoint=0
origin: after `prune_early`: 1 functions, 0 disagree; SourceFunction=1 ImplMethod=0 PureVariant=0 MonoInstance=0 Synthesized=0 ConsumingClone=0 HoistedLambda=0 HoistedTask=0 EtaExpansion=0 HashKeySlotAdapter=0 NativeTagEqualityCallback=0 Entrypoint=0
origin: after `desugar`: 1 functions, 0 disagree; SourceFunction=1 ImplMethod=0 PureVariant=0 MonoInstance=0 Synthesized=0 ConsumingClone=0 HoistedLambda=0 HoistedTask=0 EtaExpansion=0 HashKeySlotAdapter=0 NativeTagEqualityCallback=0 Entrypoint=0
origin: after `mono`: 1 functions, 0 disagree; SourceFunction=1 ImplMethod=0 PureVariant=0 MonoInstance=0 Synthesized=0 ConsumingClone=0 HoistedLambda=0 HoistedTask=0 EtaExpansion=0 HashKeySlotAdapter=0 NativeTagEqualityCallback=0 Entrypoint=0
origin: after `lower`: 1 functions, 1 disagree; SourceFunction=1 ImplMethod=0 PureVariant=0 MonoInstance=0 Synthesized=0 ConsumingClone=0 HoistedLambda=0 HoistedTask=0 EtaExpansion=0 HashKeySlotAdapter=0 NativeTagEqualityCallback=0 Entrypoint=0
origin: pass `lower` left function `bytes__length` (def 20) has source module `bytes` but module origin NoSourceModule
origin: after `debug`: 1 functions, 1 disagree; SourceFunction=1 ImplMethod=0 PureVariant=0 MonoInstance=0 Synthesized=0 ConsumingClone=0 HoistedLambda=0 HoistedTask=0 EtaExpansion=0 HashKeySlotAdapter=0 NativeTagEqualityCallback=0 Entrypoint=0
origin: pass `debug` left function `bytes__length` (def 20) has source module `bytes` but module origin NoSourceModule
origin: after `prune_early`: 1 functions, 1 disagree; SourceFunction=1 ImplMethod=0 PureVariant=0 MonoInstance=0 Synthesized=0 ConsumingClone=0 HoistedLambda=0 HoistedTask=0 EtaExpansion=0 HashKeySlotAdapter=0 NativeTagEqualityCallback=0 Entrypoint=0
origin: pass `prune_early` left function `bytes__length` (def 20) has source module `bytes` but module origin NoSourceModule
origin: after `desugar`: 1 functions, 1 disagree; SourceFunction=1 ImplMethod=0 PureVariant=0 MonoInstance=0 Synthesized=0 ConsumingClone=0 HoistedLambda=0 HoistedTask=0 EtaExpansion=0 HashKeySlotAdapter=0 NativeTagEqualityCallback=0 Entrypoint=0
origin: pass `desugar` left function `bytes__length` (def 20) has source module `bytes` but module origin NoSourceModule
origin: after `mono`: 1 functions, 1 disagree; SourceFunction=1 ImplMethod=0 PureVariant=0 MonoInstance=0 Synthesized=0 ConsumingClone=0 HoistedLambda=0 HoistedTask=0 EtaExpansion=0 HashKeySlotAdapter=0 NativeTagEqualityCallback=0 Entrypoint=0
origin: pass `mono` left function `bytes__length` (def 20) has source module `bytes` but module origin NoSourceModule
identity: pass `synth` left function `bytes__length` with a binder that breaks the identity contract: binder `value` is authored but has no id
origin: after `synth`: 1 functions, 1 disagree; SourceFunction=0 ImplMethod=0 PureVariant=0 MonoInstance=0 Synthesized=1 ConsumingClone=0 HoistedLambda=0 HoistedTask=0 EtaExpansion=0 HashKeySlotAdapter=0 NativeTagEqualityCallback=0 Entrypoint=0
origin: pass `synth` left function `bytes__length` (def 20) has source module `bytes` but module origin NoSourceModule
identity: pass `synth` left function `bytes__length` with two nodes sharing node id 0
origin: after `lower`: 1 functions, 0 disagree; SourceFunction=1 ImplMethod=0 PureVariant=0 MonoInstance=0 Synthesized=0 ConsumingClone=0 HoistedLambda=0 HoistedTask=0 EtaExpansion=0 HashKeySlotAdapter=0 NativeTagEqualityCallback=0 Entrypoint=0
identity: pass `lower` left function `main` with two nodes sharing node id 0
origin: after `debug`: 1 functions, 0 disagree; SourceFunction=1 ImplMethod=0 PureVariant=0 MonoInstance=0 Synthesized=0 ConsumingClone=0 HoistedLambda=0 HoistedTask=0 EtaExpansion=0 HashKeySlotAdapter=0 NativeTagEqualityCallback=0 Entrypoint=0
identity: pass `debug` left function `main` with two nodes sharing node id 0
origin: after `prune_early`: 1 functions, 0 disagree; SourceFunction=1 ImplMethod=0 PureVariant=0 MonoInstance=0 Synthesized=0 ConsumingClone=0 HoistedLambda=0 HoistedTask=0 EtaExpansion=0 HashKeySlotAdapter=0 NativeTagEqualityCallback=0 Entrypoint=0
identity: pass `prune_early` left function `main` with two nodes sharing node id 0
origin: after `desugar`: 1 functions, 0 disagree; SourceFunction=1 ImplMethod=0 PureVariant=0 MonoInstance=0 Synthesized=0 ConsumingClone=0 HoistedLambda=0 HoistedTask=0 EtaExpansion=0 HashKeySlotAdapter=0 NativeTagEqualityCallback=0 Entrypoint=0
identity: pass `desugar` left function `main` with two nodes sharing node id 0
origin: after `mono`: 1 functions, 0 disagree; SourceFunction=1 ImplMethod=0 PureVariant=0 MonoInstance=0 Synthesized=0 ConsumingClone=0 HoistedLambda=0 HoistedTask=0 EtaExpansion=0 HashKeySlotAdapter=0 NativeTagEqualityCallback=0 Entrypoint=0
identity: pass `mono` left function `main` with two nodes sharing node id 0
origin: after `synth`: 1 functions, 0 disagree; SourceFunction=1 ImplMethod=0 PureVariant=0 MonoInstance=0 Synthesized=0 ConsumingClone=0 HoistedLambda=0 HoistedTask=0 EtaExpansion=0 HashKeySlotAdapter=0 NativeTagEqualityCallback=0 Entrypoint=0
identity: pass `synth` left function `main` with two nodes sharing node id 0
origin: after `match`: 1 functions, 0 disagree; SourceFunction=1 ImplMethod=0 PureVariant=0 MonoInstance=0 Synthesized=0 ConsumingClone=0 HoistedLambda=0 HoistedTask=0 EtaExpansion=0 HashKeySlotAdapter=0 NativeTagEqualityCallback=0 Entrypoint=0
identity: pass `match` left function `main` with two nodes sharing node id 0
origin: after `lower`: 1 functions, 0 disagree; SourceFunction=1 ImplMethod=0 PureVariant=0 MonoInstance=0 Synthesized=0 ConsumingClone=0 HoistedLambda=0 HoistedTask=0 EtaExpansion=0 HashKeySlotAdapter=0 NativeTagEqualityCallback=0 Entrypoint=0
origin: after `debug`: 1 functions, 0 disagree; SourceFunction=1 ImplMethod=0 PureVariant=0 MonoInstance=0 Synthesized=0 ConsumingClone=0 HoistedLambda=0 HoistedTask=0 EtaExpansion=0 HashKeySlotAdapter=0 NativeTagEqualityCallback=0 Entrypoint=0
origin: after `prune_early`: 1 functions, 0 disagree; SourceFunction=1 ImplMethod=0 PureVariant=0 MonoInstance=0 Synthesized=0 ConsumingClone=0 HoistedLambda=0 HoistedTask=0 EtaExpansion=0 HashKeySlotAdapter=0 NativeTagEqualityCallback=0 Entrypoint=0
origin: after `desugar`: 1 functions, 0 disagree; SourceFunction=1 ImplMethod=0 PureVariant=0 MonoInstance=0 Synthesized=0 ConsumingClone=0 HoistedLambda=0 HoistedTask=0 EtaExpansion=0 HashKeySlotAdapter=0 NativeTagEqualityCallback=0 Entrypoint=0
origin: after `mono`: 1 functions, 0 disagree; SourceFunction=1 ImplMethod=0 PureVariant=0 MonoInstance=0 Synthesized=0 ConsumingClone=0 HoistedLambda=0 HoistedTask=0 EtaExpansion=0 HashKeySlotAdapter=0 NativeTagEqualityCallback=0 Entrypoint=0
origin: after `synth`: 1 functions, 0 disagree; SourceFunction=1 ImplMethod=0 PureVariant=0 MonoInstance=0 Synthesized=0 ConsumingClone=0 HoistedLambda=0 HoistedTask=0 EtaExpansion=0 HashKeySlotAdapter=0 NativeTagEqualityCallback=0 Entrypoint=0
origin: after `match`: 1 functions, 0 disagree; SourceFunction=1 ImplMethod=0 PureVariant=0 MonoInstance=0 Synthesized=0 ConsumingClone=0 HoistedLambda=0 HoistedTask=0 EtaExpansion=0 HashKeySlotAdapter=0 NativeTagEqualityCallback=0 Entrypoint=0
origin: after `trait_resolve`: 1 functions, 0 disagree; SourceFunction=1 ImplMethod=0 PureVariant=0 MonoInstance=0 Synthesized=0 ConsumingClone=0 HoistedLambda=0 HoistedTask=0 EtaExpansion=0 HashKeySlotAdapter=0 NativeTagEqualityCallback=0 Entrypoint=0
origin: after `lower`: 1 functions, 0 disagree; SourceFunction=1 ImplMethod=0 PureVariant=0 MonoInstance=0 Synthesized=0 ConsumingClone=0 HoistedLambda=0 HoistedTask=0 EtaExpansion=0 HashKeySlotAdapter=0 NativeTagEqualityCallback=0 Entrypoint=0
origin: after `debug`: 1 functions, 0 disagree; SourceFunction=1 ImplMethod=0 PureVariant=0 MonoInstance=0 Synthesized=0 ConsumingClone=0 HoistedLambda=0 HoistedTask=0 EtaExpansion=0 HashKeySlotAdapter=0 NativeTagEqualityCallback=0 Entrypoint=0
origin: after `prune_early`: 1 functions, 0 disagree; SourceFunction=1 ImplMethod=0 PureVariant=0 MonoInstance=0 Synthesized=0 ConsumingClone=0 HoistedLambda=0 HoistedTask=0 EtaExpansion=0 HashKeySlotAdapter=0 NativeTagEqualityCallback=0 Entrypoint=0
origin: after `desugar`: 1 functions, 0 disagree; SourceFunction=1 ImplMethod=0 PureVariant=0 MonoInstance=0 Synthesized=0 ConsumingClone=0 HoistedLambda=0 HoistedTask=0 EtaExpansion=0 HashKeySlotAdapter=0 NativeTagEqualityCallback=0 Entrypoint=0
origin: after `mono`: 1 functions, 0 disagree; SourceFunction=1 ImplMethod=0 PureVariant=0 MonoInstance=0 Synthesized=0 ConsumingClone=0 HoistedLambda=0 HoistedTask=0 EtaExpansion=0 HashKeySlotAdapter=0 NativeTagEqualityCallback=0 Entrypoint=0
origin: after `synth`: 1 functions, 0 disagree; SourceFunction=1 ImplMethod=0 PureVariant=0 MonoInstance=0 Synthesized=0 ConsumingClone=0 HoistedLambda=0 HoistedTask=0 EtaExpansion=0 HashKeySlotAdapter=0 NativeTagEqualityCallback=0 Entrypoint=0
origin: after `match`: 1 functions, 0 disagree; SourceFunction=1 ImplMethod=0 PureVariant=0 MonoInstance=0 Synthesized=0 ConsumingClone=0 HoistedLambda=0 HoistedTask=0 EtaExpansion=0 HashKeySlotAdapter=0 NativeTagEqualityCallback=0 Entrypoint=0
origin: after `trait_resolve`: 1 functions, 0 disagree; SourceFunction=1 ImplMethod=0 PureVariant=0 MonoInstance=0 Synthesized=0 ConsumingClone=0 HoistedLambda=0 HoistedTask=0 EtaExpansion=0 HashKeySlotAdapter=0 NativeTagEqualityCallback=0 Entrypoint=0
origin: after `prune_after_trait_resolve`: 1 functions, 0 disagree; SourceFunction=1 ImplMethod=0 PureVariant=0 MonoInstance=0 Synthesized=0 ConsumingClone=0 HoistedLambda=0 HoistedTask=0 EtaExpansion=0 HashKeySlotAdapter=0 NativeTagEqualityCallback=0 Entrypoint=0
origin: after `resolve`: 1 functions, 0 disagree; SourceFunction=1 ImplMethod=0 PureVariant=0 MonoInstance=0 Synthesized=0 ConsumingClone=0 HoistedLambda=0 HoistedTask=0 EtaExpansion=0 HashKeySlotAdapter=0 NativeTagEqualityCallback=0 Entrypoint=0
origin: after `lower`: 1 functions, 1 disagree; SourceFunction=1 ImplMethod=0 PureVariant=0 MonoInstance=0 Synthesized=0 ConsumingClone=0 HoistedLambda=0 HoistedTask=0 EtaExpansion=0 HashKeySlotAdapter=0 NativeTagEqualityCallback=0 Entrypoint=0
origin: pass `lower` left function `vector__sum` (def 20) has source module `vector` but module origin NoSourceModule
origin: after `debug`: 1 functions, 1 disagree; SourceFunction=1 ImplMethod=0 PureVariant=0 MonoInstance=0 Synthesized=0 ConsumingClone=0 HoistedLambda=0 HoistedTask=0 EtaExpansion=0 HashKeySlotAdapter=0 NativeTagEqualityCallback=0 Entrypoint=0
origin: pass `debug` left function `vector__sum` (def 20) has source module `vector` but module origin NoSourceModule
origin: after `prune_early`: 1 functions, 1 disagree; SourceFunction=1 ImplMethod=0 PureVariant=0 MonoInstance=0 Synthesized=0 ConsumingClone=0 HoistedLambda=0 HoistedTask=0 EtaExpansion=0 HashKeySlotAdapter=0 NativeTagEqualityCallback=0 Entrypoint=0
origin: pass `prune_early` left function `vector__sum` (def 20) has source module `vector` but module origin NoSourceModule
origin: after `desugar`: 1 functions, 1 disagree; SourceFunction=1 ImplMethod=0 PureVariant=0 MonoInstance=0 Synthesized=0 ConsumingClone=0 HoistedLambda=0 HoistedTask=0 EtaExpansion=0 HashKeySlotAdapter=0 NativeTagEqualityCallback=0 Entrypoint=0
origin: pass `desugar` left function `vector__sum` (def 20) has source module `vector` but module origin NoSourceModule
origin: after `mono`: 1 functions, 1 disagree; SourceFunction=1 ImplMethod=0 PureVariant=0 MonoInstance=0 Synthesized=0 ConsumingClone=0 HoistedLambda=0 HoistedTask=0 EtaExpansion=0 HashKeySlotAdapter=0 NativeTagEqualityCallback=0 Entrypoint=0
origin: pass `mono` left function `vector__sum` (def 20) has source module `vector` but module origin NoSourceModule
origin: after `lower`: 1 functions, 0 disagree; SourceFunction=1 ImplMethod=0 PureVariant=0 MonoInstance=0 Synthesized=0 ConsumingClone=0 HoistedLambda=0 HoistedTask=0 EtaExpansion=0 HashKeySlotAdapter=0 NativeTagEqualityCallback=0 Entrypoint=0
identity: pass `lower` left function `main` with two nodes sharing node id 0
origin: after `debug`: 1 functions, 0 disagree; SourceFunction=1 ImplMethod=0 PureVariant=0 MonoInstance=0 Synthesized=0 ConsumingClone=0 HoistedLambda=0 HoistedTask=0 EtaExpansion=0 HashKeySlotAdapter=0 NativeTagEqualityCallback=0 Entrypoint=0
origin: after `prune_early`: 1 functions, 0 disagree; SourceFunction=1 ImplMethod=0 PureVariant=0 MonoInstance=0 Synthesized=0 ConsumingClone=0 HoistedLambda=0 HoistedTask=0 EtaExpansion=0 HashKeySlotAdapter=0 NativeTagEqualityCallback=0 Entrypoint=0
origin: after `desugar`: 1 functions, 0 disagree; SourceFunction=1 ImplMethod=0 PureVariant=0 MonoInstance=0 Synthesized=0 ConsumingClone=0 HoistedLambda=0 HoistedTask=0 EtaExpansion=0 HashKeySlotAdapter=0 NativeTagEqualityCallback=0 Entrypoint=0
origin: after `mono`: 1 functions, 0 disagree; SourceFunction=1 ImplMethod=0 PureVariant=0 MonoInstance=0 Synthesized=0 ConsumingClone=0 HoistedLambda=0 HoistedTask=0 EtaExpansion=0 HashKeySlotAdapter=0 NativeTagEqualityCallback=0 Entrypoint=0
origin: after `synth`: 1 functions, 0 disagree; SourceFunction=1 ImplMethod=0 PureVariant=0 MonoInstance=0 Synthesized=0 ConsumingClone=0 HoistedLambda=0 HoistedTask=0 EtaExpansion=0 HashKeySlotAdapter=0 NativeTagEqualityCallback=0 Entrypoint=0
origin: after `match`: 1 functions, 0 disagree; SourceFunction=1 ImplMethod=0 PureVariant=0 MonoInstance=0 Synthesized=0 ConsumingClone=0 HoistedLambda=0 HoistedTask=0 EtaExpansion=0 HashKeySlotAdapter=0 NativeTagEqualityCallback=0 Entrypoint=0
origin: after `trait_resolve`: 1 functions, 0 disagree; SourceFunction=1 ImplMethod=0 PureVariant=0 MonoInstance=0 Synthesized=0 ConsumingClone=0 HoistedLambda=0 HoistedTask=0 EtaExpansion=0 HashKeySlotAdapter=0 NativeTagEqualityCallback=0 Entrypoint=0
origin: after `prune_after_trait_resolve`: 1 functions, 0 disagree; SourceFunction=1 ImplMethod=0 PureVariant=0 MonoInstance=0 Synthesized=0 ConsumingClone=0 HoistedLambda=0 HoistedTask=0 EtaExpansion=0 HashKeySlotAdapter=0 NativeTagEqualityCallback=0 Entrypoint=0
identity: pass `lower` left function `string__reverse` with a binder that breaks the identity contract: binder `source` is authored but has no id
identity: pass `lower` left function `HasLength_length_String` with a binder that breaks the identity contract: binder `source` is authored but has no id
origin: after `lower`: 3 functions, 2 disagree; SourceFunction=2 ImplMethod=1 PureVariant=0 MonoInstance=0 Synthesized=0 ConsumingClone=0 HoistedLambda=0 HoistedTask=0 EtaExpansion=0 HashKeySlotAdapter=0 NativeTagEqualityCallback=0 Entrypoint=0
origin: pass `lower` left function `string__reverse` (def 401) has source module `string` but module origin NoSourceModule
origin: pass `lower` left function `HasLength_length_String` (def 402) has source module `string` but module origin NoSourceModule
identity: pass `lower` left function `main` with two nodes sharing node id 0
identity: pass `debug` left function `string__reverse` with a binder that breaks the identity contract: binder `source` is authored but has no id
identity: pass `debug` left function `HasLength_length_String` with a binder that breaks the identity contract: binder `source` is authored but has no id
origin: after `debug`: 3 functions, 2 disagree; SourceFunction=2 ImplMethod=1 PureVariant=0 MonoInstance=0 Synthesized=0 ConsumingClone=0 HoistedLambda=0 HoistedTask=0 EtaExpansion=0 HashKeySlotAdapter=0 NativeTagEqualityCallback=0 Entrypoint=0
origin: pass `debug` left function `string__reverse` (def 401) has source module `string` but module origin NoSourceModule
origin: pass `debug` left function `HasLength_length_String` (def 402) has source module `string` but module origin NoSourceModule
identity: pass `debug` left function `main` with two nodes sharing node id 0
identity: pass `prune_early` left function `string__reverse` with a binder that breaks the identity contract: binder `source` is authored but has no id
identity: pass `prune_early` left function `HasLength_length_String` with a binder that breaks the identity contract: binder `source` is authored but has no id
origin: after `prune_early`: 3 functions, 2 disagree; SourceFunction=2 ImplMethod=1 PureVariant=0 MonoInstance=0 Synthesized=0 ConsumingClone=0 HoistedLambda=0 HoistedTask=0 EtaExpansion=0 HashKeySlotAdapter=0 NativeTagEqualityCallback=0 Entrypoint=0
origin: pass `prune_early` left function `string__reverse` (def 401) has source module `string` but module origin NoSourceModule
origin: pass `prune_early` left function `HasLength_length_String` (def 402) has source module `string` but module origin NoSourceModule
identity: pass `prune_early` left function `main` with two nodes sharing node id 0
identity: pass `desugar` left function `string__reverse` with a binder that breaks the identity contract: binder `source` is authored but has no id
identity: pass `desugar` left function `HasLength_length_String` with a binder that breaks the identity contract: binder `source` is authored but has no id
origin: after `desugar`: 3 functions, 2 disagree; SourceFunction=2 ImplMethod=1 PureVariant=0 MonoInstance=0 Synthesized=0 ConsumingClone=0 HoistedLambda=0 HoistedTask=0 EtaExpansion=0 HashKeySlotAdapter=0 NativeTagEqualityCallback=0 Entrypoint=0
origin: pass `desugar` left function `string__reverse` (def 401) has source module `string` but module origin NoSourceModule
origin: pass `desugar` left function `HasLength_length_String` (def 402) has source module `string` but module origin NoSourceModule
identity: pass `desugar` left function `main` with two nodes sharing node id 0
identity: pass `mono` left function `string__reverse` with a binder that breaks the identity contract: binder `source` is authored but has no id
identity: pass `mono` left function `HasLength_length_String` with a binder that breaks the identity contract: binder `source` is authored but has no id
origin: after `mono`: 3 functions, 2 disagree; SourceFunction=2 ImplMethod=1 PureVariant=0 MonoInstance=0 Synthesized=0 ConsumingClone=0 HoistedLambda=0 HoistedTask=0 EtaExpansion=0 HashKeySlotAdapter=0 NativeTagEqualityCallback=0 Entrypoint=0
origin: pass `mono` left function `string__reverse` (def 401) has source module `string` but module origin NoSourceModule
origin: pass `mono` left function `HasLength_length_String` (def 402) has source module `string` but module origin NoSourceModule
identity: pass `mono` left function `main` with two nodes sharing node id 0
identity: pass `synth` left function `string__reverse` with a binder that breaks the identity contract: binder `source` is authored but has no id
identity: pass `synth` left function `HasLength_length_String` with a binder that breaks the identity contract: binder `source` is authored but has no id
origin: after `synth`: 3 functions, 2 disagree; SourceFunction=2 ImplMethod=1 PureVariant=0 MonoInstance=0 Synthesized=0 ConsumingClone=0 HoistedLambda=0 HoistedTask=0 EtaExpansion=0 HashKeySlotAdapter=0 NativeTagEqualityCallback=0 Entrypoint=0
origin: pass `synth` left function `string__reverse` (def 401) has source module `string` but module origin NoSourceModule
origin: pass `synth` left function `HasLength_length_String` (def 402) has source module `string` but module origin NoSourceModule
identity: pass `synth` left function `main` with two nodes sharing node id 0
identity: pass `match` left function `string__reverse` with a binder that breaks the identity contract: binder `source` is authored but has no id
identity: pass `match` left function `HasLength_length_String` with a binder that breaks the identity contract: binder `source` is authored but has no id
origin: after `match`: 3 functions, 2 disagree; SourceFunction=2 ImplMethod=1 PureVariant=0 MonoInstance=0 Synthesized=0 ConsumingClone=0 HoistedLambda=0 HoistedTask=0 EtaExpansion=0 HashKeySlotAdapter=0 NativeTagEqualityCallback=0 Entrypoint=0
origin: pass `match` left function `string__reverse` (def 401) has source module `string` but module origin NoSourceModule
origin: pass `match` left function `HasLength_length_String` (def 402) has source module `string` but module origin NoSourceModule
identity: pass `match` left function `main` with two nodes sharing node id 0
identity: pass `trait_resolve` left function `string__reverse` with a binder that breaks the identity contract: binder `source` is authored but has no id
identity: pass `trait_resolve` left function `HasLength_length_String` with a binder that breaks the identity contract: binder `source` is authored but has no id
origin: after `trait_resolve`: 3 functions, 2 disagree; SourceFunction=2 ImplMethod=1 PureVariant=0 MonoInstance=0 Synthesized=0 ConsumingClone=0 HoistedLambda=0 HoistedTask=0 EtaExpansion=0 HashKeySlotAdapter=0 NativeTagEqualityCallback=0 Entrypoint=0
origin: pass `trait_resolve` left function `string__reverse` (def 401) has source module `string` but module origin NoSourceModule
origin: pass `trait_resolve` left function `HasLength_length_String` (def 402) has source module `string` but module origin NoSourceModule
identity: pass `trait_resolve` left function `main` with two nodes sharing node id 0
identity: pass `prune_after_trait_resolve` left function `string__reverse` with a binder that breaks the identity contract: binder `source` is authored but has no id
identity: pass `prune_after_trait_resolve` left function `HasLength_length_String` with a binder that breaks the identity contract: binder `source` is authored but has no id
origin: after `prune_after_trait_resolve`: 3 functions, 2 disagree; SourceFunction=2 ImplMethod=1 PureVariant=0 MonoInstance=0 Synthesized=0 ConsumingClone=0 HoistedLambda=0 HoistedTask=0 EtaExpansion=0 HashKeySlotAdapter=0 NativeTagEqualityCallback=0 Entrypoint=0
origin: pass `prune_after_trait_resolve` left function `string__reverse` (def 401) has source module `string` but module origin NoSourceModule
origin: pass `prune_after_trait_resolve` left function `HasLength_length_String` (def 402) has source module `string` but module origin NoSourceModule
identity: pass `prune_after_trait_resolve` left function `main` with two nodes sharing node id 0
identity: pass `resolve` left function `string__reverse` with a binder that breaks the identity contract: binder `source` is authored but has no id
identity: pass `resolve` left function `HasLength_length_String` with a binder that breaks the identity contract: binder `source` is authored but has no id
origin: after `resolve`: 3 functions, 2 disagree; SourceFunction=2 ImplMethod=1 PureVariant=0 MonoInstance=0 Synthesized=0 ConsumingClone=0 HoistedLambda=0 HoistedTask=0 EtaExpansion=0 HashKeySlotAdapter=0 NativeTagEqualityCallback=0 Entrypoint=0
origin: pass `resolve` left function `string__reverse` (def 401) has source module `string` but module origin NoSourceModule
origin: pass `resolve` left function `HasLength_length_String` (def 402) has source module `string` but module origin NoSourceModule
identity: pass `resolve` left function `main` with two nodes sharing node id 0
identity: pass `std_inline` left function `string__reverse` with a binder that breaks the identity contract: binder `source` is authored but has no id
identity: pass `std_inline` left function `HasLength_length_String` with a binder that breaks the identity contract: binder `source` is authored but has no id
origin: after `std_inline`: 3 functions, 2 disagree; SourceFunction=2 ImplMethod=1 PureVariant=0 MonoInstance=0 Synthesized=0 ConsumingClone=0 HoistedLambda=0 HoistedTask=0 EtaExpansion=0 HashKeySlotAdapter=0 NativeTagEqualityCallback=0 Entrypoint=0
origin: pass `std_inline` left function `string__reverse` (def 401) has source module `string` but module origin NoSourceModule
origin: pass `std_inline` left function `HasLength_length_String` (def 402) has source module `string` but module origin NoSourceModule
identity: pass `std_inline` left function `main` with two nodes sharing node id 0
identity: pass `tailrec` left function `string__reverse` with a binder that breaks the identity contract: binder `source` is authored but has no id
identity: pass `tailrec` left function `HasLength_length_String` with a binder that breaks the identity contract: binder `source` is authored but has no id
origin: after `tailrec`: 3 functions, 2 disagree; SourceFunction=2 ImplMethod=1 PureVariant=0 MonoInstance=0 Synthesized=0 ConsumingClone=0 HoistedLambda=0 HoistedTask=0 EtaExpansion=0 HashKeySlotAdapter=0 NativeTagEqualityCallback=0 Entrypoint=0
origin: pass `tailrec` left function `string__reverse` (def 401) has source module `string` but module origin NoSourceModule
origin: pass `tailrec` left function `HasLength_length_String` (def 402) has source module `string` but module origin NoSourceModule
identity: pass `tailrec` left function `main` with two nodes sharing node id 0
identity: pass `fuse_string` left function `string__reverse` with a binder that breaks the identity contract: binder `source` is authored but has no id
identity: pass `fuse_string` left function `HasLength_length_String` with a binder that breaks the identity contract: binder `source` is authored but has no id
origin: after `fuse_string`: 3 functions, 2 disagree; SourceFunction=2 ImplMethod=1 PureVariant=0 MonoInstance=0 Synthesized=0 ConsumingClone=0 HoistedLambda=0 HoistedTask=0 EtaExpansion=0 HashKeySlotAdapter=0 NativeTagEqualityCallback=0 Entrypoint=0
origin: pass `fuse_string` left function `string__reverse` (def 401) has source module `string` but module origin NoSourceModule
origin: pass `fuse_string` left function `HasLength_length_String` (def 402) has source module `string` but module origin NoSourceModule
identity: pass `fuse_string` left function `main` with two nodes sharing node id 0
identity: pass `fuse_collection` left function `string__reverse` with a binder that breaks the identity contract: binder `source` is authored but has no id
identity: pass `fuse_collection` left function `HasLength_length_String` with a binder that breaks the identity contract: binder `source` is authored but has no id
origin: after `fuse_collection`: 3 functions, 2 disagree; SourceFunction=2 ImplMethod=1 PureVariant=0 MonoInstance=0 Synthesized=0 ConsumingClone=0 HoistedLambda=0 HoistedTask=0 EtaExpansion=0 HashKeySlotAdapter=0 NativeTagEqualityCallback=0 Entrypoint=0
origin: pass `fuse_collection` left function `string__reverse` (def 401) has source module `string` but module origin NoSourceModule
origin: pass `fuse_collection` left function `HasLength_length_String` (def 402) has source module `string` but module origin NoSourceModule
identity: pass `fuse_collection` left function `main` with two nodes sharing node id 0
identity: pass `fuse_parallel_tensor` left function `string__reverse` with a binder that breaks the identity contract: binder `source` is authored but has no id
identity: pass `fuse_parallel_tensor` left function `HasLength_length_String` with a binder that breaks the identity contract: binder `source` is authored but has no id
origin: after `fuse_parallel_tensor`: 3 functions, 2 disagree; SourceFunction=2 ImplMethod=1 PureVariant=0 MonoInstance=0 Synthesized=0 ConsumingClone=0 HoistedLambda=0 HoistedTask=0 EtaExpansion=0 HashKeySlotAdapter=0 NativeTagEqualityCallback=0 Entrypoint=0
origin: pass `fuse_parallel_tensor` left function `string__reverse` (def 401) has source module `string` but module origin NoSourceModule
origin: pass `fuse_parallel_tensor` left function `HasLength_length_String` (def 402) has source module `string` but module origin NoSourceModule
identity: pass `fuse_parallel_tensor` left function `main` with two nodes sharing node id 0
identity: pass `fuse_tensor_update` left function `string__reverse` with a binder that breaks the identity contract: binder `source` is authored but has no id
identity: pass `fuse_tensor_update` left function `HasLength_length_String` with a binder that breaks the identity contract: binder `source` is authored but has no id
origin: after `fuse_tensor_update`: 3 functions, 2 disagree; SourceFunction=2 ImplMethod=1 PureVariant=0 MonoInstance=0 Synthesized=0 ConsumingClone=0 HoistedLambda=0 HoistedTask=0 EtaExpansion=0 HashKeySlotAdapter=0 NativeTagEqualityCallback=0 Entrypoint=0
origin: pass `fuse_tensor_update` left function `string__reverse` (def 401) has source module `string` but module origin NoSourceModule
origin: pass `fuse_tensor_update` left function `HasLength_length_String` (def 402) has source module `string` but module origin NoSourceModule
identity: pass `fuse_tensor_update` left function `main` with two nodes sharing node id 0
identity: pass `lower` left function `main` with a binder that breaks the identity contract: binder `pair` is authored but has no id
origin: after `lower`: 1 functions, 0 disagree; SourceFunction=1 ImplMethod=0 PureVariant=0 MonoInstance=0 Synthesized=0 ConsumingClone=0 HoistedLambda=0 HoistedTask=0 EtaExpansion=0 HashKeySlotAdapter=0 NativeTagEqualityCallback=0 Entrypoint=0
identity: pass `lower` left function `main` with two nodes sharing node id 0
identity: pass `debug` left function `main` with a binder that breaks the identity contract: binder `pair` is authored but has no id
origin: after `debug`: 1 functions, 0 disagree; SourceFunction=1 ImplMethod=0 PureVariant=0 MonoInstance=0 Synthesized=0 ConsumingClone=0 HoistedLambda=0 HoistedTask=0 EtaExpansion=0 HashKeySlotAdapter=0 NativeTagEqualityCallback=0 Entrypoint=0
identity: pass `debug` left function `main` with two nodes sharing node id 0
identity: pass `prune_early` left function `main` with a binder that breaks the identity contract: binder `pair` is authored but has no id
origin: after `prune_early`: 1 functions, 0 disagree; SourceFunction=1 ImplMethod=0 PureVariant=0 MonoInstance=0 Synthesized=0 ConsumingClone=0 HoistedLambda=0 HoistedTask=0 EtaExpansion=0 HashKeySlotAdapter=0 NativeTagEqualityCallback=0 Entrypoint=0
identity: pass `prune_early` left function `main` with two nodes sharing node id 0
identity: pass `desugar` left function `main` with a binder that breaks the identity contract: binder `pair` is authored but has no id
origin: after `desugar`: 1 functions, 0 disagree; SourceFunction=1 ImplMethod=0 PureVariant=0 MonoInstance=0 Synthesized=0 ConsumingClone=0 HoistedLambda=0 HoistedTask=0 EtaExpansion=0 HashKeySlotAdapter=0 NativeTagEqualityCallback=0 Entrypoint=0
identity: pass `desugar` left function `main` with two nodes sharing node id 0
identity: pass `mono` left function `main` with a binder that breaks the identity contract: binder `pair` is authored but has no id
origin: after `mono`: 1 functions, 0 disagree; SourceFunction=1 ImplMethod=0 PureVariant=0 MonoInstance=0 Synthesized=0 ConsumingClone=0 HoistedLambda=0 HoistedTask=0 EtaExpansion=0 HashKeySlotAdapter=0 NativeTagEqualityCallback=0 Entrypoint=0
identity: pass `mono` left function `main` with two nodes sharing node id 0
identity: pass `synth` left function `main` with a binder that breaks the identity contract: binder `pair` is authored but has no id
origin: after `synth`: 1 functions, 0 disagree; SourceFunction=1 ImplMethod=0 PureVariant=0 MonoInstance=0 Synthesized=0 ConsumingClone=0 HoistedLambda=0 HoistedTask=0 EtaExpansion=0 HashKeySlotAdapter=0 NativeTagEqualityCallback=0 Entrypoint=0
identity: pass `synth` left function `main` with two nodes sharing node id 0
identity: pass `match` left function `main` with a binder that breaks the identity contract: binder `pair` is authored but has no id
origin: after `match`: 1 functions, 0 disagree; SourceFunction=1 ImplMethod=0 PureVariant=0 MonoInstance=0 Synthesized=0 ConsumingClone=0 HoistedLambda=0 HoistedTask=0 EtaExpansion=0 HashKeySlotAdapter=0 NativeTagEqualityCallback=0 Entrypoint=0
identity: pass `match` left function `main` with two nodes sharing node id 0
identity: pass `trait_resolve` left function `main` with a binder that breaks the identity contract: binder `pair` is authored but has no id
origin: after `trait_resolve`: 1 functions, 0 disagree; SourceFunction=1 ImplMethod=0 PureVariant=0 MonoInstance=0 Synthesized=0 ConsumingClone=0 HoistedLambda=0 HoistedTask=0 EtaExpansion=0 HashKeySlotAdapter=0 NativeTagEqualityCallback=0 Entrypoint=0
identity: pass `trait_resolve` left function `main` with two nodes sharing node id 0
identity: pass `prune_after_trait_resolve` left function `main` with a binder that breaks the identity contract: binder `pair` is authored but has no id
origin: after `prune_after_trait_resolve`: 1 functions, 0 disagree; SourceFunction=1 ImplMethod=0 PureVariant=0 MonoInstance=0 Synthesized=0 ConsumingClone=0 HoistedLambda=0 HoistedTask=0 EtaExpansion=0 HashKeySlotAdapter=0 NativeTagEqualityCallback=0 Entrypoint=0
identity: pass `prune_after_trait_resolve` left function `main` with two nodes sharing node id 0
identity: pass `resolve` left function `main` with a binder that breaks the identity contract: binder `pair` is authored but has no id
origin: after `resolve`: 1 functions, 0 disagree; SourceFunction=1 ImplMethod=0 PureVariant=0 MonoInstance=0 Synthesized=0 ConsumingClone=0 HoistedLambda=0 HoistedTask=0 EtaExpansion=0 HashKeySlotAdapter=0 NativeTagEqualityCallback=0 Entrypoint=0
identity: pass `resolve` left function `main` with two nodes sharing node id 0
identity: pass `std_inline` left function `main` with a binder that breaks the identity contract: binder `pair` is authored but has no id
origin: after `std_inline`: 1 functions, 0 disagree; SourceFunction=1 ImplMethod=0 PureVariant=0 MonoInstance=0 Synthesized=0 ConsumingClone=0 HoistedLambda=0 HoistedTask=0 EtaExpansion=0 HashKeySlotAdapter=0 NativeTagEqualityCallback=0 Entrypoint=0
identity: pass `std_inline` left function `main` with two nodes sharing node id 0
identity: pass `tailrec` left function `main` with a binder that breaks the identity contract: binder `pair` is authored but has no id
origin: after `tailrec`: 1 functions, 0 disagree; SourceFunction=1 ImplMethod=0 PureVariant=0 MonoInstance=0 Synthesized=0 ConsumingClone=0 HoistedLambda=0 HoistedTask=0 EtaExpansion=0 HashKeySlotAdapter=0 NativeTagEqualityCallback=0 Entrypoint=0
identity: pass `tailrec` left function `main` with two nodes sharing node id 0
identity: pass `fuse_string` left function `main` with a binder that breaks the identity contract: binder `pair` is authored but has no id
origin: after `fuse_string`: 1 functions, 0 disagree; SourceFunction=1 ImplMethod=0 PureVariant=0 MonoInstance=0 Synthesized=0 ConsumingClone=0 HoistedLambda=0 HoistedTask=0 EtaExpansion=0 HashKeySlotAdapter=0 NativeTagEqualityCallback=0 Entrypoint=0
identity: pass `fuse_string` left function `main` with two nodes sharing node id 0
identity: pass `fuse_collection` left function `main` with a binder that breaks the identity contract: binder `pair` is authored but has no id
origin: after `fuse_collection`: 1 functions, 0 disagree; SourceFunction=1 ImplMethod=0 PureVariant=0 MonoInstance=0 Synthesized=0 ConsumingClone=0 HoistedLambda=0 HoistedTask=0 EtaExpansion=0 HashKeySlotAdapter=0 NativeTagEqualityCallback=0 Entrypoint=0
identity: pass `fuse_collection` left function `main` with two nodes sharing node id 0
identity: pass `fuse_parallel_tensor` left function `main` with a binder that breaks the identity contract: binder `pair` is authored but has no id
origin: after `fuse_parallel_tensor`: 1 functions, 0 disagree; SourceFunction=1 ImplMethod=0 PureVariant=0 MonoInstance=0 Synthesized=0 ConsumingClone=0 HoistedLambda=0 HoistedTask=0 EtaExpansion=0 HashKeySlotAdapter=0 NativeTagEqualityCallback=0 Entrypoint=0
identity: pass `fuse_parallel_tensor` left function `main` with two nodes sharing node id 0
identity: pass `fuse_tensor_update` left function `main` with a binder that breaks the identity contract: binder `pair` is authored but has no id
origin: after `fuse_tensor_update`: 1 functions, 0 disagree; SourceFunction=1 ImplMethod=0 PureVariant=0 MonoInstance=0 Synthesized=0 ConsumingClone=0 HoistedLambda=0 HoistedTask=0 EtaExpansion=0 HashKeySlotAdapter=0 NativeTagEqualityCallback=0 Entrypoint=0
identity: pass `fuse_tensor_update` left function `main` with two nodes sharing node id 0
origin: after `tuple_flatten`: 1 functions, 0 disagree; SourceFunction=1 ImplMethod=0 PureVariant=0 MonoInstance=0 Synthesized=0 ConsumingClone=0 HoistedLambda=0 HoistedTask=0 EtaExpansion=0 HashKeySlotAdapter=0 NativeTagEqualityCallback=0 Entrypoint=0
identity: pass `tuple_flatten` left function `main` with two nodes sharing node id 0
BLORP_TEST_ARTIFACT_RESULT passed=907 failed=0 tests=907
BLORP_TEST_ARTIFACT_RESULT passed=1272 failed=0 tests=1272
BLORP_TEST_ARTIFACT_RESULT passed=1277 failed=0 tests=1277
BLORP_TEST_ARTIFACT_RESULT passed=1287 failed=0 tests=1287
BLORP_TEST_ARTIFACT_RESULT passed=1291 failed=0 tests=1291
BLORP_TEST_ARTIFACT_RESULT passed=1324 failed=0 tests=1324
BLORP_TEST_ARTIFACT_RESULT passed=1333 failed=0 tests=1333
BLORP_TEST_ARTIFACT_RESULT passed=1478 failed=0 tests=1478
BLORP_TEST_ARTIFACT_RESULT passed=1496 failed=0 tests=1496
BLORP_TEST_ARTIFACT_RESULT passed=1504 failed=0 tests=1504
BLORP_TEST_ARTIFACT_RESULT passed=1550 failed=0 tests=1550
BLORP_TEST_ARTIFACT_RESULT passed=1570 failed=0 tests=1570
BLORP_TEST_ARTIFACT_RESULT passed=1727 failed=0 tests=1727
BLORP_TEST_ARTIFACT_RESULT passed=1731 failed=0 tests=1731
BLORP_TEST_ARTIFACT_RESULT passed=1771 failed=0 tests=1771
BLORP_TEST_ARTIFACT_RESULT passed=1805 failed=0 tests=1805
BLORP_TEST_ARTIFACT_RESULT passed=1835 failed=0 tests=1835
BLORP_TEST_ARTIFACT_RESULT passed=1838 failed=0 tests=1838
BLORP_TEST_ARTIFACT_RESULT passed=1860 failed=0 tests=1860
BLORP_TEST_ARTIFACT_RESULT passed=1888 failed=0 tests=1888
BLORP_TEST_ARTIFACT_RESULT passed=1894 failed=0 tests=1894
BLORP_TEST_ARTIFACT_RESULT passed=1895 failed=0 tests=1895
BLORP_TEST_ARTIFACT_RESULT passed=1929 failed=0 tests=1929
BLORP_TEST_ARTIFACT_RESULT passed=1939 failed=0 tests=1939
BLORP_TEST_ARTIFACT_RESULT passed=1946 failed=0 tests=1946
BLORP_TEST_ARTIFACT_RESULT passed=1966 failed=0 tests=1966
BLORP_TEST_ARTIFACT_RESULT passed=1984 failed=0 tests=1984
BLORP_TEST_ARTIFACT_RESULT passed=1996 failed=0 tests=1996
BLORP_TEST_ARTIFACT_RESULT passed=2450 failed=0 tests=2450
BLORP_TEST_ARTIFACT_RESULT passed=2454 failed=0 tests=2454
BLORP_TEST_ARTIFACT_RESULT passed=2461 failed=0 tests=2461
origin: after `first`: 1 functions, 0 disagree; SourceFunction=1 ImplMethod=0 PureVariant=0 MonoInstance=0 Synthesized=0 ConsumingClone=0 HoistedLambda=0 HoistedTask=0 EtaExpansion=0 HashKeySlotAdapter=0 NativeTagEqualityCallback=0 Entrypoint=0
BLORP_TEST_ARTIFACT_RESULT passed=2529 failed=0 tests=2529
BLORP_TEST_ARTIFACT_RESULT passed=2592 failed=0 tests=2592
BLORP_TEST_ARTIFACT_RESULT passed=2604 failed=0 tests=2604
BLORP_TEST_ARTIFACT_RESULT passed=2693 failed=0 tests=2693
BLORP_TEST_ARTIFACT_RESULT passed=2709 failed=0 tests=2709
BLORP_TEST_ARTIFACT_RESULT passed=2777 failed=0 tests=2777
origin: after `adapt_function_refs`: 1 functions, 0 disagree; SourceFunction=1 ImplMethod=0 PureVariant=0 MonoInstance=0 Synthesized=0 ConsumingClone=0 HoistedLambda=0 HoistedTask=0 EtaExpansion=0 HashKeySlotAdapter=0 NativeTagEqualityCallback=0 Entrypoint=0
origin: after `tensor_specialize_specialize_fused`: 1 functions, 0 disagree; SourceFunction=1 ImplMethod=0 PureVariant=0 MonoInstance=0 Synthesized=0 ConsumingClone=0 HoistedLambda=0 HoistedTask=0 EtaExpansion=0 HashKeySlotAdapter=0 NativeTagEqualityCallback=0 Entrypoint=0
origin: after `hash_key_callbacks`: 1 functions, 0 disagree; SourceFunction=1 ImplMethod=0 PureVariant=0 MonoInstance=0 Synthesized=0 ConsumingClone=0 HoistedLambda=0 HoistedTask=0 EtaExpansion=0 HashKeySlotAdapter=0 NativeTagEqualityCallback=0 Entrypoint=0
origin: after `resolve_backend_match_fused`: 1 functions, 0 disagree; SourceFunction=1 ImplMethod=0 PureVariant=0 MonoInstance=0 Synthesized=0 ConsumingClone=0 HoistedLambda=0 HoistedTask=0 EtaExpansion=0 HashKeySlotAdapter=0 NativeTagEqualityCallback=0 Entrypoint=0
origin: after `dce`: 1 functions, 0 disagree; SourceFunction=1 ImplMethod=0 PureVariant=0 MonoInstance=0 Synthesized=0 ConsumingClone=0 HoistedLambda=0 HoistedTask=0 EtaExpansion=0 HashKeySlotAdapter=0 NativeTagEqualityCallback=0 Entrypoint=0
origin: after `consume_specialize`: 1 functions, 0 disagree; SourceFunction=1 ImplMethod=0 PureVariant=0 MonoInstance=0 Synthesized=0 ConsumingClone=0 HoistedLambda=0 HoistedTask=0 EtaExpansion=0 HashKeySlotAdapter=0 NativeTagEqualityCallback=0 Entrypoint=0
origin: after `static_string_literals`: 1 functions, 0 disagree; SourceFunction=1 ImplMethod=0 PureVariant=0 MonoInstance=0 Synthesized=0 ConsumingClone=0 HoistedLambda=0 HoistedTask=0 EtaExpansion=0 HashKeySlotAdapter=0 NativeTagEqualityCallback=0 Entrypoint=0
origin: after `record_update_ownership`: 1 functions, 0 disagree; SourceFunction=1 ImplMethod=0 PureVariant=0 MonoInstance=0 Synthesized=0 ConsumingClone=0 HoistedLambda=0 HoistedTask=0 EtaExpansion=0 HashKeySlotAdapter=0 NativeTagEqualityCallback=0 Entrypoint=0
origin: after `record_literal_order`: 1 functions, 0 disagree; SourceFunction=1 ImplMethod=0 PureVariant=0 MonoInstance=0 Synthesized=0 ConsumingClone=0 HoistedLambda=0 HoistedTask=0 EtaExpansion=0 HashKeySlotAdapter=0 NativeTagEqualityCallback=0 Entrypoint=0
origin: after `dict_literal_ownership`: 1 functions, 0 disagree; SourceFunction=1 ImplMethod=0 PureVariant=0 MonoInstance=0 Synthesized=0 ConsumingClone=0 HoistedLambda=0 HoistedTask=0 EtaExpansion=0 HashKeySlotAdapter=0 NativeTagEqualityCallback=0 Entrypoint=0
origin: after `ownership_perceus_fused`: 1 functions, 0 disagree; SourceFunction=1 ImplMethod=0 PureVariant=0 MonoInstance=0 Synthesized=0 ConsumingClone=0 HoistedLambda=0 HoistedTask=0 EtaExpansion=0 HashKeySlotAdapter=0 NativeTagEqualityCallback=0 Entrypoint=0
origin: after `reuse`: 1 functions, 0 disagree; SourceFunction=1 ImplMethod=0 PureVariant=0 MonoInstance=0 Synthesized=0 ConsumingClone=0 HoistedLambda=0 HoistedTask=0 EtaExpansion=0 HashKeySlotAdapter=0 NativeTagEqualityCallback=0 Entrypoint=0
origin: after `closure`: 1 functions, 0 disagree; SourceFunction=1 ImplMethod=0 PureVariant=0 MonoInstance=0 Synthesized=0 ConsumingClone=0 HoistedLambda=0 HoistedTask=0 EtaExpansion=0 HashKeySlotAdapter=0 NativeTagEqualityCallback=0 Entrypoint=0
origin: after `resource_management`: 1 functions, 0 disagree; SourceFunction=1 ImplMethod=0 PureVariant=0 MonoInstance=0 Synthesized=0 ConsumingClone=0 HoistedLambda=0 HoistedTask=0 EtaExpansion=0 HashKeySlotAdapter=0 NativeTagEqualityCallback=0 Entrypoint=0
origin: after `fairness`: 1 functions, 0 disagree; SourceFunction=1 ImplMethod=0 PureVariant=0 MonoInstance=0 Synthesized=0 ConsumingClone=0 HoistedLambda=0 HoistedTask=0 EtaExpansion=0 HashKeySlotAdapter=0 NativeTagEqualityCallback=0 Entrypoint=0
origin: after `prepare`: 1 functions, 0 disagree; SourceFunction=1 ImplMethod=0 PureVariant=0 MonoInstance=0 Synthesized=0 ConsumingClone=0 HoistedLambda=0 HoistedTask=0 EtaExpansion=0 HashKeySlotAdapter=0 NativeTagEqualityCallback=0 Entrypoint=0
BLORP_TEST_ARTIFACT_RESULT passed=2796 failed=0 tests=2796
BLORP_TEST_ARTIFACT_RESULT passed=2808 failed=0 tests=2808
BLORP_TEST_ARTIFACT_RESULT passed=2811 failed=0 tests=2811
BLORP_TEST_ARTIFACT_RESULT passed=2829 failed=0 tests=2829
BLORP_TEST_ARTIFACT_RESULT passed=2854 failed=0 tests=2854
BLORP_TEST_ARTIFACT_RESULT passed=2864 failed=0 tests=2864
BLORP_TEST_ARTIFACT_RESULT passed=2882 failed=0 tests=2882
BLORP_TEST_ARTIFACT_RESULT passed=2896 failed=0 tests=2896
BLORP_TEST_ARTIFACT_RESULT passed=2923 failed=0 tests=2923
BLORP_TEST_ARTIFACT_RESULT passed=2931 failed=0 tests=2931
BLORP_TEST_ARTIFACT_RESULT passed=2951 failed=0 tests=2951
BLORP_TEST_ARTIFACT_RESULT passed=2973 failed=0 tests=2973
BLORP_TEST_ARTIFACT_RESULT passed=2998 failed=0 tests=2998
BLORP_TEST_ARTIFACT_RESULT passed=3004 failed=0 tests=3004
BLORP_TEST_ARTIFACT_RESULT passed=3009 failed=0 tests=3009
BLORP_TEST_ARTIFACT_RESULT passed=3016 failed=0 tests=3016
BLORP_TEST_ARTIFACT_RESULT passed=3021 failed=0 tests=3021
BLORP_TEST_ARTIFACT_RESULT passed=3036 failed=0 tests=3036
BLORP_TEST_ARTIFACT_RESULT passed=3044 failed=0 tests=3044
BLORP_TEST_ARTIFACT_RESULT passed=3062 failed=0 tests=3062
BLORP_TEST_ARTIFACT_RESULT passed=3075 failed=0 tests=3075
BLORP_TEST_ARTIFACT_RESULT passed=3080 failed=0 tests=3080
BLORP_TEST_ARTIFACT_RESULT passed=3086 failed=0 tests=3086
BLORP_TEST_ARTIFACT_RESULT passed=3095 failed=0 tests=3095
BLORP_TEST_ARTIFACT_RESULT passed=3110 failed=0 tests=3110
BLORP_TEST_ARTIFACT_RESULT passed=3118 failed=0 tests=3118
BLORP_TEST_ARTIFACT_RESULT passed=3125 failed=0 tests=3125
BLORP_TEST_ARTIFACT_RESULT passed=3161 failed=0 tests=3161
BLORP_TEST_ARTIFACT_RESULT passed=3224 failed=0 tests=3224
BLORP_TEST_ARTIFACT_RESULT passed=3255 failed=0 tests=3255
BLORP_TEST_ARTIFACT_RESULT passed=3306 failed=0 tests=3306
BLORP_TEST_ARTIFACT_RESULT passed=3318 failed=0 tests=3318
BLORP_TEST_ARTIFACT_RESULT passed=3326 failed=0 tests=3326
BLORP_TEST_ARTIFACT_RESULT passed=3371 failed=0 tests=3371
BLORP_TEST_ARTIFACT_RESULT passed=3406 failed=0 tests=3406
BLORP_TEST_ARTIFACT_RESULT passed=3411 failed=0 tests=3411
BLORP_TEST_ARTIFACT_RESULT passed=3440 failed=0 tests=3440
BLORP_TEST_ARTIFACT_RESULT passed=3449 failed=0 tests=3449
BLORP_TEST_ARTIFACT_RESULT passed=3455 failed=0 tests=3455
BLORP_TEST_ARTIFACT_RESULT passed=3473 failed=0 tests=3473
BLORP_TEST_ARTIFACT_RESULT passed=3486 failed=0 tests=3486
BLORP_TEST_ARTIFACT_RESULT passed=3496 failed=0 tests=3496
BLORP_TEST_ARTIFACT_RESULT passed=3512 failed=0 tests=3512
BLORP_TEST_ARTIFACT_RESULT passed=3523 failed=0 tests=3523
BLORP_TEST_ARTIFACT_RESULT passed=3530 failed=0 tests=3530
BLORP_TEST_ARTIFACT_RESULT passed=3546 failed=0 tests=3546
BLORP_TEST_ARTIFACT_RESULT passed=3555 failed=0 tests=3555
BLORP_TEST_ARTIFACT_RESULT passed=3573 failed=0 tests=3573
BLORP_TEST_ARTIFACT_RESULT passed=3578 failed=0 tests=3578
BLORP_TEST_ARTIFACT_RESULT passed=3614 failed=0 tests=3614
BLORP_TEST_ARTIFACT_RESULT passed=3621 failed=0 tests=3621
BLORP_TEST_ARTIFACT_RESULT passed=3626 failed=0 tests=3626
BLORP_TEST_ARTIFACT_RESULT passed=3751 failed=0 tests=3751
BLORP_TEST_ARTIFACT_RESULT passed=3760 failed=0 tests=3760
BLORP_TEST_ARTIFACT_RESULT passed=3775 failed=0 tests=3775
BLORP_TEST_ARTIFACT_RESULT passed=3789 failed=0 tests=3789
BLORP_TEST_ARTIFACT_RESULT passed=3795 failed=0 tests=3795
BLORP_TEST_ARTIFACT_RESULT passed=3802 failed=0 tests=3802
BLORP_TEST_ARTIFACT_RESULT passed=3806 failed=0 tests=3806
BLORP_TEST_ARTIFACT_RESULT passed=3813 failed=0 tests=3813
BLORP_TEST_ARTIFACT_RESULT passed=3818 failed=0 tests=3818
BLORP_TEST_ARTIFACT_RESULT passed=3827 failed=0 tests=3827
BLORP_TEST_ARTIFACT_RESULT passed=3830 failed=0 tests=3830
BLORP_TEST_ARTIFACT_RESULT passed=3844 failed=0 tests=3844
BLORP_TEST_ARTIFACT_RESULT passed=3877 failed=0 tests=3877
BLORP_TEST_ARTIFACT_RESULT passed=4216 failed=0 tests=4216
BLORP_TEST_ARTIFACT_RESULT passed=4228 failed=0 tests=4228
BLORP_TEST_ARTIFACT_RESULT passed=4230 failed=0 tests=4230
BLORP_TEST_ARTIFACT_RESULT passed=4231 failed=0 tests=4231
BLORP_TEST_ARTIFACT_RESULT passed=4299 failed=0 tests=4299
BLORP_TEST_ARTIFACT_RESULT passed=4343 failed=0 tests=4343
BLORP_TEST_ARTIFACT_RESULT passed=4353 failed=0 tests=4353
BLORP_TEST_ARTIFACT_RESULT passed=4362 failed=0 tests=4362
BLORP_TEST_ARTIFACT_RESULT passed=4374 failed=0 tests=4374
BLORP_TEST_ARTIFACT_RESULT passed=4388 failed=0 tests=4388
BLORP_TEST_ARTIFACT_RESULT passed=4391 failed=0 tests=4391
BLORP_TEST_ARTIFACT_RESULT passed=4405 failed=0 tests=4405
BLORP_TEST_ARTIFACT_RESULT passed=4419 failed=0 tests=4419
BLORP_TEST_ARTIFACT_RESULT passed=4427 failed=0 tests=4427
BLORP_TEST_ARTIFACT_RESULT passed=4434 failed=0 tests=4434
BLORP_TEST_ARTIFACT_RESULT passed=4442 failed=0 tests=4442
BLORP_TEST_ARTIFACT_RESULT passed=4483 failed=0 tests=4483
BLORP_TEST_ARTIFACT_RESULT passed=4491 failed=0 tests=4491
BLORP_TEST_ARTIFACT_RESULT passed=4499 failed=0 tests=4499
BLORP_TEST_ARTIFACT_RESULT passed=4511 failed=0 tests=4511
BLORP_TEST_ARTIFACT_RESULT passed=4521 failed=0 tests=4521
BLORP_TEST_ARTIFACT_RESULT passed=4531 failed=0 tests=4531
BLORP_TEST_ARTIFACT_RESULT passed=4552 failed=0 tests=4552
BLORP_TEST_ARTIFACT_RESULT passed=4557 failed=0 tests=4557
BLORP_TEST_ARTIFACT_RESULT passed=4572 failed=0 tests=4572
BLORP_TEST_ARTIFACT_RESULT passed=4605 failed=0 tests=4605
BLORP_TEST_ARTIFACT_RESULT passed=4610 failed=0 tests=4610
BLORP_TEST_ARTIFACT_RESULT passed=4626 failed=0 tests=4626
BLORP_TEST_ARTIFACT_RESULT passed=4628 failed=0 tests=4628
BLORP_TEST_ARTIFACT_RESULT passed=4643 failed=0 tests=4643
BLORP_TEST_ARTIFACT_RESULT passed=4645 failed=0 tests=4645
BLORP_TEST_ARTIFACT_RESULT passed=4651 failed=0 tests=4651
BLORP_TEST_ARTIFACT_RESULT passed=4654 failed=0 tests=4654
BLORP_TEST_ARTIFACT_RESULT passed=4660 failed=0 tests=4660
BLORP_TEST_ARTIFACT_RESULT passed=4666 failed=0 tests=4666
BLORP_TEST_ARTIFACT_RESULT passed=4673 failed=0 tests=4673
BLORP_TEST_ARTIFACT_RESULT passed=4676 failed=0 tests=4676
BLORP_TEST_ARTIFACT_RESULT passed=4689 failed=0 tests=4689
BLORP_TEST_ARTIFACT_RESULT passed=4690 failed=0 tests=4690
BLORP_TEST_ARTIFACT_RESULT passed=4716 failed=0 tests=4716
BLORP_TEST_ARTIFACT_RESULT passed=4727 failed=0 tests=4727
BLORP_TEST_ARTIFACT_RESULT passed=4736 failed=0 tests=4736
BLORP_TEST_ARTIFACT_RESULT passed=4744 failed=0 tests=4744
BLORP_TEST_ARTIFACT_RESULT passed=4747 failed=0 tests=4747
BLORP_TEST_ARTIFACT_RESULT passed=4765 failed=0 tests=4765
BLORP_TEST_ARTIFACT_RESULT passed=4969 failed=0 tests=4969
BLORP_TEST_ARTIFACT_RESULT passed=4976 failed=0 tests=4976
BLORP_TEST_ARTIFACT_RESULT passed=4983 failed=0 tests=4983
BLORP_TEST_ARTIFACT_RESULT passed=4990 failed=0 tests=4990
BLORP_TEST_ARTIFACT_RESULT passed=4995 failed=0 tests=4995
BLORP_TEST_ARTIFACT_RESULT passed=5005 failed=0 tests=5005
BLORP_TEST_ARTIFACT_RESULT passed=5012 failed=0 tests=5012
BLORP_TEST_ARTIFACT_RESULT passed=5029 failed=0 tests=5029
BLORP_TEST_ARTIFACT_RESULT passed=5062 failed=0 tests=5062
BLORP_TEST_ARTIFACT_RESULT passed=5065 failed=0 tests=5065
BLORP_TEST_ARTIFACT_RESULT passed=5075 failed=0 tests=5075
BLORP_TEST_ARTIFACT_RESULT passed=5093 failed=0 tests=5093
BLORP_TEST_ARTIFACT_RESULT passed=5103 failed=0 tests=5103
BLORP_TEST_ARTIFACT_RESULT passed=5113 failed=0 tests=5113
BLORP_TEST_ARTIFACT_RESULT passed=5154 failed=0 tests=5154
BLORP_TEST_ARTIFACT_RESULT passed=5162 failed=0 tests=5162
BLORP_TEST_ARTIFACT_RESULT passed=5222 failed=0 tests=5222
BLORP_TEST_ARTIFACT_RESULT passed=5229 failed=0 tests=5229
BLORP_TEST_ARTIFACT_RESULT passed=5234 failed=0 tests=5234
BLORP_TEST_ARTIFACT_RESULT passed=5245 failed=0 tests=5245
BLORP_TEST_ARTIFACT_RESULT passed=5266 failed=0 tests=5266
BLORP_TEST_ARTIFACT_RESULT passed=5395 failed=0 tests=5395
BLORP_TEST_ARTIFACT_RESULT passed=5399 failed=0 tests=5399
BLORP_TEST_ARTIFACT_RESULT passed=5403 failed=0 tests=5403
BLORP_TEST_ARTIFACT_RESULT passed=5595 failed=0 tests=5595
BLORP_TEST_ARTIFACT_RESULT passed=5606 failed=0 tests=5606
BLORP_TEST_ARTIFACT_RESULT passed=5610 failed=0 tests=5610
BLORP_TEST_ARTIFACT_RESULT passed=5615 failed=0 tests=5615
BLORP_TEST_ARTIFACT_RESULT passed=5626 failed=0 tests=5626
BLORP_TEST_ARTIFACT_RESULT passed=5629 failed=0 tests=5629
BLORP_TEST_ARTIFACT_RESULT passed=5656 failed=0 tests=5656
BLORP_TEST_ARTIFACT_RESULT passed=5658 failed=0 tests=5658
BLORP_TEST_ARTIFACT_RESULT passed=5663 failed=0 tests=5663
BLORP_TEST_ARTIFACT_RESULT passed=5690 failed=0 tests=5690
BLORP_TEST_ARTIFACT_RESULT passed=5692 failed=0 tests=5692
BLORP_TEST_ARTIFACT_RESULT passed=5693 failed=0 tests=5693
BLORP_TEST_ARTIFACT_RESULT passed=5694 failed=0 tests=5694
BLORP_TEST_ARTIFACT_RESULT passed=5695 failed=0 tests=5695
BLORP_TEST_ARTIFACT_RESULT passed=5696 failed=0 tests=5696
BLORP_TEST_ARTIFACT_RESULT passed=5752 failed=0 tests=5752
BLORP_TEST_ARTIFACT_RESULT passed=5770 failed=0 tests=5770
BLORP_TEST_ARTIFACT_RESULT passed=5832 failed=0 tests=5832
BLORP_TEST_ARTIFACT_RESULT passed=5838 failed=0 tests=5838
BLORP_TEST_ARTIFACT_RESULT passed=5845 failed=0 tests=5845
BLORP_TEST_ARTIFACT_RESULT passed=5846 failed=0 tests=5846
BLORP_TEST_ARTIFACT_RESULT passed=5901 failed=0 tests=5901
BLORP_TEST_ARTIFACT_RESULT passed=5905 failed=0 tests=5905
BLORP_TEST_ARTIFACT_RESULT passed=5931 failed=0 tests=5931
BLORP_TEST_ARTIFACT_RESULT passed=5974 failed=0 tests=5974
BLORP_TEST_ARTIFACT_RESULT passed=5982 failed=0 tests=5982
BLORP_TEST_ARTIFACT_RESULT passed=5994 failed=0 tests=5994
BLORP_GATE_RESULT gate=compiler_blorp_component status=PASS passed=5994 failed=0 tests=5994

═══ Production Blorp Check Fixtures (.brp) ═══

discovery stage: 77 of 794 should_fail fixtures check the stage's pinned text and position; 717 fall back to their EXPECT/EXPECT-BLORP checks
BLORP_GATE_RESULT gate=compiler_blorp_component status=PASS passed=854 failed=0 tests=854
BLORP_GATE_RESULT gate=compiler_blorp status=PASS passed=6848 failed=0 tests=6848
