file	line	name	body_lines	test_refs	bench_refs	dead_caller_refs	overloads
blorp/src/compiler/bridge_protocol.brp	56	parse_bridge_action	8	3	0	1	1
blorp/src/compiler/bridge_protocol.brp	97	decode_bridge_payload	16	0	2	1	1
blorp/src/compiler/bridge_protocol.brp	115	decode_bridge_envelope_header	19	0	2	1	1
blorp/src/compiler/bridge_protocol.brp	136	decode_bridge_envelope_value	13	4	2	3	1
blorp/src/compiler/bridge_protocol.brp	151	bridge_protocol_error_code	14	4	0	1	1
blorp/src/compiler/bridge_protocol.brp	167	bridge_protocol_error_message	14	4	0	1	1
blorp/src/compiler/bridge_protocol.brp	187	bridge_schema_json	2	0	0	4	1
blorp/src/compiler/bridge_protocol.brp	191	bridge_failure_json	9	0	4	2	1
blorp/src/compiler/bridge_protocol.brp	202	bridge_success_json	6	2	6	3	1
blorp/src/compiler/bridge_protocol.brp	210	bridge_error_json	2	2	6	2	1
blorp/src/compiler/pipeline.brp	403	compiler_phase_label	18	5	0	0	1
blorp/src/compiler/pipeline.brp	1329	compile_typechecked_graph	34	0	0	0	1
blorp/src/compiler/pipeline.brp	1477	run_late_core_compilation	18	0	0	0	1
blorp/src/compiler/stage_02_lex/lexer.brp	227	lex_ok	2	54	0	0	1
blorp/src/compiler/stage_02_lex/name_table.brp	942	name_table_extension_empty	6	2	0	0	1
blorp/src/compiler/stage_02_lex/name_table.brp	950	name_table_extension_count	2	2	0	0	1
blorp/src/compiler/stage_02_lex/name_table.brp	959	name_table_extension_intern	21	5	0	0	1
blorp/src/compiler/stage_02_lex/token.brp	205	scalar_token	13	0	0	0	1
blorp/src/compiler/stage_02_lex/token.brp	779	token_kind_own_text	14	1	0	0	1
blorp/src/compiler/stage_02_lex/token.brp	839	token_text	2	3	0	0	1
blorp/src/compiler/stage_02_lex/token.brp	843	token_keyword	2	0	0	0	1
blorp/src/compiler/stage_02_lex/token.brp	847	token_symbol	2	0	0	0	1
blorp/src/compiler/stage_02_lex/token.brp	851	token_string_literal_kind	2	0	0	0	1
blorp/src/compiler/stage_02_lex/token.brp	855	token_string_literal_text	2	0	0	0	1
blorp/src/compiler/stage_02_lex/token.brp	859	token_char_code_point	2	0	0	0	1
blorp/src/compiler/stage_02_lex/token.brp	1033	string_literal_kind_name	14	0	0	1	1
blorp/src/compiler/stage_02_lex/token.brp	1108	token_kind_name	26	15	0	0	1
blorp/src/compiler/stage_03_parse/compact_expression_product.brp	884	compact_expression_direct_frame_storage_probe	89	2	2	0	1
blorp/src/compiler/stage_03_parse/compact_expression_product.brp	982	compact_direct_frame	16	0	0	1	1
blorp/src/compiler/stage_03_parse/compact_expression_product.brp	1000	compact_direct_token_location	18	0	0	1	1
blorp/src/compiler/stage_03_parse/compact_expression_product.brp	1020	compact_direct_diagnostic_span	7	0	0	1	1
blorp/src/compiler/stage_03_parse/compact_expression_product.brp	1029	compact_direct_is_symbol	6	0	0	3	1
blorp/src/compiler/stage_03_parse/compact_expression_product.brp	1037	compact_direct_is_keyword	10	0	0	2	1
blorp/src/compiler/stage_03_parse/compact_expression_product.brp	1049	compact_direct_is_eof	5	0	0	1	1
blorp/src/compiler/stage_03_parse/compact_expression_product.brp	1056	compact_direct_is_soft_boundary	22	0	0	1	1
blorp/src/compiler/stage_03_parse/compact_expression_product.brp	1080	compact_direct_skip_call_separator_layout	25	0	0	1	1
blorp/src/compiler/stage_03_parse/compact_expression_product.brp	1107	compact_direct_starts_dot_postfix_continuation	21	0	0	1	1
blorp/src/compiler/stage_03_parse/compact_expression_product.brp	1130	compact_direct_infix_info	99	0	0	1	1
blorp/src/compiler/stage_03_parse/compact_expression_product.brp	1236	compact_expression_direct_parse_checkpoint	1012	6	8	0	1
blorp/src/compiler/stage_03_parse/compact_expression_product.brp	2322	compact_source_location	10	0	0	3	1
blorp/src/compiler/stage_03_parse/compact_expression_product.brp	2334	compact_unary_operator	6	0	0	1	1
blorp/src/compiler/stage_03_parse/compact_expression_product.brp	2342	compact_binary_operator	24	0	0	1	1
blorp/src/compiler/stage_03_parse/compact_expression_product.brp	2368	compact_logical_operator	6	0	0	1	1
blorp/src/compiler/stage_03_parse/compact_expression_product.brp	2376	compact_compound_assign_kind	12	0	0	1	1
blorp/src/compiler/stage_03_parse/compact_expression_product.brp	2390	parsed_compound_assign_operator	14	0	0	1	1
blorp/src/compiler/stage_03_parse/compact_expression_product.brp	2406	compact_dim_binary_kind	10	0	0	1	1
blorp/src/compiler/stage_03_parse/compact_expression_product.brp	2418	parsed_dim_binary_operator	14	0	0	1	1
blorp/src/compiler/stage_03_parse/compact_expression_product.brp	2434	parsed_unary_operator	8	0	0	2	1
blorp/src/compiler/stage_03_parse/compact_expression_product.brp	2444	parsed_binary_operator	26	0	0	2	1
blorp/src/compiler/stage_03_parse/compact_expression_product.brp	2472	parsed_logical_operator	8	0	0	2	1
blorp/src/compiler/stage_03_parse/compact_expression_product.brp	2482	compact_operator_matches_node	13	0	0	1	1
blorp/src/compiler/stage_03_parse/compact_expression_product.brp	2497	compact_unit_matches_node	17	0	0	1	1
blorp/src/compiler/stage_03_parse/compact_expression_product.brp	2516	compact_expected_child_count	47	0	0	1	1
blorp/src/compiler/stage_03_parse/compact_expression_product.brp	2565	compact_metadata_slice_is_valid	2	0	0	1	1
blorp/src/compiler/stage_03_parse/compact_expression_product.brp	2569	compact_type_exact_child_count	10	0	0	1	1
blorp/src/compiler/stage_03_parse/compact_expression_product.brp	2581	compact_type_uses_identifier_slice	6	0	0	1	1
blorp/src/compiler/stage_03_parse/compact_expression_product.brp	2589	compact_type_identifier_count_is_valid	13	0	0	1	1
blorp/src/compiler/stage_03_parse/compact_expression_product.brp	2604	compact_pattern_exact_child_count	6	0	0	1	1
blorp/src/compiler/stage_03_parse/compact_expression_product.brp	2612	compact_pattern_uses_identifier_slice	6	0	0	1	1
blorp/src/compiler/stage_03_parse/compact_expression_product.brp	2620	compact_pattern_identifier_count_is_valid	13	0	0	1	1
blorp/src/compiler/stage_03_parse/compact_expression_product.brp	2635	compact_source_span_is_valid	11	0	0	1	1
blorp/src/compiler/stage_03_parse/compact_expression_product.brp	2648	compact_expression_product_is_valid	1861	0	0	3	1
blorp/src/compiler/stage_03_parse/compact_expression_product.brp	4511	compact_expression_oracle_from_parsed_roots	2479	43	2	1	1
blorp/src/compiler/stage_03_parse/compact_expression_product.brp	6992	projected_child	11	0	0	5	1
blorp/src/compiler/stage_03_parse/compact_expression_product.brp	7023	compact_text_payload_name_index	9	0	0	1	1
blorp/src/compiler/stage_03_parse/compact_expression_product.brp	7034	projected_control_identifier	19	0	0	6	1
blorp/src/compiler/stage_03_parse/compact_expression_product.brp	7055	projected_concurrent_params	36	0	0	1	1
blorp/src/compiler/stage_03_parse/compact_expression_product.brp	7093	projected_identifier_slice	25	0	0	2	1
blorp/src/compiler/stage_03_parse/compact_expression_product.brp	7120	projected_optional_type	10	0	0	3	1
blorp/src/compiler/stage_03_parse/compact_expression_product.brp	7132	projected_type_identifier_at	19	0	0	1	1
blorp/src/compiler/stage_03_parse/compact_expression_product.brp	7153	projected_lambda_params	34	0	0	1	1
blorp/src/compiler/stage_03_parse/compact_expression_product.brp	7189	projected_function_params	57	0	0	1	1
blorp/src/compiler/stage_03_parse/compact_expression_product.brp	7248	projected_callable_type_params	47	0	0	1	1
blorp/src/compiler/stage_03_parse/compact_expression_product.brp	7297	projected_callable_dim_constraints	34	0	0	1	1
blorp/src/compiler/stage_03_parse/compact_expression_product.brp	7333	projected_function_annotations	32	0	0	1	1
blorp/src/compiler/stage_03_parse/compact_expression_product.brp	7367	projected_children	23	0	0	1	1
blorp/src/compiler/stage_03_parse/compact_expression_product.brp	7392	projected_record_fields	39	0	0	1	1
blorp/src/compiler/stage_03_parse/compact_expression_product.brp	7433	projected_dict_entries	31	0	0	1	1
blorp/src/compiler/stage_03_parse/compact_expression_product.brp	7466	projected_type_child	11	0	0	2	1
blorp/src/compiler/stage_03_parse/compact_expression_product.brp	7479	projected_type_children	23	0	0	1	1
blorp/src/compiler/stage_03_parse/compact_expression_product.brp	7504	projected_type_identifier	24	0	0	2	1
blorp/src/compiler/stage_03_parse/compact_expression_product.brp	7530	projected_type_identifiers	26	0	0	1	1
blorp/src/compiler/stage_03_parse/compact_expression_product.brp	7558	compact_project_types	130	0	0	1	1
blorp/src/compiler/stage_03_parse/compact_expression_product.brp	7690	projected_pattern_child	11	0	0	1	1
blorp/src/compiler/stage_03_parse/compact_expression_product.brp	7703	projected_pattern_children	22	0	0	1	1
blorp/src/compiler/stage_03_parse/compact_expression_product.brp	7727	projected_pattern_identifier	24	0	0	1	1
blorp/src/compiler/stage_03_parse/compact_expression_product.brp	7753	compact_project_patterns	139	0	0	1	1
blorp/src/compiler/stage_03_parse/compact_expression_product.brp	7894	compact_expression_oracle_project	909	23	6	0	1
blorp/src/compiler/stage_03_parse/compact_expression_product.brp	8805	compact_bound_name_lookup	27	0	0	1	1
blorp/src/compiler/stage_03_parse/compact_expression_product.brp	8834	compact_expression_oracle_reference_traversal	549	0	0	2	1
blorp/src/compiler/stage_03_parse/compact_expression_product.brp	9385	compact_expression_oracle_free_identifier_references	4	17	0	0	1
blorp/src/compiler/stage_03_parse/compact_expression_product.brp	9391	compact_expression_oracle_reference_traversal_counts	8	2	2	0	1
blorp/src/compiler/stage_03_parse/compact_expression_product.brp	9401	compact_expression_oracle_counts	49	16	7	0	1
blorp/src/compiler/stage_03_parse/compact_expression_product.brp	9452	compact_product_with_corrupt_binder_type_root	27	0	0	1	1
blorp/src/compiler/stage_03_parse/compact_expression_product.brp	9481	compact_corruption_scope_tuple_node_id	9	0	0	1	1
blorp/src/compiler/stage_03_parse/compact_expression_product.brp	9492	compact_corruption_match_case	10	0	0	1	1
blorp/src/compiler/stage_03_parse/compact_expression_product.brp	9504	compact_corruption_pattern_child	10	0	0	1	1
blorp/src/compiler/stage_03_parse/compact_expression_product.brp	9516	compact_expression_oracle_rejects_corruption	1528	2	0	0	1
blorp/src/compiler/stage_03_parse/language_parser.brp	938	token_range_cover	15	0	0	0	1
blorp/src/compiler/stage_03_parse/language_parser.brp	7636	raw_expression_parser_checkpoint	29	4	3	0	1
blorp/src/compiler/stage_03_parse/language_parser.brp	7667	raw_expression_parser_batch_checkpoint	35	2	3	0	1
blorp/src/compiler/stage_03_parse/parsed_ast.brp	12	parsed_program_phase_name	6	3	0	4	1
blorp/src/compiler/stage_03_parse/parsed_ast.brp	20	parsed_program_phase_from_name	7	4	0	0	1
blorp/src/compiler/stage_03_parse/parsed_ast.brp	519	parsed_program_ok	2	129	0	0	1
blorp/src/compiler/stage_03_parse/parsed_ast.brp	551	parsed_decl_span	2	0	0	0	1
blorp/src/compiler/stage_03_parse/parsed_ast.brp	581	parsed_type_expr_span	2	0	0	0	1
blorp/src/compiler/stage_03_parse/parsed_ast.brp	685	parsed_expr_span	2	0	0	0	1
blorp/src/compiler/stage_03_parse/parsed_ast.brp	807	parsed_param_binder_span	2	0	0	0	1
blorp/src/compiler/stage_03_parse/parsed_ast.brp	841	parsed_pattern_span	2	0	0	0	1
blorp/src/compiler/stage_03_parse/source_ast_finalize.brp	3435	finalize_interpolation_program_with_names	10	3	0	1	1
blorp/src/compiler/stage_03_parse/source_ast_finalize.brp	3454	finalize_interpolation_program	6	11	3	0	1
blorp/src/compiler/stage_03_parse/source_ast_finalize.brp	3482	finalize_nested_functions_program	5	8	2	0	1
blorp/src/compiler/stage_03_parse/source_ast_finalize.brp	3489	finalize_typecheck_source_program	6	13	2	0	1
blorp/src/compiler/stage_04_modules/loaded_module.brp	345	module_identity_for_compiler_surface	2	0	0	0	1
blorp/src/compiler/stage_04_modules/loaded_module.brp	373	module_identity_matches_canonical_path	13	2	0	0	1
blorp/src/compiler/stage_04_modules/module_table.brp	48	module_id_from_serialized_index	2	2	0	1	1
blorp/src/compiler/stage_04_modules/module_table.brp	221	module_tables_have_same_identity_rows	23	4	0	0	1
blorp/src/compiler/stage_06_typecheck/bridge.brp	1246	bind_standalone_typecheck_graph	12	0	0	1	1
blorp/src/compiler/stage_06_typecheck/bridge.brp	1460	dispatch_error_code	8	0	0	1	1
blorp/src/compiler/stage_06_typecheck/bridge.brp	1470	dispatch_error_message	8	0	0	1	1
blorp/src/compiler/stage_06_typecheck/bridge.brp	1480	dispatch_error_json	2	0	0	3	1
blorp/src/compiler/stage_06_typecheck/bridge.brp	1513	module_origin_from_json	27	0	0	1	1
blorp/src/compiler/stage_06_typecheck/bridge.brp	1542	optional_origin_field	8	0	0	2	1
blorp/src/compiler/stage_06_typecheck/bridge.brp	1552	import_module_from_json	22	0	0	2	1
blorp/src/compiler/stage_06_typecheck/bridge.brp	1576	import_modules_named_field	28	0	0	2	1
blorp/src/compiler/stage_06_typecheck/bridge.brp	1606	import_module_named_field	6	0	0	1	1
blorp/src/compiler/stage_06_typecheck/bridge.brp	1614	string_list_named_field	25	0	0	1	1
blorp/src/compiler/stage_06_typecheck/bridge.brp	1641	resolved_import_from_json	18	0	0	1	1
blorp/src/compiler/stage_06_typecheck/bridge.brp	1661	resolved_imports_field	27	0	0	2	1
blorp/src/compiler/stage_06_typecheck/bridge.brp	1690	comment_json	7	0	0	1	1
blorp/src/compiler/stage_06_typecheck/bridge.brp	1699	append_comment_jsons	12	0	0	1	1
blorp/src/compiler/stage_06_typecheck/bridge.brp	1719	source_comment_jsons	13	0	0	4	1
blorp/src/compiler/stage_06_typecheck/bridge.brp	1734	import_binding_to_json	69	0	0	3	1
blorp/src/compiler/stage_06_typecheck/bridge.brp	2258	body_graph_declaration_skeleton_count	6	0	0	1	1
blorp/src/compiler/stage_06_typecheck/bridge.brp	3266	typecheck_inventory_field	7	0	0	3	1
blorp/src/compiler/stage_06_typecheck/bridge.brp	3275	prepare_ctfe_dependencies_with_trace	96	0	0	1	1
blorp/src/compiler/stage_06_typecheck/bridge.brp	3373	prepare_ctfe_dependencies_from_bound_graph_with_trace	32	0	0	1	1
blorp/src/compiler/stage_06_typecheck/bridge.brp	3513	typecheck_ctfe_status_name	5	0	0	4	1
blorp/src/compiler/stage_06_typecheck/bridge.brp	3821	typechecked_prepared_module_with_ownership_and_trace	63	0	0	1	1
blorp/src/compiler/stage_06_typecheck/bridge.brp	3916	typechecked_module_artifact_from_fields	28	0	0	1	1
blorp/src/compiler/stage_06_typecheck/bridge.brp	3946	typechecked_module_artifact	35	0	0	2	1
blorp/src/compiler/stage_06_typecheck/bridge.brp	3983	emit_json_string_list	16	0	0	2	1
blorp/src/compiler/stage_06_typecheck/bridge.brp	4001	emit_import_bindings	20	0	0	2	1
blorp/src/compiler/stage_06_typecheck/bridge.brp	4023	emit_typechecked_module_artifact_field_chunks	32	0	0	1	1
blorp/src/compiler/stage_06_typecheck/bridge.brp	4057	emit_typechecked_module_artifact_chunks	38	0	0	1	1
blorp/src/compiler/stage_06_typecheck/bridge.brp	4128	typechecked_rejected_module_artifact	15	0	0	2	1
blorp/src/compiler/stage_06_typecheck/bridge.brp	4168	typed_source_artifact	140	0	0	1	1
blorp/src/compiler/stage_06_typecheck/bridge.brp	4433	typechecked_graph_module_with_trace	57	0	0	1	1
blorp/src/compiler/stage_06_typecheck/bridge.brp	4720	prepared_ctfe_dependencies_contain_program	18	0	0	1	1
blorp/src/compiler/stage_06_typecheck/bridge.brp	4740	emit_prepared_graph_inventory	57	0	0	1	1
blorp/src/compiler/stage_06_typecheck/bridge.brp	4799	emit_ctfe_global_evaluation_inventory	13	0	0	1	1
blorp/src/compiler/stage_06_typecheck/bridge.brp	4814	prepare_typecheck_graph_from_completed_headers_with_trace	78	0	0	1	1
blorp/src/compiler/stage_06_typecheck/bridge.brp	4894	prepare_typecheck_graph_with_trace	153	0	0	1	1
blorp/src/compiler/stage_06_typecheck/bridge.brp	5049	ctfe_materialization_metrics	52	0	0	1	1
blorp/src/compiler/stage_06_typecheck/bridge.brp	5103	typecheck_graph_with_metrics	66	15	2	0	1
blorp/src/compiler/stage_06_typecheck/bridge.brp	5273	typechecked_rejected_module_response	12	0	0	1	1
blorp/src/compiler/stage_06_typecheck/bridge.brp	5287	typechecked_graph_module_response	21	0	0	1	1
blorp/src/compiler/stage_06_typecheck/bridge.brp	5310	emit_typechecked_graph_module_response	96	0	0	1	1
blorp/src/compiler/stage_06_typecheck/bridge.brp	5408	emit_typechecked_rejected_module_response	28	0	0	1	1
blorp/src/compiler/stage_06_typecheck/bridge.brp	5438	handle_typecheck_source	26	0	0	1	1
blorp/src/compiler/stage_06_typecheck/bridge.brp	5466	typecheck_graph_request_from_body	18	0	0	2	1
blorp/src/compiler/stage_06_typecheck/bridge.brp	5486	stream_typecheck_graph_request_value	46	2	0	0	1
blorp/src/compiler/stage_06_typecheck/bridge.brp	5534	stream_typecheck_graph_request_chunks_impl	98	0	0	2	1
blorp/src/compiler/stage_06_typecheck/bridge.brp	5634	stream_typecheck_graph_request_chunks	8	3	2	0	1
blorp/src/compiler/stage_06_typecheck/bridge.brp	5644	stream_typecheck_graph_request_chunks_with_inventory	7	3	2	0	1
blorp/src/compiler/stage_06_typecheck/bridge.brp	5653	handle_envelope	10	0	0	1	1
blorp/src/compiler/stage_06_typecheck/bridge.brp	5665	handle_request_value	6	8	5	1	1
blorp/src/compiler/stage_06_typecheck/bridge.brp	5673	handle_request	4	2	2	0	1
blorp/src/compiler/stage_06_typecheck/decl.brp	823	completed_global_header_visibility	8	0	0	0	1
blorp/src/compiler/stage_06_typecheck/decl.brp	851	completed_global_header_global_dependencies	8	7	2	0	1
blorp/src/compiler/stage_06_typecheck/decl.brp	890	completed_global_header_graph_metrics	4	0	0	1	1
blorp/src/compiler/stage_06_typecheck/decl.brp	1791	typecheck_validate_typed_program	9	3	0	0	1
blorp/src/compiler/stage_06_typecheck/decl.brp	2097	dim_constraint_from_parsed	4	0	0	1	1
blorp/src/compiler/stage_06_typecheck/decl.brp	2103	canonical_dim_constraint_from_parsed	8	0	0	1	1
blorp/src/compiler/stage_06_typecheck/decl.brp	2547	typecheck_prescan_program	8	75	0	1	1
blorp/src/compiler/stage_06_typecheck/decl.brp	2589	typecheck_register_program_import_decls	8	5	0	0	1
blorp/src/compiler/stage_06_typecheck/decl.brp	2616	register_var_decl_with_type	21	0	0	1	1
blorp/src/compiler/stage_06_typecheck/decl.brp	2639	register_var_decl	26	0	0	1	1
blorp/src/compiler/stage_06_typecheck/decl.brp	2667	register_function_signature	46	0	0	2	1
blorp/src/compiler/stage_06_typecheck/decl.brp	2956	register_function_signature_with_semantic_types	82	0	0	1	1
blorp/src/compiler/stage_06_typecheck/decl.brp	3040	register_function_with_id	34	0	0	1	1
blorp/src/compiler/stage_06_typecheck/decl.brp	3467	register_function_decl	18	0	0	1	1
blorp/src/compiler/stage_06_typecheck/decl.brp	3487	register_foreign_function_decl	28	0	0	1	1
blorp/src/compiler/stage_06_typecheck/decl.brp	3517	add_trait_function_checked	16	0	0	1	1
blorp/src/compiler/stage_06_typecheck/decl.brp	3535	validate_trait_method_param_types	16	0	0	1	1
blorp/src/compiler/stage_06_typecheck/decl.brp	3553	register_trait_decl	18	0	0	1	1
blorp/src/compiler/stage_06_typecheck/decl.brp	3579	register_trait_with_id	14	0	0	1	1
blorp/src/compiler/stage_06_typecheck/decl.brp	3595	register_trait_with_identity	28	0	0	1	1
blorp/src/compiler/stage_06_typecheck/decl.brp	3870	impl_conflict_message	4	0	0	2	1
blorp/src/compiler/stage_06_typecheck/decl.brp	3876	add_source_impl_checked	9	0	0	1	1
blorp/src/compiler/stage_06_typecheck/decl.brp	3887	add_private_impl_checked	13	0	0	1	1
blorp/src/compiler/stage_06_typecheck/decl.brp	4063	impl_method_info_from_decl	19	0	0	1	1
blorp/src/compiler/stage_06_typecheck/decl.brp	4084	impl_method_info_from_semantic_types	50	0	0	1	1
blorp/src/compiler/stage_06_typecheck/decl.brp	4136	impl_method_infos_from_decl	22	0	0	1	1
blorp/src/compiler/stage_06_typecheck/decl.brp	4535	register_impl_decl_with_info	27	0	0	1	1
blorp/src/compiler/stage_06_typecheck/decl.brp	4572	register_impl_with_id	33	0	0	1	1
blorp/src/compiler/stage_06_typecheck/decl.brp	4607	register_impl_decl	24	0	0	1	1
blorp/src/compiler/stage_06_typecheck/decl.brp	4633	typecheck_register_signature_decl	23	0	0	2	1
blorp/src/compiler/stage_06_typecheck/decl.brp	4658	typecheck_register_signature_decls	11	0	0	1	1
blorp/src/compiler/stage_06_typecheck/decl.brp	4671	typecheck_register_program_signature_decls	9	60	0	0	1
blorp/src/compiler/stage_06_typecheck/decl.brp	4682	typecheck_register_impl_decl	16	0	0	1	1
blorp/src/compiler/stage_06_typecheck/decl.brp	4700	typecheck_register_impl_decls	11	3	0	1	1
blorp/src/compiler/stage_06_typecheck/decl.brp	4713	typecheck_register_program_impl_decls	9	16	0	0	1
blorp/src/compiler/stage_06_typecheck/decl.brp	5373	typecheck_check_function_body	9	9	0	0	1
blorp/src/compiler/stage_06_typecheck/decl.brp	6382	body_check_outcome_errors	6	6	0	0	1
blorp/src/compiler/stage_06_typecheck/decl.brp	6390	body_check_outcome_diagnostics	6	2	0	0	1
blorp/src/compiler/stage_06_typecheck/decl.brp	6735	typecheck_check_standalone_program_bodies	5	41	0	0	1
blorp/src/compiler/stage_06_typecheck/decl.brp	6742	typecheck_materialize_standalone_program_bodies	12	19	0	1	1
blorp/src/compiler/stage_06_typecheck/decl.brp	6805	typecheck_materialize_standalone_program_bodies_with_import_modules_with_trace	53	0	0	1	1
blorp/src/compiler/stage_06_typecheck/decl.brp	7166	typecheck_bind_standalone_program_module_view_without_graph_bindings	13	0	0	1	1
blorp/src/compiler/stage_06_typecheck/decl.brp	7181	typecheck_bind_standalone_program_module_view	18	3	0	1	1
blorp/src/compiler/stage_06_typecheck/decl.brp	9141	recoverable_typecheck_graph_diagnostics	14	4	0	1	1
blorp/src/compiler/stage_06_typecheck/decl.brp	9198	recoverable_typecheck_graph_declaration_skeleton_count	7	0	0	1	1
blorp/src/compiler/stage_06_typecheck/decl.brp	9207	accepted_typecheck_graph_declaration_skeleton_count	5	0	3	1	1
blorp/src/compiler/stage_06_typecheck/decl.brp	9220	accepted_typecheck_graph_implementation_headers	4	19	0	0	1
blorp/src/compiler/stage_06_typecheck/decl.brp	9226	accepted_typecheck_graph_definition_table	4	15	2	0	1
blorp/src/compiler/stage_06_typecheck/decl.brp	9232	accepted_typecheck_graph_semantic_catalog	4	9	2	0	1
blorp/src/compiler/stage_06_typecheck/decl.brp	9238	accepted_typecheck_graph_importable_graph	4	0	0	0	1
blorp/src/compiler/stage_06_typecheck/decl.brp	9256	accepted_typecheck_graph_completed_global_graph	4	0	0	0	1
blorp/src/compiler/stage_06_typecheck/decl.brp	9262	accepted_typecheck_graph_global_completion_metrics	6	2	2	0	1
blorp/src/compiler/stage_06_typecheck/decl.brp	9270	accepted_typecheck_graph_global_authority_metrics	8	0	0	0	1
blorp/src/compiler/stage_06_typecheck/decl.brp	9280	accepted_typecheck_graph_callable_authority_metrics	18	0	0	0	1
blorp/src/compiler/stage_06_typecheck/decl.brp	9300	accepted_typecheck_graph_trait_implementation_authority_metrics	20	2	0	0	1
blorp/src/compiler/stage_06_typecheck/decl.brp	9322	accepted_typecheck_graph_alias_metrics	11	0	0	0	1
blorp/src/compiler/stage_06_typecheck/decl.brp	9335	accepted_typecheck_graph_record_metrics	14	0	0	0	1
blorp/src/compiler/stage_06_typecheck/decl.brp	9351	accepted_typecheck_graph_union_metrics	11	0	0	0	1
blorp/src/compiler/stage_06_typecheck/decl.brp	9385	frontend_preparation_observation_empty	22	0	0	6	1
blorp/src/compiler/stage_06_typecheck/decl.brp	9409	frontend_preparation_observation_finish	13	0	0	7	1
blorp/src/compiler/stage_06_typecheck/decl.brp	9424	frontend_preparation_checksum_add	2	0	0	1	1
blorp/src/compiler/stage_06_typecheck/decl.brp	9428	frontend_preparation_checksum	24	0	0	1	1
blorp/src/compiler/stage_06_typecheck/decl.brp	9454	frontend_preparation_observation_add	23	0	0	4	1
blorp/src/compiler/stage_06_typecheck/decl.brp	9479	frontend_preparation_modules_include_id	7	0	0	1	1
blorp/src/compiler/stage_06_typecheck/decl.brp	9488	frontend_preparation_unique_declaration_observation	102	0	0	3	1
blorp/src/compiler/stage_06_typecheck/decl.brp	10243	accepted_body_module_preparation_semantic_observation	18	0	0	3	1
blorp/src/compiler/stage_06_typecheck/decl.brp	10263	observe_accepted_body_module_preparation	111	0	0	1	1
blorp/src/compiler/stage_06_typecheck/decl.brp	10376	accepted_typecheck_graph_declaration_preparation_observation	44	0	2	0	1
blorp/src/compiler/stage_06_typecheck/decl.brp	10422	accepted_typecheck_graph_initializer_preparation_observation	65	0	2	0	1
blorp/src/compiler/stage_06_typecheck/decl.brp	10489	accepted_typecheck_graph_ctfe_artifact_preparation_observation	53	0	2	0	1
blorp/src/compiler/stage_06_typecheck/decl.brp	10749	checked_body_meta_session	23	0	0	1	1
blorp/src/compiler/stage_06_typecheck/decl.brp	10779	body_check_context_meta_session	19	19	0	0	1
blorp/src/compiler/stage_06_typecheck/decl.brp	10815	accepted_typecheck_module_body_plan	7	5	0	0	1
blorp/src/compiler/stage_06_typecheck/decl.brp	11241	accepted_typecheck_module_body_context	37	4	0	0	1
blorp/src/compiler/stage_06_typecheck/decl.brp	11280	accepted_typecheck_module_module_table	3	1	0	0	1
blorp/src/compiler/stage_06_typecheck/decl.brp	11285	accepted_typecheck_module_definition_table	6	13	0	0	1
blorp/src/compiler/stage_06_typecheck/decl.brp	11616	body_outcome_table_for_base	50	0	0	2	1
blorp/src/compiler/stage_06_typecheck/decl.brp	11751	body_check_registry_outcome_table	5	8	0	1	1
blorp/src/compiler/stage_06_typecheck/decl.brp	11772	complete_body_outcome_table_count	3	3	0	0	1
blorp/src/compiler/stage_06_typecheck/decl.brp	11777	complete_body_outcome_table_source_order	4	3	0	0	1
blorp/src/compiler/stage_06_typecheck/decl.brp	11783	complete_body_outcome_table_for_contexts	68	0	0	1	1
blorp/src/compiler/stage_06_typecheck/decl.brp	11853	body_check_registry_complete_outcome_table_from_table	16	5	0	0	1
blorp/src/compiler/stage_06_typecheck/decl.brp	11995	body_check_registry_materialize_subset	9	3	0	0	1
blorp/src/compiler/stage_06_typecheck/decl.brp	12079	unplanned_seed_outcome_errors	15	0	0	1	1
blorp/src/compiler/stage_06_typecheck/decl.brp	12233	body_check_registry_materialize_complete_with_seed	47	4	0	0	1
blorp/src/compiler/stage_06_typecheck/decl.brp	12282	typecheck_program_with_type_header_module_in_body_order	9	6	0	0	1
blorp/src/compiler/stage_06_typecheck/decl.brp	12312	typecheck_program_with_type_header_module	4	6	0	0	1
blorp/src/compiler/stage_06_typecheck/decl.brp	12325	typecheck_program_with_accepted_type_headers_and_trace	48	0	0	2	1
blorp/src/compiler/stage_06_typecheck/decl.brp	12375	typecheck_program_with_type_header_module_and_trace	5	0	0	0	1
blorp/src/compiler/stage_06_typecheck/decl.brp	12382	typecheck_program_with_type_header_module_and_trace_for_policy	6	0	0	1	1
blorp/src/compiler/stage_06_typecheck/graph/definition_identity.brp	336	exported_symbol_key_owner	3	0	0	0	1
blorp/src/compiler/stage_06_typecheck/graph/definition_identity.brp	341	exported_symbol_key_name	3	5	0	0	1
blorp/src/compiler/stage_06_typecheck/graph/definition_identity.brp	646	func_callable_keys_equal	9	2	0	0	1
blorp/src/compiler/stage_06_typecheck/graph/definition_identity.brp	657	source_definition_keys_equal	14	0	0	0	1
blorp/src/compiler/stage_06_typecheck/graph/definition_index.brp	345	definition_source_kind	16	0	0	1	1
blorp/src/compiler/stage_06_typecheck/graph/definition_index.brp	409	definition_source_key_for_row	3	0	0	2	1
blorp/src/compiler/stage_06_typecheck/graph/definition_index.brp	456	definition_table_module_id	2	0	0	0	1
blorp/src/compiler/stage_06_typecheck/graph/definition_index.brp	646	definition_tables_are_compatible	32	0	0	0	1
blorp/src/compiler/stage_06_typecheck/graph/definition_index.brp	859	definition_index_conflict_message	5	4	0	0	1
blorp/src/compiler/stage_06_typecheck/graph/definition_index.brp	1142	definition_index_func_callable_bindings	21	8	0	1	1
blorp/src/compiler/stage_06_typecheck/graph/definition_index.brp	1169	definition_index_all_func_callable_bindings	21	3	2	0	1
blorp/src/compiler/stage_06_typecheck/graph/definition_index.brp	1192	definition_index_func_callables_at_span	35	0	0	0	1
blorp/src/compiler/stage_06_typecheck/graph/definition_index.brp	1698	definition_index_source_definition_bindings	20	21	3	0	1
blorp/src/compiler/stage_06_typecheck/graph/definition_index.brp	1724	definition_index_all_source_definition_bindings	20	3	2	0	1
blorp/src/compiler/stage_06_typecheck/graph/definition_index.brp	1746	definition_index_func_callable_id_count	3	15	4	1	1
blorp/src/compiler/stage_06_typecheck/graph/definition_index.brp	1751	definition_index_source_definition_id_count	3	11	4	1	1
blorp/src/compiler/stage_06_typecheck/graph/indexed_graph.brp	880	prepared_module_scope_find_module	10	2	0	0	1
blorp/src/compiler/stage_06_typecheck/graph/source_name_table.brp	75	register_source_name_catalog_work_counters	8	0	2	0	1
blorp/src/compiler/stage_06_typecheck/headers/callable_headers.brp	276	callable_header_category	6	3	0	0	1
blorp/src/compiler/stage_06_typecheck/headers/declaration_skeleton.brp	652	declaration_skeleton_visibility	16	3	0	0	1
blorp/src/compiler/stage_06_typecheck/headers/declaration_skeleton.brp	670	declaration_skeleton_source	16	3	0	0	1
blorp/src/compiler/stage_06_typecheck/headers/declaration_skeleton.brp	1405	declaration_skeleton_graph_skeletons	4	11	3	1	1
blorp/src/compiler/stage_06_typecheck/headers/declaration_skeleton.brp	1490	declaration_skeleton_graph_constructor_lookup_candidate_count	41	2	2	0	1
blorp/src/compiler/stage_06_typecheck/headers/implementation_headers.brp	282	implementation_header_method_ids	2	4	2	0	1
blorp/src/compiler/stage_06_typecheck/headers/trait_headers.brp	158	trait_type_parameter_owner	2	2	0	0	1
blorp/src/compiler/stage_06_typecheck/headers/trait_headers.brp	166	trait_type_parameter_bounds	2	3	2	0	1
blorp/src/compiler/stage_06_typecheck/headers/trait_headers.brp	769	trait_topology_graph_find_definition_id	12	0	0	0	1
blorp/src/compiler/stage_06_typecheck/headers/trait_headers.brp	783	trait_topology_graph_find_method	11	3	0	0	1
blorp/src/compiler/stage_06_typecheck/headers/type_decl_analysis.brp	97	variant_from_parsed	12	0	0	1	1
blorp/src/compiler/stage_06_typecheck/headers/type_decl_analysis.brp	111	variants_from_parsed	5	0	0	0	1
blorp/src/compiler/stage_06_typecheck/headers/type_header_dependencies.brp	96	append_unique_names	8	0	0	1	1
blorp/src/compiler/stage_06_typecheck/headers/type_header_dependencies.brp	197	local_alias_dependencies	16	0	0	1	1
blorp/src/compiler/stage_06_typecheck/headers/type_header_dependencies.brp	215	alias_decls_in_decl	8	0	0	2	1
blorp/src/compiler/stage_06_typecheck/headers/type_header_dependencies.brp	225	local_type_alias_dependency_graph_build	31	5	0	0	1
blorp/src/compiler/stage_06_typecheck/headers/type_header_dependencies.brp	258	local_type_alias_dependency_graph_rep	4	0	0	2	1
blorp/src/compiler/stage_06_typecheck/headers/type_header_dependencies.brp	264	local_type_alias_dependency_graph_nodes	4	2	0	0	1
blorp/src/compiler/stage_06_typecheck/headers/type_header_dependencies.brp	270	alias_cycle_from_path	12	0	0	1	1
blorp/src/compiler/stage_06_typecheck/headers/type_header_dependencies.brp	284	search_alias_cycle_from	44	0	0	2	1
blorp/src/compiler/stage_06_typecheck/headers/type_header_dependencies.brp	330	local_type_alias_dependency_graph_check_cycles	31	4	0	0	1
blorp/src/compiler/stage_06_typecheck/headers/type_header_dependencies.brp	584	type_alias_dependency_graph_nodes	4	3	0	1	1
blorp/src/compiler/stage_06_typecheck/headers/type_header_dependencies.brp	762	type_alias_dependency_graph_validation_errors	8	2	0	0	1
blorp/src/compiler/stage_06_typecheck/headers/type_header_dependencies.brp	808	acyclic_type_alias_dependency_graph_nodes	4	2	2	0	1
blorp/src/compiler/stage_06_typecheck/headers/type_header_graph.brp	599	trait_type_parameter_id_index	2	3	3	1	1
blorp/src/compiler/stage_06_typecheck/headers/type_header_graph.brp	607	trait_type_parameter_ids_equal	8	0	0	0	1
blorp/src/compiler/stage_06_typecheck/headers/type_header_graph.brp	646	callable_type_parameter_id_index	2	7	5	0	1
blorp/src/compiler/stage_06_typecheck/headers/type_header_graph.brp	654	callable_type_parameter_ids_equal	12	0	0	0	1
blorp/src/compiler/stage_06_typecheck/headers/type_header_graph.brp	697	implementation_type_parameter_id_index	2	2	3	0	1
blorp/src/compiler/stage_06_typecheck/headers/type_header_graph.brp	705	implementation_type_parameter_ids_equal	12	0	0	0	1
blorp/src/compiler/stage_06_typecheck/headers/type_header_graph.brp	3431	type_header_graph_parameter_graph	2	0	0	0	1
blorp/src/compiler/stage_06_typecheck/headers/type_header_graph.brp	3450	type_header_graph_headers	2	5	2	0	1
blorp/src/compiler/stage_06_typecheck/headers/type_header_graph.brp	3458	type_header_graph_declaration_skeleton_count	2	0	0	2	1
blorp/src/compiler/stage_06_typecheck/headers/type_header_install.brp	1316	typecheck_install_imported_builtin_headers	14	4	0	0	1
blorp/src/compiler/stage_06_typecheck/headers/type_header_install.brp	1348	typecheck_install_imported_record_headers	14	4	0	0	1
blorp/src/compiler/stage_06_typecheck/headers/type_header_install.brp	1380	typecheck_install_imported_union_headers	14	3	0	0	1
blorp/src/compiler/stage_06_typecheck/headers/type_header_install.brp	1412	typecheck_install_imported_alias_headers	14	3	0	0	1
blorp/src/compiler/stage_06_typecheck/headers/type_parameter_headers.brp	232	resolved_type_parameter_graph_entries	4	2	2	0	1
blorp/src/compiler/stage_06_typecheck/headers/type_resolution.brp	259	resolve_imported_type_aliases_from_bindings	10	3	0	0	1
blorp/src/compiler/stage_06_typecheck/headers/type_resolution.brp	279	qualify_imported_type	18	0	0	1	1
blorp/src/compiler/stage_06_typecheck/headers/type_resolution.brp	299	imported_annotation_type	11	0	0	1	1
blorp/src/compiler/stage_06_typecheck/headers/type_resolution.brp	312	imported_function_annotation_type	15	0	0	0	1
blorp/src/compiler/stage_06_typecheck/infer.brp	1053	infer_with_canonical_expected	5	43	0	0	1
blorp/src/compiler/stage_06_typecheck/infer.brp	1423	infer_context_expected_slot	6	9	0	0	1
blorp/src/compiler/stage_06_typecheck/infer.brp	2058	typed_expr_origin	2	2	0	0	1
blorp/src/compiler/stage_06_typecheck/infer.brp	2062	typed_expr_widening	2	3	0	9	1
blorp/src/compiler/stage_06_typecheck/infer.brp	6006	typed_expr_var_initializer_widening	6	3	0	0	1
blorp/src/compiler/stage_06_typecheck/infer.brp	6014	typed_expr_binary_left_widening	6	2	0	0	1
blorp/src/compiler/stage_06_typecheck/infer.brp	6022	typed_expr_binary_right_widening	6	2	0	0	1
blorp/src/compiler/stage_06_typecheck/infer.brp	6030	typed_expr_call_arg_widening	10	4	0	0	1
blorp/src/compiler/stage_06_typecheck/infer.brp	6042	typed_expr_list_item_widening	10	2	0	0	1
blorp/src/compiler/stage_06_typecheck/infer.brp	6054	typed_expr_vector_item_widening	10	2	0	0	1
blorp/src/compiler/stage_06_typecheck/infer.brp	6066	typed_expr_dict_key_widening	10	2	0	0	1
blorp/src/compiler/stage_06_typecheck/infer.brp	6078	typed_expr_dict_value_widening	10	2	0	0	1
blorp/src/compiler/stage_06_typecheck/infer.brp	6090	typed_record_field_widening	20	0	0	1	1
blorp/src/compiler/stage_06_typecheck/infer.brp	6112	typed_expr_record_field_widening	11	3	0	0	1
blorp/src/compiler/stage_06_typecheck/infer.brp	6125	typed_expr_field_access_receiver_type	6	2	0	0	1
blorp/src/compiler/stage_06_typecheck/infer.brp	18398	match_body_context	6	0	0	0	1
blorp/src/compiler/stage_06_typecheck/inventory.brp	81	optional_typed_expr_node_count	6	0	0	2	1
blorp/src/compiler/stage_06_typecheck/inventory.brp	89	typed_expr_list_node_count	7	0	0	1	1
blorp/src/compiler/stage_06_typecheck/inventory.brp	98	typed_expr_node_count	163	0	0	4	1
blorp/src/compiler/stage_06_typecheck/inventory.brp	263	typed_decl_expr_node_count	27	0	0	2	1
blorp/src/compiler/stage_06_typecheck/inventory.brp	292	typed_decls_inventory	11	0	0	2	1
blorp/src/compiler/stage_06_typecheck/inventory.brp	305	typed_program_inventory	2	0	0	2	1
blorp/src/compiler/stage_06_typecheck/modules/bound_module_graph.brp	173	bound_module_source_module_name	3	0	0	0	1
blorp/src/compiler/stage_06_typecheck/modules/module_binding.brp	205	importable_module_surface	8	2	2	0	1
blorp/src/compiler/stage_06_typecheck/modules/module_binding.brp	377	importable_module	6	25	0	0	1
blorp/src/compiler/stage_06_typecheck/modules/module_binding.brp	525	importable_module_local_type_names	6	4	2	0	1
blorp/src/compiler/stage_06_typecheck/modules/module_binding.brp	541	importable_module_signature_decls	8	4	2	0	1
blorp/src/compiler/stage_06_typecheck/modules/module_binding.brp	551	importable_module_impl_decls	6	4	2	0	1
blorp/src/compiler/stage_06_typecheck/modules/module_binding.brp	1046	register_import_symbol_syntax	24	0	0	1	1
blorp/src/compiler/stage_06_typecheck/modules/module_binding.brp	1072	register_import_constructor	16	0	0	1	1
blorp/src/compiler/stage_06_typecheck/modules/module_binding.brp	1090	register_import_symbols_syntax	11	0	0	1	1
blorp/src/compiler/stage_06_typecheck/modules/module_binding.brp	1103	register_import_decl_syntax	22	0	0	1	1
blorp/src/compiler/stage_06_typecheck/modules/module_binding.brp	1127	register_imports_decl_syntax	16	0	0	2	1
blorp/src/compiler/stage_06_typecheck/modules/module_binding.brp	1145	register_program_import_syntax	10	0	0	2	1
blorp/src/compiler/stage_06_typecheck/modules/module_view.brp	458	bound_candidate_table_append_accepted_import	11	0	0	0	1
blorp/src/compiler/stage_06_typecheck/modules/module_view.brp	619	bound_import_request_is_selective	6	0	0	0	1
blorp/src/compiler/stage_06_typecheck/modules/module_view.brp	656	bound_import_candidate	154	0	0	1	1
blorp/src/compiler/stage_06_typecheck/modules/module_view.brp	812	bound_accepted_local_candidate_rows	16	0	0	1	1
blorp/src/compiler/stage_06_typecheck/modules/module_view.brp	830	bound_candidates_from_visibility	135	0	0	1	1
blorp/src/compiler/stage_06_typecheck/modules/module_view.brp	967	module_view_bound_candidates	6	4	0	0	1
blorp/src/compiler/stage_06_typecheck/modules/module_view.brp	1278	module_view_graph_bound_name_count	6	26	2	0	1
blorp/src/compiler/stage_06_typecheck/modules/module_view.brp	1422	module_view_for_standalone_source_bindings	15	0	0	1	1
blorp/src/compiler/stage_06_typecheck/modules/module_view.brp	1477	module_view_module_alias_count	19	2	3	1	1
blorp/src/compiler/stage_06_typecheck/modules/module_view.brp	1502	graph_imported_names_from_bindings	18	0	0	1	1
blorp/src/compiler/stage_06_typecheck/modules/module_view.brp	1522	module_view_imported_names	8	16	9	1	1
blorp/src/compiler/stage_06_typecheck/modules/module_view.brp	1532	module_view_imported_constructors	33	10	2	0	1
blorp/src/compiler/stage_06_typecheck/modules/module_view.brp	1691	bound_name_constructor	36	0	0	1	1
blorp/src/compiler/stage_06_typecheck/modules/module_view.brp	1934	bound_name_alias_row_id	8	0	0	0	1
blorp/src/compiler/stage_06_typecheck/modules/module_view.brp	1944	bound_name_selective_row_id	8	0	0	0	1
blorp/src/compiler/stage_06_typecheck/modules/module_view.brp	2059	module_view_graph_target_matches_path	10	0	0	0	1
blorp/src/compiler/stage_06_typecheck/modules/module_view.brp	3219	bound_visibility_without_unqualified_names	39	0	0	1	1
blorp/src/compiler/stage_06_typecheck/modules/module_view.brp	3260	module_view_without_unqualified_names	42	9	0	1	1
blorp/src/compiler/stage_06_typecheck/modules/module_visibility.brp	139	reachable_importable_modules	7	0	0	0	1
blorp/src/compiler/stage_06_typecheck/state.brp	543	typecheck_state_module_table	2	0	0	0	1
blorp/src/compiler/stage_06_typecheck/state.brp	781	typecheck_state_find_scoped_trait_function	12	0	0	0	1
blorp/src/compiler/stage_06_typecheck/state.brp	838	typecheck_state_locate_diagnostics_since	18	0	0	0	1
blorp/src/compiler/stage_06_typecheck/state.brp	997	typecheck_state_clear_module_name_indexes	2	2	0	0	1
blorp/src/compiler/stage_06_typecheck/state.brp	1703	typecheck_state_has_known_resource_type_name	2	11	9	0	1
blorp/src/compiler/stage_06_typecheck/state.brp	1707	typecheck_state_clear_known_type_index	2	2	0	0	1
blorp/src/compiler/stage_06_typecheck/state.brp	1718	typecheck_state_type_home_is_imported	2	13	8	0	1
blorp/src/compiler/stage_06_typecheck/state.brp	1855	typecheck_state_func_callable_bindings	9	15	0	0	1
blorp/src/compiler/stage_06_typecheck/state.brp	2126	typecheck_state_restore_module_scope	36	2	0	0	1
blorp/src/compiler/stage_06_typecheck/state.brp	2280	typecheck_state_add_private_impl	5	2	0	1	1
blorp/src/compiler/stage_06_typecheck/state.brp	2287	typecheck_state_find_private_impl_conflict	17	2	0	1	1
blorp/src/compiler/stage_06_typecheck/state.brp	2398	infer_module_facts_module_table	2	0	0	0	1
blorp/src/compiler/stage_06_typecheck/trace.brp	53	typecheck_trace_phase_name	70	39	2	0	1
blorp/src/compiler/stage_06_typecheck/type_system/accepted_alias_authority.brp	532	accepted_alias_module_view_binding_count	2	2	0	0	1
blorp/src/compiler/stage_06_typecheck/type_system/accepted_alias_authority.brp	564	accepted_alias_authority_without_visible_names	7	0	0	1	1
blorp/src/compiler/stage_06_typecheck/type_system/accepted_alias_authority.brp	607	accepted_alias_exact_transparent	43	4	0	0	1
blorp/src/compiler/stage_06_typecheck/type_system/accepted_callable_authority.brp	720	accepted_callable_authority_without_visible_names	5	2	0	1	1
blorp/src/compiler/stage_06_typecheck/type_system/accepted_callable_authority.brp	1126	accepted_callable_authority_metrics	55	0	0	1	1
blorp/src/compiler/stage_06_typecheck/type_system/accepted_global_authority.brp	354	accepted_global_table_source_name_table	2	2	0	0	1
blorp/src/compiler/stage_06_typecheck/type_system/accepted_global_authority.brp	358	accepted_global_authority_metrics	8	0	0	1	1
blorp/src/compiler/stage_06_typecheck/type_system/accepted_global_authority.brp	578	accepted_global_authority_without_visible_names	7	0	0	1	1
blorp/src/compiler/stage_06_typecheck/type_system/accepted_global_authority.brp	733	accepted_global_exact	61	3	0	0	1
blorp/src/compiler/stage_06_typecheck/type_system/accepted_record_authority.brp	229	known_type_at	11	0	0	1	1
blorp/src/compiler/stage_06_typecheck/type_system/accepted_record_authority.brp	455	accepted_record_module_view_binding_count	2	2	0	0	1
blorp/src/compiler/stage_06_typecheck/type_system/accepted_record_authority.brp	473	accepted_record_authority_without_visible_names	8	2	0	1	1
blorp/src/compiler/stage_06_typecheck/type_system/accepted_record_authority.brp	713	accepted_record_exact	40	4	0	1	1
blorp/src/compiler/stage_06_typecheck/type_system/accepted_record_authority.brp	755	accepted_record_field_exact	15	4	0	0	1
blorp/src/compiler/stage_06_typecheck/type_system/accepted_record_authority.brp	776	accepted_record_table_fields	15	0	0	1	1
blorp/src/compiler/stage_06_typecheck/type_system/accepted_semantic_catalog.brp	249	accepted_semantic_catalog_module_table	2	0	0	0	1
blorp/src/compiler/stage_06_typecheck/type_system/accepted_semantic_catalog.brp	253	accepted_semantic_catalog_definition_table	4	2	0	1	1
blorp/src/compiler/stage_06_typecheck/type_system/accepted_semantic_catalog.brp	277	accepted_semantic_catalog_alias_graph	4	2	0	0	1
blorp/src/compiler/stage_06_typecheck/type_system/accepted_semantic_catalog.brp	283	accepted_semantic_catalog_record_graph	4	2	0	0	1
blorp/src/compiler/stage_06_typecheck/type_system/accepted_semantic_catalog.brp	289	accepted_semantic_catalog_union_graph	4	2	0	0	1
blorp/src/compiler/stage_06_typecheck/type_system/accepted_semantic_catalog.brp	313	accepted_semantic_catalog_constructor_table	4	4	2	1	1
blorp/src/compiler/stage_06_typecheck/type_system/accepted_semantic_catalog.brp	319	accepted_semantic_catalog_field_table	4	4	2	1	1
blorp/src/compiler/stage_06_typecheck/type_system/accepted_semantic_catalog.brp	325	accepted_constructor_table_entry_count	2	4	2	0	1
blorp/src/compiler/stage_06_typecheck/type_system/accepted_semantic_catalog.brp	329	accepted_field_table_entry_count	2	4	2	0	1
blorp/src/compiler/stage_06_typecheck/type_system/accepted_semantic_catalog.brp	333	accepted_constructor_table_variants	10	3	0	1	1
blorp/src/compiler/stage_06_typecheck/type_system/accepted_semantic_catalog.brp	345	accepted_field_table_fields	6	3	0	1	1
blorp/src/compiler/stage_06_typecheck/type_system/accepted_semantic_catalog.brp	353	accepted_semantic_catalog_table_counts	23	4	0	0	1
blorp/src/compiler/stage_06_typecheck/type_system/accepted_trait_implementation_authority.brp	1303	table_find_implementation_index	11	0	0	0	1
blorp/src/compiler/stage_06_typecheck/type_system/accepted_trait_implementation_authority.brp	1936	accepted_trait_implementation_authority_without_visible_names	10	0	0	1	1
blorp/src/compiler/stage_06_typecheck/type_system/accepted_trait_implementation_authority.brp	2470	implementation_for_authority	20	0	0	0	1
blorp/src/compiler/stage_06_typecheck/type_system/accepted_trait_implementation_authority.brp	2539	accepted_implementation_candidate_count	6	4	0	0	1
blorp/src/compiler/stage_06_typecheck/type_system/accepted_trait_implementation_authority.brp	2979	accepted_find_unsatisfied_trait_obligation	17	0	0	0	1
blorp/src/compiler/stage_06_typecheck/type_system/accepted_trait_implementation_authority.brp	3394	accepted_trait_implementation_authority_metrics	28	0	0	1	1
blorp/src/compiler/stage_06_typecheck/type_system/accepted_union_authority.brp	831	accepted_union_authority_without_visible_names	9	2	0	1	1
blorp/src/compiler/stage_06_typecheck/type_system/accepted_union_authority.brp	1091	accepted_union_entry_count	2	2	0	0	1
blorp/src/compiler/stage_06_typecheck/type_system/accepted_union_authority.brp	1095	accepted_union_table_entry_count	2	4	0	2	1
blorp/src/compiler/stage_06_typecheck/type_system/accepted_union_authority.brp	1099	accepted_union_table_constructor_count	7	0	0	2	1
blorp/src/compiler/stage_06_typecheck/type_system/accepted_union_authority.brp	1140	accepted_union_table_variants	13	0	0	1	1
blorp/src/compiler/stage_06_typecheck/type_system/accepted_union_authority.brp	1209	accepted_union_exact	42	5	0	0	1
blorp/src/compiler/stage_06_typecheck/type_system/builtins.brp	466	builtin_may_park_fiber	2	5	0	0	1
blorp/src/compiler/stage_06_typecheck/type_system/builtins.brp	470	builtin_is_os_worker_blocking	2	2	0	0	1
blorp/src/compiler/stage_06_typecheck/type_system/context.brp	174	context_for_fresh_infer_session	2	0	3	0	1
blorp/src/compiler/stage_06_typecheck/type_system/context.brp	189	source_package_origin	7	3	0	0	1
blorp/src/compiler/stage_06_typecheck/type_system/context.brp	198	native_package_origin	7	2	0	0	1
blorp/src/compiler/stage_06_typecheck/type_system/context.brp	251	module_origin_label	10	3	0	0	1
blorp/src/compiler/stage_06_typecheck/type_system/context.brp	315	meta_origin_name	11	2	0	0	1
blorp/src/compiler/stage_06_typecheck/type_system/context.brp	360	meta_solver_session	5	10	10	0	1
blorp/src/compiler/stage_06_typecheck/type_system/context.brp	367	meta_solver_bound_count	8	0	3	0	1
blorp/src/compiler/stage_06_typecheck/type_system/context.brp	377	meta_solver_states_equal	11	0	2	0	1
blorp/src/compiler/stage_06_typecheck/type_system/context.brp	390	meta_bindings_equal	27	0	0	1	1
blorp/src/compiler/stage_06_typecheck/type_system/context.brp	593	occurs_meta	7	2	0	0	1
blorp/src/compiler/stage_06_typecheck/type_system/context.brp	773	unify_subst_lookup	2	2	0	0	1
blorp/src/compiler/stage_06_typecheck/type_system/context.brp	1348	unify_with_type_params	12	2	0	1	1
blorp/src/compiler/stage_06_typecheck/type_system/context.brp	1362	unify_symmetric_with_type_params	12	2	0	0	1
blorp/src/compiler/stage_06_typecheck/type_system/context.brp	1376	types_compatible_in_context	6	4	0	0	1
blorp/src/compiler/stage_06_typecheck/type_system/context.brp	1384	types_compatible_with_params_in_context	7	2	0	0	1
blorp/src/compiler/stage_06_typecheck/type_system/context.brp	1393	types_bidirectional_in_context	6	5	0	0	1
blorp/src/compiler/stage_06_typecheck/type_system/context.brp	1401	types_compatible_rigid_in_context	12	3	0	0	1
blorp/src/compiler/stage_06_typecheck/type_system/context.brp	1449	reset_meta	2	2	4	0	1
blorp/src/compiler/stage_06_typecheck/type_system/context.brp	1453	reset_core_counters	12	2	0	0	1
blorp/src/compiler/stage_06_typecheck/type_system/env.brp	878	env_add_var	10	13	2	0	1
blorp/src/compiler/stage_06_typecheck/type_system/env.brp	928	env_is_func_param	14	2	0	0	1
blorp/src/compiler/stage_06_typecheck/type_system/env.brp	1064	env_add_func	26	29	0	0	1
blorp/src/compiler/stage_06_typecheck/type_system/env.brp	1107	env_get_func_callable_id	10	4	0	0	1
blorp/src/compiler/stage_06_typecheck/type_system/env.brp	1119	env_is_builtin_func	10	9	0	0	1
blorp/src/compiler/stage_06_typecheck/type_system/env.brp	1307	fields_containment_summary	17	0	0	1	1
blorp/src/compiler/stage_06_typecheck/type_system/env.brp	1525	env_add_record	27	35	0	0	1
blorp/src/compiler/stage_06_typecheck/type_system/env.brp	1659	env_add_opaque_alias	18	4	0	0	1
blorp/src/compiler/stage_06_typecheck/type_system/env.brp	1765	env_type_resource_scan_is_proven_unnecessary	2	13	0	0	1
blorp/src/compiler/stage_06_typecheck/type_system/env.brp	2356	trait_method_names_seen	26	0	0	2	1
blorp/src/compiler/stage_06_typecheck/type_system/env.brp	2384	env_trait_method_names_transitive	2	2	0	0	1
blorp/src/compiler/stage_06_typecheck/type_system/env.brp	2479	env_trait_function_collision	13	2	0	1	1
blorp/src/compiler/stage_06_typecheck/type_system/env.brp	3029	env_find_conflicting_impl	14	4	0	2	1
blorp/src/compiler/stage_06_typecheck/type_system/env.brp	3227	env_find_unsatisfied_trait_obligation	15	0	0	0	1
blorp/src/compiler/stage_06_typecheck/type_system/env.brp	3579	select_unique_best_overload	22	0	0	1	1
blorp/src/compiler/stage_06_typecheck/type_system/env.brp	3603	env_select_overload_for_args	11	7	0	0	1
blorp/src/compiler/stage_06_typecheck/type_system/generic_params.brp	80	bound_type_param_to_parser_string	5	6	0	0	1
blorp/src/compiler/stage_06_typecheck/type_system/meta_identity.brp	149	meta_body_session	16	20	2	1	1
blorp/src/compiler/stage_06_typecheck/type_system/refinement.brp	133	proof_sources_equal	38	3	0	0	1
blorp/src/compiler/stage_06_typecheck/type_system/refinement.brp	173	proven_collections_equal	23	2	0	2	1
blorp/src/compiler/stage_06_typecheck/type_system/refinement.brp	205	dimension_identity	5	2	0	0	1
blorp/src/compiler/stage_06_typecheck/type_system/refinement.brp	212	collection_var	2	3	0	0	1
blorp/src/compiler/stage_06_typecheck/type_system/refinement.brp	216	collection_subscript	5	3	0	0	1
blorp/src/compiler/stage_06_typecheck/type_system/refinement.brp	223	collection_dim	5	4	0	0	1
blorp/src/compiler/stage_06_typecheck/type_system/refinement.brp	230	direct_collection_var	6	0	0	1	1
blorp/src/compiler/stage_06_typecheck/type_system/refinement.brp	238	collection_dim_at_most	6	3	0	0	1
blorp/src/compiler/stage_06_typecheck/type_system/refinement.brp	253	range_upper_dimension	2	2	0	0	1
blorp/src/compiler/stage_06_typecheck/type_system/refinement.brp	257	range_upper_length_minus	5	2	0	0	1
blorp/src/compiler/stage_06_typecheck/type_system/refinement.brp	264	range_upper_at_most_length	2	2	0	0	1
blorp/src/compiler/stage_06_typecheck/type_system/refinement.brp	295	make_range_proof	2	12	0	0	1
blorp/src/compiler/stage_06_typecheck/type_system/refinement.brp	299	range_proof_source	2	2	0	0	1
blorp/src/compiler/stage_06_typecheck/type_system/refinement.brp	303	make_subscript_proof	5	2	0	2	1
blorp/src/compiler/stage_06_typecheck/type_system/refinement.brp	310	subscript_proof_source	2	2	0	0	1
blorp/src/compiler/stage_06_typecheck/type_system/refinement.brp	323	binding_add_range_proof	10	4	0	0	1
blorp/src/compiler/stage_06_typecheck/type_system/refinement.brp	335	binding_add_subscript_proof	16	4	0	1	1
blorp/src/compiler/stage_06_typecheck/type_system/refinement.brp	373	binding_proves_subscript	6	10	0	0	1
blorp/src/compiler/stage_06_typecheck/type_system/refinement.brp	381	binding_direct_collection_vars	10	2	0	0	1
blorp/src/compiler/stage_06_typecheck/type_system/refinement.brp	400	dimension_bound	2	2	0	0	1
blorp/src/compiler/stage_06_typecheck/type_system/refinement.brp	404	collection_length_bound	2	2	0	0	1
blorp/src/compiler/stage_06_typecheck/type_system/refinement.brp	437	covers_const_dim	6	3	0	1	1
blorp/src/compiler/stage_06_typecheck/type_system/refinement.brp	445	covers_dimension	6	0	0	1	1
blorp/src/compiler/stage_06_typecheck/type_system/refinement.brp	453	covers_same_collection	8	3	0	1	1
blorp/src/compiler/stage_06_typecheck/type_system/refinement.brp	523	proves_direct_subscript_with_bounds	38	2	0	1	1
blorp/src/compiler/stage_06_typecheck/type_system/refinement.brp	563	proves_direct_subscript	2	7	0	1	1
blorp/src/compiler/stage_06_typecheck/type_system/refinement.brp	641	binding_proves_direct_range	6	6	0	0	1
blorp/src/compiler/stage_06_typecheck/type_system/refinement.brp	669	remove_subscript_proofs_for_var	11	0	0	2	1
blorp/src/compiler/stage_06_typecheck/type_system/refinement.brp	682	remove_range_proofs_for_var	11	0	0	2	1
blorp/src/compiler/stage_06_typecheck/type_system/refinement.brp	695	find_subscript_proof_for_var	12	0	0	1	1
blorp/src/compiler/stage_06_typecheck/type_system/refinement.brp	709	find_range_proof_for_var	12	0	0	1	1
blorp/src/compiler/stage_06_typecheck/type_system/refinement.brp	723	proof_env_without_subscript	2	2	0	0	1
blorp/src/compiler/stage_06_typecheck/type_system/refinement.brp	727	proof_env_without_range	2	2	0	1	1
blorp/src/compiler/stage_06_typecheck/type_system/refinement.brp	731	proof_env_add_subscript	12	3	0	0	1
blorp/src/compiler/stage_06_typecheck/type_system/refinement.brp	745	proof_env_apply_subscript_to_binding	10	3	0	0	1
blorp/src/compiler/stage_06_typecheck/type_system/refinement.brp	757	proof_env_add_range_proof	8	0	0	1	1
blorp/src/compiler/stage_06_typecheck/type_system/refinement.brp	767	proof_env_add_range_bounds	12	3	0	0	1
blorp/src/compiler/stage_06_typecheck/type_system/refinement.brp	781	proof_env_find_range	2	3	0	0	1
blorp/src/compiler/stage_06_typecheck/type_system/refinement.brp	785	immutable_subject	6	3	0	0	1
blorp/src/compiler/stage_06_typecheck/type_system/refinement.brp	793	immutable_alias_subject	9	2	0	0	1
blorp/src/compiler/stage_06_typecheck/type_system/refinement.brp	804	mutable_subject	6	2	0	0	1
blorp/src/compiler/stage_06_typecheck/type_system/refinement.brp	812	make_branch_range_proof	17	4	0	0	1
blorp/src/compiler/stage_06_typecheck/type_system/refinement.brp	831	branch_range_subject	2	3	0	0	1
blorp/src/compiler/stage_06_typecheck/type_system/refinement.brp	835	branch_range_proof	2	2	0	0	1
blorp/src/compiler/stage_06_typecheck/type_system/semantic_type.brp	79	semantic_function_type	6	12	0	0	1
blorp/src/compiler/stage_06_typecheck/type_system/semantic_type.brp	345	is_type_param_name	2	4	0	0	1
blorp/src/compiler/stage_06_typecheck/type_system/semantic_type.brp	1366	find_non_positive_dim_in_list	14	0	0	1	1
blorp/src/compiler/stage_06_typecheck/type_system/semantic_type.brp	1382	find_non_positive_dim	33	0	0	3	1
blorp/src/compiler/stage_06_typecheck/type_system/semantic_type.brp	1740	is_scalar_array_element_name	10	0	0	1	1
blorp/src/compiler/stage_06_typecheck/type_system/semantic_type.brp	1752	is_variadic_dim	6	0	0	2	1
blorp/src/compiler/stage_06_typecheck/type_system/semantic_type.brp	1760	first_invalid_dim	18	0	0	1	1
blorp/src/compiler/stage_06_typecheck/type_system/semantic_type.brp	1780	variadic_dim_count	8	0	0	2	1
blorp/src/compiler/stage_06_typecheck/type_system/semantic_type.brp	1790	has_variadic_dim	2	0	0	1	1
blorp/src/compiler/stage_06_typecheck/type_system/semantic_type.brp	1794	last_dim_is_variadic	9	0	0	1	1
blorp/src/compiler/stage_06_typecheck/type_system/semantic_type.brp	1805	dimension_error_prefix	5	0	0	1	1
blorp/src/compiler/stage_06_typecheck/type_system/semantic_type.brp	1812	invalid_dim_message	4	0	0	2	1
blorp/src/compiler/stage_06_typecheck/type_system/semantic_type.brp	1818	validate_variadic_dims	23	0	0	1	1
blorp/src/compiler/stage_06_typecheck/type_system/semantic_type.brp	1843	validate_dim_list	10	0	0	1	1
blorp/src/compiler/stage_06_typecheck/type_system/semantic_type.brp	1855	validate_array_dims	35	12	0	0	1
blorp/src/compiler/stage_06_typecheck/type_system/type_resolution.brp	53	type_resolution_context	9	5	0	0	1
blorp/src/compiler/stage_06_typecheck/type_system/type_resolution.brp	64	type_resolution_context_with_alias_policy	10	2	0	0	1
blorp/src/compiler/stage_06_typecheck/type_system/type_resolution.brp	324	resolved_type_source	2	3	0	0	1
blorp/src/compiler/stage_06_typecheck/type_system/type_resolution.brp	328	resolved_type_canonical	2	4	0	0	1
blorp/src/compiler/stage_06_typecheck/type_system/type_resolution.brp	332	value_ascription	2	2	0	0	1
blorp/src/compiler/stage_06_typecheck/type_system/type_resolution.brp	336	function_parameter_annotation	6	2	0	0	1
blorp/src/compiler/stage_06_typecheck/type_system/type_resolution.brp	344	function_return_annotation	6	2	0	0	1
blorp/src/compiler/stage_06_typecheck/type_system/type_resolution.brp	352	imported_signature	2	0	0	1	1
blorp/src/compiler/stage_06_typecheck/type_system/type_resolution.brp	356	imported_signature_canonical	5	2	0	0	1
blorp/src/compiler/stage_06_typecheck/type_system/type_resolution.brp	367	record_field_type_canonical	5	3	0	0	1
blorp/src/compiler/stage_06_typecheck/type_system/type_widening.brp	68	collection_kinds_equal	26	0	0	1	1
blorp/src/compiler/stage_06_typecheck/type_system/type_widening.brp	96	binary_ops_equal	68	0	0	1	1
blorp/src/compiler/stage_06_typecheck/type_system/type_widening.brp	166	widening_reasons_equal	50	26	0	0	1
blorp/src/compiler/stage_06_typecheck/type_system/type_widening.brp	242	widening_reason	6	2	0	0	1
blorp/src/compiler/stage_06_typecheck/type_system/type_widening.brp	333	argument_slot	9	4	0	0	1
blorp/src/compiler/stage_06_typecheck/type_system/type_widening.brp	357	collection_element_slot	2	2	0	0	1
blorp/src/compiler/stage_06_typecheck/typed_ast_json.brp	421	resolved_call_target_is_valid	33	0	0	1	1
blorp/src/compiler/stage_06_typecheck/typed_ast_json.brp	633	resolved_call_to_json	2	4	0	0	1
blorp/src/compiler/stage_06_typecheck/typed_ast_json.brp	637	resolved_call_to_json_in_graph	16	8	0	0	1
blorp/src/compiler/stage_06_typecheck/typed_ast_json.brp	804	typed_expr_info_to_json	2	8	0	0	1
blorp/src/compiler/stage_06_typecheck/typed_ast_json.brp	2011	typed_expr_to_json	2	16	0	0	1
blorp/src/compiler/stage_06_typecheck/typed_ast_json.brp	2043	typed_function_info_to_json	5	7	0	0	1
blorp/src/compiler/stage_06_typecheck/typed_ast_json.brp	2112	typed_global_var_info_to_json	5	2	0	0	1
blorp/src/compiler/stage_06_typecheck/typed_ast_json.brp	2193	typed_impl_info_to_json	2	3	0	0	1
blorp/src/compiler/stage_06_typecheck/typed_ast_json.brp	2254	typed_decl_to_json	2	13	0	0	1
blorp/src/compiler/stage_06_typecheck/typed_ast_json.brp	2273	typed_program_to_json	7	13	0	1	1
blorp/src/compiler/stage_06_typecheck/typed_ast_json.brp	2313	emit_compiler_typed_program_json_chunks	11	0	0	1	1
blorp/src/compiler/stage_06_typecheck/typed_ast_json.brp	2330	emit_compiler_typed_program_json_chunks_in_graph	20	0	0	1	1
blorp/src/compiler/stage_06_typecheck/typed_ast_json.brp	2352	emit_compiler_typed_program_json_chunks_with_context	34	0	0	2	1
blorp/src/compiler/stage_07_ctfe/context.brp	341	ctfe_context_module_global_value	13	5	0	0	1
blorp/src/compiler/stage_07_ctfe/globals.brp	178	ctfe_typed_decl_declares_global	6	2	0	2	1
blorp/src/compiler/stage_07_ctfe/globals.brp	186	ctfe_program_declares_global	2	4	0	0	1
blorp/src/compiler/stage_07_ctfe/globals.brp	240	ctfe_imported_program_declares_global	15	4	0	0	1
blorp/src/compiler/stage_07_ctfe/globals.brp	349	ctfe_eval_program_global_env	21	6	0	0	1
blorp/src/compiler/stage_07_ctfe/globals.brp	444	ctfe_evaluated_global_graph_metrics	4	7	0	2	1
blorp/src/compiler/stage_07_ctfe/globals.brp	943	ctfe_rewrite_program_globals_with_evaluated_dependencies	30	15	0	1	1
blorp/src/compiler/stage_07_ctfe/globals.brp	1011	ctfe_eval_imported_program_global_envs	11	12	0	0	1
blorp/src/compiler/stage_07_ctfe/globals.brp	1106	ctfe_rewrite_program_globals	23	2	0	1	1
blorp/src/compiler/stage_07_ctfe/globals.brp	1247	ctfe_rewrite_program_globals_with_import_bindings	10	3	0	1	1
blorp/src/compiler/stage_07_ctfe/globals.brp	1271	ctfe_evaluate_program_globals	19	2	0	0	1
blorp/src/compiler/stage_07_ctfe/value.brp	185	ctfe_resolved_constructor_definition_id	2	4	0	1	1
blorp/src/compiler/stage_07_ctfe/value.brp	201	ctfe_resolved_constructor_info	10	4	0	0	1
blorp/src/compiler/stage_07_ctfe/value.brp	225	ctfe_constructor_info_definition_id	6	3	0	0	1
blorp/src/compiler/stage_08_core_lower/flatten.brp	245	core_flatten_error_to_string	6	0	0	0	1
blorp/src/compiler/stage_08_core_lower/graph_prepare.brp	497	prepare_core_graph	15	6	2	0	1
blorp/src/compiler/stage_08_core_lower/identity.brp	151	flatten_canonical_core_type_name	2	4	0	0	1
blorp/src/compiler/stage_08_core_lower/lower.brp	634	core_lower_error_to_string	10	0	1	0	1
blorp/src/compiler/stage_08_core_lower/lower.brp	646	core_lower_context	13	33	3	1	1
blorp/src/compiler/stage_08_core_lower/lower.brp	1347	core_lower_type	2	22	6	0	1
blorp/src/compiler/stage_08_core_lower/lower.brp	5249	lower_typed_expr	8	80	0	0	1
blorp/src/compiler/stage_08_core_lower/lower.brp	6675	lower_typed_decl	11	27	0	0	1
blorp/src/compiler/stage_08_core_lower/lower.brp	6760	lower_typed_program	5	8	3	0	1
blorp/src/compiler/stage_09_core/allocation_analysis.brp	1251	allocation_summary_for_def_id	21	3	0	0	1
blorp/src/compiler/stage_09_core/allocation_contracts.brp	418	allocation_facts_are_free	2	28	0	0	1
blorp/src/compiler/stage_09_core/cancellation_plan.brp	118	cancellation_site_id_value	2	4	2	0	1
blorp/src/compiler/stage_09_core/cancellation_plan.brp	148	resource_cleanup_identity	2	2	0	0	1
blorp/src/compiler/stage_09_core/cancellation_plan.brp	156	runtime_cleanup_identity	2	2	0	0	1
blorp/src/compiler/stage_09_core/cancellation_plan.brp	1178	build_current_behavior_cancellation_plan_with_summary	7	5	0	0	1
blorp/src/compiler/stage_09_core/clone.brp	83	clone_core_literal	22	2	0	0	1
blorp/src/compiler/stage_09_core/clone.brp	119	clone_core_accessor	40	5	0	1	1
blorp/src/compiler/stage_09_core/closure.brp	7452	function_index_diagnostic_entry	2	0	0	2	1
blorp/src/compiler/stage_09_core/closure.brp	7456	function_index_diagnostic_entries	9	0	0	2	1
blorp/src/compiler/stage_09_core/closure.brp	7467	function_index_total_collision_entries	7	0	0	1	1
blorp/src/compiler/stage_09_core/closure.brp	7476	function_index_name_diagnostics	12	0	0	1	1
blorp/src/compiler/stage_09_core/closure.brp	7490	function_index_id_diagnostics	18	0	0	1	1
blorp/src/compiler/stage_09_core/closure.brp	7510	closure_function_index_diagnostic_snapshot	20	3	3	0	1
blorp/src/compiler/stage_09_core/closure.brp	7785	convert_program	2	4	2	1	1
blorp/src/compiler/stage_09_core/consume_specialize.brp	882	clone_key_equal	6	0	0	0	1
blorp/src/compiler/stage_09_core/early_pipeline.brp	498	run_early_core_pipeline	15	11	0	0	1
blorp/src/compiler/stage_09_core/function_origin_fixture.brp	31	fixture_mono_instance_of	6	3	0	0	1
blorp/src/compiler/stage_09_core/function_origin_fixture.brp	42	fixture_pure_variant_of	6	2	0	0	1
blorp/src/compiler/stage_09_core/function_origin_fixture.brp	59	fixture_source_module	3	14	0	0	1
blorp/src/compiler/stage_09_core/ir.brp	3627	path_field	5	0	0	250	1
blorp/src/compiler/stage_09_core/ir.brp	3710	exact_int_field	18	0	0	1	1
blorp/src/compiler/stage_09_core/ir.brp	3730	number_field	12	5	0	1	1
blorp/src/compiler/stage_09_core/ir.brp	3772	object_field	20	0	0	196	1
blorp/src/compiler/stage_09_core/ir.brp	3794	kind_field	2	2	0	44	1
blorp/src/compiler/stage_09_core/ir.brp	3798	decode_json_array_field	31	0	0	1	1
blorp/src/compiler/stage_09_core/ir.brp	3831	decode_optional_string	20	0	0	3	1
blorp/src/compiler/stage_09_core/ir.brp	3853	decode_optional_declared_abi_type	30	0	0	5	1
blorp/src/compiler/stage_09_core/ir.brp	3885	decode_optional_int	20	0	0	6	1
blorp/src/compiler/stage_09_core/ir.brp	3907	decode_string_list	36	0	0	12	1
blorp/src/compiler/stage_09_core/ir.brp	3945	decode_int_list	36	0	0	2	1
blorp/src/compiler/stage_09_core/ir.brp	4058	core_source_loc_decode_seed	2	0	0	1	1
blorp/src/compiler/stage_09_core/ir.brp	4062	intern_source_loc_file	10	0	0	1	1
blorp/src/compiler/stage_09_core/ir.brp	4080	rewrite_source_loc_object_fields	13	0	0	2	1
blorp/src/compiler/stage_09_core/ir.brp	4095	rewrite_source_loc_list	13	0	0	1	1
blorp/src/compiler/stage_09_core/ir.brp	4110	rewrite_known_source_loc_fields	40	0	0	1	1
blorp/src/compiler/stage_09_core/ir.brp	4152	rewrite_source_loc_refs	20	0	0	3	1
blorp/src/compiler/stage_09_core/ir.brp	4174	decode_source_loc_json	27	0	0	100	1
blorp/src/compiler/stage_09_core/ir.brp	4203	decode_resolved_source_loc_json	16	0	0	1	1
blorp/src/compiler/stage_09_core/ir.brp	4256	decode_core_var_json	11	2	0	24	1
blorp/src/compiler/stage_09_core/ir.brp	4388	decode_core_type_list	34	0	0	1	1
blorp/src/compiler/stage_09_core/ir.brp	4424	parse_core_dim_op	12	0	0	1	1
blorp/src/compiler/stage_09_core/ir.brp	4438	decode_core_tensor_dim_json	34	0	0	3	1
blorp/src/compiler/stage_09_core/ir.brp	4474	decode_core_tensor_dims_json	34	0	0	2	1
blorp/src/compiler/stage_09_core/ir.brp	4510	decode_core_tensor_type_info_json	15	0	0	1	1
blorp/src/compiler/stage_09_core/ir.brp	4527	decode_core_type_json	73	7	0	119	1
blorp/src/compiler/stage_09_core/ir.brp	4647	decode_core_literal_json	35	7	0	4	1
blorp/src/compiler/stage_09_core/ir.brp	4703	decode_runtime_union_arg_json	15	0	0	1	1
blorp/src/compiler/stage_09_core/ir.brp	4720	decode_runtime_union_args	34	0	0	1	1
blorp/src/compiler/stage_09_core/ir.brp	4765	decode_runtime_union_case_json	15	0	0	1	1
blorp/src/compiler/stage_09_core/ir.brp	4782	decode_runtime_union_cases	34	0	0	1	1
blorp/src/compiler/stage_09_core/ir.brp	4840	decode_runtime_success_payload_json	20	0	0	1	1
blorp/src/compiler/stage_09_core/ir.brp	4871	decode_operation_success_payload_json	15	0	0	1	1
blorp/src/compiler/stage_09_core/ir.brp	4900	decode_operation_error_case_json	13	0	0	1	1
blorp/src/compiler/stage_09_core/ir.brp	4915	decode_operation_error_cases	34	0	0	2	1
blorp/src/compiler/stage_09_core/ir.brp	4961	decode_operation_error_mapping_json	17	0	0	1	1
blorp/src/compiler/stage_09_core/ir.brp	4993	decode_result_layout_policy_json	13	0	0	1	1
blorp/src/compiler/stage_09_core/ir.brp	5020	decode_operation_result_bridge_json	33	0	0	1	1
blorp/src/compiler/stage_09_core/ir.brp	5075	decode_fallible_stream_terminal_payload_json	23	0	0	1	1
blorp/src/compiler/stage_09_core/ir.brp	5111	decode_fallible_stream_error_domain_json	15	0	0	1	1
blorp/src/compiler/stage_09_core/ir.brp	5140	decode_fallible_stream_terminal_bridge_json	25	0	0	1	1
blorp/src/compiler/stage_09_core/ir.brp	5175	parse_foreign_copy_kind	10	0	0	1	1
blorp/src/compiler/stage_09_core/ir.brp	5200	decode_foreign_default_arg_policy_json	17	0	0	1	1
blorp/src/compiler/stage_09_core/ir.brp	5219	decode_foreign_default_arg_policies	34	0	0	1	1
blorp/src/compiler/stage_09_core/ir.brp	5266	decode_foreign_arg_passing_json	13	0	0	2	1
blorp/src/compiler/stage_09_core/ir.brp	5297	decode_tensor_parallel_layout_json	20	0	0	1	1
blorp/src/compiler/stage_09_core/ir.brp	5331	decode_direct_runtime_args_json	21	0	0	1	1
blorp/src/compiler/stage_09_core/ir.brp	5369	decode_direct_runtime_result_json	15	0	0	1	1
blorp/src/compiler/stage_09_core/ir.brp	5394	decode_direct_runtime_call_json	21	0	0	1	1
blorp/src/compiler/stage_09_core/ir.brp	5498	decode_core_call_kind_json	83	0	0	1	1
blorp/src/compiler/stage_09_core/ir.brp	5625	decode_core_tuple_element_json	60	0	0	1	1
blorp/src/compiler/stage_09_core/ir.brp	5687	decode_core_tuple_elements	34	0	0	1	1
blorp/src/compiler/stage_09_core/ir.brp	5731	decode_core_tuple_construct_json	13	0	0	1	1
blorp/src/compiler/stage_09_core/ir.brp	5771	decode_core_box_kind_json	27	0	0	2	1
blorp/src/compiler/stage_09_core/ir.brp	5808	decode_core_box_op_json	25	0	0	1	1
blorp/src/compiler/stage_09_core/ir.brp	5858	decode_core_unbox_kind_json	25	0	0	1	1
blorp/src/compiler/stage_09_core/ir.brp	5894	decode_core_boxed_storage_value_json	23	0	0	4	1
blorp/src/compiler/stage_09_core/ir.brp	5925	decode_core_boxed_storage_values	34	0	0	4	1
blorp/src/compiler/stage_09_core/ir.brp	5980	decode_core_hash_container_constructor_json	20	0	0	3	1
blorp/src/compiler/stage_09_core/ir.brp	6009	decode_core_dict_entry_json	19	0	0	1	1
blorp/src/compiler/stage_09_core/ir.brp	6030	decode_core_dict_entries	34	0	0	1	1
blorp/src/compiler/stage_09_core/ir.brp	6074	decode_core_dict_construct_json	17	0	0	1	1
blorp/src/compiler/stage_09_core/ir.brp	6097	decode_core_set_alloc_json	11	2	0	1	1
blorp/src/compiler/stage_09_core/ir.brp	6126	decode_core_list_storage_layout_json	16	0	0	9	1
blorp/src/compiler/stage_09_core/ir.brp	6152	decode_core_list_access_bounds_json	14	0	0	1	1
blorp/src/compiler/stage_09_core/ir.brp	6176	decode_core_list_construct_json	17	0	0	1	1
blorp/src/compiler/stage_09_core/ir.brp	6203	decode_core_list_alloc_json	21	0	0	1	1
blorp/src/compiler/stage_09_core/ir.brp	6235	decode_core_list_get_json	31	0	0	1	1
blorp/src/compiler/stage_09_core/ir.brp	6276	decode_core_list_handoff_mode_json	14	0	0	1	1
blorp/src/compiler/stage_09_core/ir.brp	6298	decode_core_list_handoff_write_order_json	12	0	0	1	1
blorp/src/compiler/stage_09_core/ir.brp	6330	decode_core_list_handoff_json	81	0	0	1	1
blorp/src/compiler/stage_09_core/ir.brp	6424	decode_core_list_handoff_set_source_slot_json	31	0	0	1	1
blorp/src/compiler/stage_09_core/ir.brp	6464	decode_core_string_byte_read_json	19	0	0	1	1
blorp/src/compiler/stage_09_core/ir.brp	6493	decode_core_string_byte_write_json	25	0	0	1	1
blorp/src/compiler/stage_09_core/ir.brp	6530	decode_core_string_byte_copy_json	37	0	0	1	1
blorp/src/compiler/stage_09_core/ir.brp	6576	decode_core_string_set_len_json	19	0	0	1	1
blorp/src/compiler/stage_09_core/ir.brp	6607	decode_core_tensor_raw_scalar_kind_json	16	0	0	7	1
blorp/src/compiler/stage_09_core/ir.brp	6639	decode_core_tensor_literal_shape_json	14	0	0	3	1
blorp/src/compiler/stage_09_core/ir.brp	6678	decode_core_tensor_literal_json	19	0	0	1	1
blorp/src/compiler/stage_09_core/ir.brp	6699	decode_core_tensor_literal_payload_json	28	0	0	1	1
blorp/src/compiler/stage_09_core/ir.brp	6737	decode_core_tensor_boxed_literal_json	17	0	0	1	1
blorp/src/compiler/stage_09_core/ir.brp	6764	decode_core_tensor_packed_literal_json	17	0	0	1	1
blorp/src/compiler/stage_09_core/ir.brp	6791	decode_core_tensor_raw_fill_json	21	0	0	1	1
blorp/src/compiler/stage_09_core/ir.brp	6822	decode_core_tensor_raw_read_json	25	0	0	1	1
blorp/src/compiler/stage_09_core/ir.brp	6858	decode_core_tensor_raw_write_json	31	0	0	1	1
blorp/src/compiler/stage_09_core/ir.brp	6899	decode_core_tensor_raw_view_binding_json	25	0	0	1	1
blorp/src/compiler/stage_09_core/ir.brp	6936	decode_core_list_set_json	33	0	0	2	1
blorp/src/compiler/stage_09_core/ir.brp	6980	decode_core_list_swap_json	31	0	0	1	1
blorp/src/compiler/stage_09_core/ir.brp	7020	decode_core_list_retain_json	19	0	0	1	1
blorp/src/compiler/stage_09_core/ir.brp	7047	decode_core_field_ref_json	7	0	0	1	1
blorp/src/compiler/stage_09_core/ir.brp	7064	decode_core_record_field_value_json	17	0	0	1	1
blorp/src/compiler/stage_09_core/ir.brp	7090	decode_optional_field_ref_json	10	0	0	4	1
blorp/src/compiler/stage_09_core/ir.brp	7106	decode_core_record_fields	34	0	0	4	1
blorp/src/compiler/stage_09_core/ir.brp	7155	decode_core_record_cow_field_json	15	0	0	1	1
blorp/src/compiler/stage_09_core/ir.brp	7172	decode_core_record_cow_fields	33	0	0	2	1
blorp/src/compiler/stage_09_core/ir.brp	7231	decode_core_union_representation_json	32	2	0	2	1
blorp/src/compiler/stage_09_core/ir.brp	7273	decode_core_union_payload_storage_json	14	0	0	3	1
blorp/src/compiler/stage_09_core/ir.brp	7303	decode_core_union_construct_json	33	0	0	1	1
blorp/src/compiler/stage_09_core/ir.brp	7353	decode_core_union_reuse_construct_json	39	0	0	1	1
blorp/src/compiler/stage_09_core/ir.brp	7420	parse_core_binary_op	25	0	0	1	1
blorp/src/compiler/stage_09_core/ir.brp	7455	parse_core_unary_op	7	0	0	1	1
blorp/src/compiler/stage_09_core/ir.brp	7472	parse_core_logical_op	7	0	0	1	1
blorp/src/compiler/stage_09_core/ir.brp	7489	parse_core_loop_range_direction	10	0	0	1	1
blorp/src/compiler/stage_09_core/ir.brp	7513	parse_core_release_policy	14	2	0	13	1
blorp/src/compiler/stage_09_core/ir.brp	7541	parse_core_retain_policy	12	0	0	1	1
blorp/src/compiler/stage_09_core/ir.brp	7576	decode_core_retain_policy_json	19	2	0	1	1
blorp/src/compiler/stage_09_core/ir.brp	7608	decode_core_loop_binder_json	25	0	0	9	1
blorp/src/compiler/stage_09_core/ir.brp	7643	decode_core_for_channel_json	25	0	0	1	1
blorp/src/compiler/stage_09_core/ir.brp	7683	decode_core_for_list_json	37	0	0	1	1
blorp/src/compiler/stage_09_core/ir.brp	7734	decode_core_for_string_json	31	0	0	1	1
blorp/src/compiler/stage_09_core/ir.brp	7779	decode_core_for_dict_json	31	0	0	1	1
blorp/src/compiler/stage_09_core/ir.brp	7824	decode_core_for_set_json	31	0	0	1	1
blorp/src/compiler/stage_09_core/ir.brp	7869	decode_core_for_stream_json	31	0	0	1	1
blorp/src/compiler/stage_09_core/ir.brp	7916	decode_core_for_resource_source_json	31	0	0	1	1
blorp/src/compiler/stage_09_core/ir.brp	7959	decode_core_task_capture_kind_tag	12	0	0	1	1
blorp/src/compiler/stage_09_core/ir.brp	7982	decode_core_task_capture_json	24	0	0	1	1
blorp/src/compiler/stage_09_core/ir.brp	8008	decode_core_task_captures	34	0	0	1	1
blorp/src/compiler/stage_09_core/ir.brp	8055	decode_core_task_closure_json	23	0	0	3	1
blorp/src/compiler/stage_09_core/ir.brp	8080	decode_core_detach_json	11	0	0	1	1
blorp/src/compiler/stage_09_core/ir.brp	8093	decode_core_pre_closure_detach_json	11	0	0	1	1
blorp/src/compiler/stage_09_core/ir.brp	8116	decode_core_concurrently_loop_output_tag	10	0	0	2	1
blorp/src/compiler/stage_09_core/ir.brp	8142	decode_core_concurrently_loop_item_mode_json	26	0	0	2	1
blorp/src/compiler/stage_09_core/ir.brp	8199	decode_core_concurrently_loop_json	57	0	0	1	1
blorp/src/compiler/stage_09_core/ir.brp	8258	decode_core_pre_closure_concurrently_loop_json	51	0	0	1	1
blorp/src/compiler/stage_09_core/ir.brp	8330	decode_core_concurrent_binding_json	31	0	0	1	1
blorp/src/compiler/stage_09_core/ir.brp	8363	decode_core_pre_closure_concurrent_binding_json	25	0	0	1	1
blorp/src/compiler/stage_09_core/ir.brp	8390	decode_core_concurrent_bindings	34	0	0	1	1
blorp/src/compiler/stage_09_core/ir.brp	8426	decode_core_pre_closure_concurrent_bindings	34	0	0	1	1
blorp/src/compiler/stage_09_core/ir.brp	8482	decode_core_concurrent_block_json	19	0	0	1	1
blorp/src/compiler/stage_09_core/ir.brp	8503	decode_core_pre_closure_concurrent_block_json	19	0	0	1	1
blorp/src/compiler/stage_09_core/ir.brp	8532	decode_core_select_recv_arm_json	25	0	0	1	1
blorp/src/compiler/stage_09_core/ir.brp	8578	decode_core_select_arm_kind_json	29	0	0	1	1
blorp/src/compiler/stage_09_core/ir.brp	8617	decode_core_select_arm_json	25	0	0	1	1
blorp/src/compiler/stage_09_core/ir.brp	8644	decode_core_select_arms	34	0	0	1	1
blorp/src/compiler/stage_09_core/ir.brp	8684	decode_core_select_json	7	2	0	1	1
blorp/src/compiler/stage_09_core/ir.brp	8742	parse_core_tensor_runtime_read_helper	14	0	0	1	1
blorp/src/compiler/stage_09_core/ir.brp	8758	decode_core_tensor_for_element_storage_json	41	0	0	1	1
blorp/src/compiler/stage_09_core/ir.brp	8814	decode_core_for_tensor_json	37	0	0	1	1
blorp/src/compiler/stage_09_core/ir.brp	8861	parse_core_resource_exit	10	0	0	1	1
blorp/src/compiler/stage_09_core/ir.brp	8883	decode_core_resource_scope_json	37	0	0	1	1
blorp/src/compiler/stage_09_core/ir.brp	8929	decode_core_resource_cleanup_exit_json	15	0	0	1	1
blorp/src/compiler/stage_09_core/ir.brp	8975	decode_core_literal_match_case_json	21	0	0	1	1
blorp/src/compiler/stage_09_core/ir.brp	8998	decode_core_literal_match_cases	34	0	0	2	1
blorp/src/compiler/stage_09_core/ir.brp	9034	decode_core_literal_match_fallback_json	25	0	0	2	1
blorp/src/compiler/stage_09_core/ir.brp	9108	decode_core_constructor_match_test_json	39	0	0	1	1
blorp/src/compiler/stage_09_core/ir.brp	9232	decode_core_accessor_json	117	0	0	5	1
blorp/src/compiler/stage_09_core/ir.brp	9359	decode_core_match_binding_mode_json	14	0	0	2	1
blorp/src/compiler/stage_09_core/ir.brp	9389	decode_core_match_binding_json	33	0	0	1	1
blorp/src/compiler/stage_09_core/ir.brp	9424	decode_core_match_bindings	34	0	0	5	1
blorp/src/compiler/stage_09_core/ir.brp	9552	decode_core_constructor_literal_match_json	39	0	0	2	1
blorp/src/compiler/stage_09_core/ir.brp	9593	decode_core_constructor_length_match_branch_json	15	0	0	3	1
blorp/src/compiler/stage_09_core/ir.brp	9610	decode_core_constructor_length_match_case_json	15	0	0	1	1
blorp/src/compiler/stage_09_core/ir.brp	9627	decode_core_constructor_length_match_cases	34	0	0	1	1
blorp/src/compiler/stage_09_core/ir.brp	9663	decode_core_constructor_length_match_geq_json	15	0	0	1	1
blorp/src/compiler/stage_09_core/ir.brp	9680	decode_optional_constructor_length_match_geq_json	18	0	0	1	1
blorp/src/compiler/stage_09_core/ir.brp	9700	decode_optional_constructor_length_match_branch_json	18	0	0	1	1
blorp/src/compiler/stage_09_core/ir.brp	9720	decode_core_constructor_length_match_json	39	0	0	2	1
blorp/src/compiler/stage_09_core/ir.brp	9761	decode_core_constructor_match_body_json	29	0	0	2	1
blorp/src/compiler/stage_09_core/ir.brp	9821	decode_core_constructor_match_case_json	29	0	0	1	1
blorp/src/compiler/stage_09_core/ir.brp	9852	decode_core_constructor_match_cases	34	0	0	1	1
blorp/src/compiler/stage_09_core/ir.brp	9888	decode_core_constructor_match_fallback_json	25	0	0	1	1
blorp/src/compiler/stage_09_core/ir.brp	9926	decode_core_tailrec_list_spread_rebind_json	15	0	0	1	1
blorp/src/compiler/stage_09_core/ir.brp	9943	decode_core_tailrec_list_spread_rebinds	34	0	0	1	1
blorp/src/compiler/stage_09_core/ir.brp	9991	decode_core_tailrec_list_spread_loop_json	41	0	0	1	1
blorp/src/compiler/stage_09_core/ir.brp	11788	decode_core_expr_list	34	0	0	8	1
blorp/src/compiler/stage_09_core/ir.brp	11828	decode_core_expr_literal_from_json	20	0	0	1	1
blorp/src/compiler/stage_09_core/ir.brp	11850	decode_core_expr_static_string_literal_from_json	17	0	0	1	1
blorp/src/compiler/stage_09_core/ir.brp	11869	decode_core_expr_var_from_json	20	0	0	1	1
blorp/src/compiler/stage_09_core/ir.brp	11891	decode_core_expr_void_from_json	15	0	0	1	1
blorp/src/compiler/stage_09_core/ir.brp	11908	decode_core_expr_debug_block_from_json	20	0	0	1	1
blorp/src/compiler/stage_09_core/ir.brp	11930	decode_core_expr_cooperative_checkpoint_from_json	15	0	0	1	1
blorp/src/compiler/stage_09_core/ir.brp	11947	decode_core_expr_call_from_json	26	0	0	1	1
blorp/src/compiler/stage_09_core/ir.brp	11975	decode_core_expr_binary_from_json	30	0	0	1	1
blorp/src/compiler/stage_09_core/ir.brp	12007	decode_core_expr_unary_from_json	25	0	0	1	1
blorp/src/compiler/stage_09_core/ir.brp	12034	decode_core_expr_logical_from_json	30	0	0	1	1
blorp/src/compiler/stage_09_core/ir.brp	12066	decode_core_expr_assign_from_json	25	0	0	1	1
blorp/src/compiler/stage_09_core/ir.brp	12093	decode_core_expr_cast_from_json	20	0	0	1	1
blorp/src/compiler/stage_09_core/ir.brp	12115	decode_core_expr_box_from_json	20	0	0	1	1
blorp/src/compiler/stage_09_core/ir.brp	12137	decode_core_expr_unbox_from_json	25	0	0	1	1
blorp/src/compiler/stage_09_core/ir.brp	12164	decode_core_expr_field_from_json	22	0	0	1	1
blorp/src/compiler/stage_09_core/ir.brp	12188	decode_core_expr_tuple_field_from_json	21	0	0	1	1
blorp/src/compiler/stage_09_core/ir.brp	12211	decode_core_expr_tuple_from_json	16	0	0	1	1
blorp/src/compiler/stage_09_core/ir.brp	12229	decode_core_expr_tuple_construct_from_json	20	0	0	1	1
blorp/src/compiler/stage_09_core/ir.brp	12251	decode_core_expr_vector_from_json	16	0	0	1	1
blorp/src/compiler/stage_09_core/ir.brp	12269	decode_core_expr_lambda_from_json	27	0	0	1	1
blorp/src/compiler/stage_09_core/ir.brp	12298	decode_core_expr_closure_create_from_json	20	0	0	1	1
blorp/src/compiler/stage_09_core/ir.brp	12320	decode_core_expr_list_construct_from_json	20	0	0	1	1
blorp/src/compiler/stage_09_core/ir.brp	12342	decode_core_expr_list_alloc_from_json	20	0	0	1	1
blorp/src/compiler/stage_09_core/ir.brp	12364	decode_core_expr_list_get_from_json	20	0	0	1	1
blorp/src/compiler/stage_09_core/ir.brp	12386	decode_core_expr_list_handoff_from_json	20	0	0	1	1
blorp/src/compiler/stage_09_core/ir.brp	12408	decode_core_expr_list_handoff_set_owned_from_json	20	0	0	1	1
blorp/src/compiler/stage_09_core/ir.brp	12430	decode_core_expr_list_handoff_set_source_slot_from_json	20	0	0	1	1
blorp/src/compiler/stage_09_core/ir.brp	12452	decode_core_expr_string_byte_read_from_json	20	0	0	1	1
blorp/src/compiler/stage_09_core/ir.brp	12474	decode_core_expr_string_byte_write_from_json	20	0	0	1	1
blorp/src/compiler/stage_09_core/ir.brp	12496	decode_core_expr_string_byte_copy_from_json	20	0	0	1	1
blorp/src/compiler/stage_09_core/ir.brp	12518	decode_core_expr_string_set_len_from_json	20	0	0	1	1
blorp/src/compiler/stage_09_core/ir.brp	12540	decode_core_expr_tensor_literal_from_json	20	0	0	1	1
blorp/src/compiler/stage_09_core/ir.brp	12562	decode_core_expr_tensor_boxed_literal_from_json	20	0	0	1	1
blorp/src/compiler/stage_09_core/ir.brp	12584	decode_core_expr_tensor_packed_literal_from_json	20	0	0	1	1
blorp/src/compiler/stage_09_core/ir.brp	12606	decode_core_expr_tensor_raw_fill_from_json	20	0	0	1	1
blorp/src/compiler/stage_09_core/ir.brp	12628	decode_core_expr_tensor_raw_read_from_json	20	0	0	1	1
blorp/src/compiler/stage_09_core/ir.brp	12650	decode_core_expr_tensor_raw_write_from_json	20	0	0	1	1
blorp/src/compiler/stage_09_core/ir.brp	12672	decode_core_expr_tensor_raw_view_let_from_json	25	0	0	1	1
blorp/src/compiler/stage_09_core/ir.brp	12699	decode_core_dict_literal_entry_json	18	0	0	1	1
blorp/src/compiler/stage_09_core/ir.brp	12719	decode_core_dict_literal_entries	34	0	0	1	1
blorp/src/compiler/stage_09_core/ir.brp	12755	decode_core_expr_dict_from_json	16	0	0	1	1
blorp/src/compiler/stage_09_core/ir.brp	12773	decode_core_expr_dict_construct_from_json	20	0	0	1	1
blorp/src/compiler/stage_09_core/ir.brp	12795	decode_core_expr_set_alloc_from_json	20	0	0	1	1
blorp/src/compiler/stage_09_core/ir.brp	12817	decode_core_expr_list_retain_from_json	20	0	0	1	1
blorp/src/compiler/stage_09_core/ir.brp	12839	decode_core_expr_list_set_from_json	20	0	0	1	1
blorp/src/compiler/stage_09_core/ir.brp	12861	decode_core_expr_list_swap_from_json	20	0	0	1	1
blorp/src/compiler/stage_09_core/ir.brp	12883	decode_core_expr_record_from_json	16	0	0	1	1
blorp/src/compiler/stage_09_core/ir.brp	12901	decode_core_expr_record_update_from_json	79	0	0	1	1
blorp/src/compiler/stage_09_core/ir.brp	12982	decode_core_expr_record_reuse_from_json	58	0	0	1	1
blorp/src/compiler/stage_09_core/ir.brp	13042	decode_core_expr_record_cow_update_from_json	46	0	0	1	1
blorp/src/compiler/stage_09_core/ir.brp	13090	decode_core_expr_record_construct_from_json	17	0	0	1	1
blorp/src/compiler/stage_09_core/ir.brp	13109	decode_core_expr_union_construct_from_json	20	0	0	1	1
blorp/src/compiler/stage_09_core/ir.brp	13131	decode_core_expr_union_reuse_construct_from_json	20	0	0	1	1
blorp/src/compiler/stage_09_core/ir.brp	13153	decode_core_expr_detach_from_json	20	0	0	1	1
blorp/src/compiler/stage_09_core/ir.brp	13175	decode_core_expr_dup_from_json	31	0	0	1	1
blorp/src/compiler/stage_09_core/ir.brp	13208	decode_core_expr_drop_from_json	35	0	0	1	1
blorp/src/compiler/stage_09_core/ir.brp	13245	decode_core_expr_let_from_json	26	0	0	1	1
blorp/src/compiler/stage_09_core/ir.brp	13273	decode_core_expr_borrow_let_from_json	25	0	0	1	1
blorp/src/compiler/stage_09_core/ir.brp	13300	decode_core_expr_seq_from_json	15	0	0	1	1
blorp/src/compiler/stage_09_core/ir.brp	13317	decode_core_expr_while_from_json	25	0	0	1	1
blorp/src/compiler/stage_09_core/ir.brp	13344	decode_core_expr_break_from_json	15	0	0	1	1
blorp/src/compiler/stage_09_core/ir.brp	13361	decode_core_expr_continue_from_json	15	0	0	1	1
blorp/src/compiler/stage_09_core/ir.brp	13378	decode_core_expr_resource_scope_from_json	20	0	0	1	1
blorp/src/compiler/stage_09_core/ir.brp	13400	decode_core_expr_resource_cleanup_exit_from_json	20	0	0	1	1
blorp/src/compiler/stage_09_core/ir.brp	13422	decode_core_expr_tailrec_loop_from_json	21	0	0	1	1
blorp/src/compiler/stage_09_core/ir.brp	13445	decode_core_expr_tailrec_recur_from_json	16	0	0	1	1
blorp/src/compiler/stage_09_core/ir.brp	13463	decode_core_expr_tailrec_list_spread_loop_from_json	15	0	0	1	1
blorp/src/compiler/stage_09_core/ir.brp	13480	decode_core_expr_tailrec_list_spread_recur_from_json	17	0	0	1	1
blorp/src/compiler/stage_09_core/ir.brp	13499	decode_core_expr_for_range_from_json	35	0	0	1	1
blorp/src/compiler/stage_09_core/ir.brp	13536	decode_core_expr_for_channel_from_json	20	0	0	1	1
blorp/src/compiler/stage_09_core/ir.brp	13558	decode_core_expr_for_list_from_json	20	0	0	1	1
blorp/src/compiler/stage_09_core/ir.brp	13580	decode_core_expr_for_string_from_json	20	0	0	1	1
blorp/src/compiler/stage_09_core/ir.brp	13602	decode_core_expr_for_dict_from_json	20	0	0	1	1
blorp/src/compiler/stage_09_core/ir.brp	13624	decode_core_expr_for_set_from_json	20	0	0	1	1
blorp/src/compiler/stage_09_core/ir.brp	13646	decode_core_expr_for_stream_from_json	20	0	0	1	1
blorp/src/compiler/stage_09_core/ir.brp	13668	decode_core_expr_for_resource_source_from_json	20	0	0	1	1
blorp/src/compiler/stage_09_core/ir.brp	13690	decode_core_expr_for_tensor_from_json	20	0	0	1	1
blorp/src/compiler/stage_09_core/ir.brp	13712	decode_core_expr_concurrently_loop_from_json	20	0	0	1	1
blorp/src/compiler/stage_09_core/ir.brp	13734	decode_core_expr_pre_closure_concurrently_loop_from_json	20	0	0	1	1
blorp/src/compiler/stage_09_core/ir.brp	13756	decode_core_expr_concurrent_from_json	20	0	0	1	1
blorp/src/compiler/stage_09_core/ir.brp	13778	decode_core_expr_pre_closure_concurrent_from_json	20	0	0	1	1
blorp/src/compiler/stage_09_core/ir.brp	13800	decode_core_expr_pre_closure_detach_from_json	20	0	0	1	1
blorp/src/compiler/stage_09_core/ir.brp	13822	decode_core_expr_select_from_json	20	0	0	1	1
blorp/src/compiler/stage_09_core/ir.brp	13844	decode_core_expr_range_from_json	25	0	0	1	1
blorp/src/compiler/stage_09_core/ir.brp	13871	decode_core_pattern_list_json	31	0	0	1	1
blorp/src/compiler/stage_09_core/ir.brp	13904	decode_optional_core_pattern_json	13	0	0	1	1
blorp/src/compiler/stage_09_core/ir.brp	13919	decode_core_pattern_json	46	0	0	3	1
blorp/src/compiler/stage_09_core/ir.brp	13967	decode_core_raw_match_cases	52	0	0	1	1
blorp/src/compiler/stage_09_core/ir.brp	14021	decode_core_semantic_match_accessor_parent	9	0	0	1	1
blorp/src/compiler/stage_09_core/ir.brp	14032	decode_core_semantic_match_accessor_json	27	0	0	3	1
blorp/src/compiler/stage_09_core/ir.brp	14061	decode_core_semantic_match_binding_json	25	0	0	1	1
blorp/src/compiler/stage_09_core/ir.brp	14088	decode_core_semantic_constructor_match_case_json	14	0	0	1	1
blorp/src/compiler/stage_09_core/ir.brp	14104	decode_core_semantic_literal_match_case_json	18	0	0	1	1
blorp/src/compiler/stage_09_core/ir.brp	14124	decode_core_semantic_length_match_case_json	14	0	0	1	1
blorp/src/compiler/stage_09_core/ir.brp	14140	decode_optional_core_semantic_match_tree_json	10	0	0	1	1
blorp/src/compiler/stage_09_core/ir.brp	14152	decode_optional_core_semantic_length_match_geq_json	18	0	0	1	1
blorp/src/compiler/stage_09_core/ir.brp	14172	decode_core_semantic_match_tree_json	82	0	0	7	1
blorp/src/compiler/stage_09_core/ir.brp	14256	decode_core_expr_raw_match_from_json	22	0	0	1	1
blorp/src/compiler/stage_09_core/ir.brp	14280	decode_core_expr_semantic_match_from_json	25	0	0	1	1
blorp/src/compiler/stage_09_core/ir.brp	14307	decode_core_expr_literal_match_from_json	26	0	0	1	1
blorp/src/compiler/stage_09_core/ir.brp	14335	decode_core_expr_accessor_literal_match_from_json	30	0	0	1	1
blorp/src/compiler/stage_09_core/ir.brp	14367	decode_core_expr_length_match_from_json	30	0	0	1	1
blorp/src/compiler/stage_09_core/ir.brp	14399	decode_core_expr_constructor_match_from_json	31	0	0	1	1
blorp/src/compiler/stage_09_core/ir.brp	14432	decode_core_expr_if_from_json	30	0	0	1	1
blorp/src/compiler/stage_09_core/ir.brp	14464	decode_core_expr_json	183	11	0	82	1
blorp/src/compiler/stage_09_core/ir.brp	14657	decode_core_param_json	25	0	0	2	1
blorp/src/compiler/stage_09_core/ir.brp	14688	decode_core_params	34	0	0	6	1
blorp/src/compiler/stage_09_core/ir.brp	14732	decode_core_closure_capture_json	18	0	0	1	1
blorp/src/compiler/stage_09_core/ir.brp	14756	decode_core_closure_captures	34	0	0	2	1
blorp/src/compiler/stage_09_core/ir.brp	14802	decode_core_closure_abi_json	17	0	0	1	1
blorp/src/compiler/stage_09_core/ir.brp	14831	decode_core_closure_create_json	17	0	0	1	1
blorp/src/compiler/stage_09_core/ir.brp	14875	decode_foreign_link_platform	10	0	0	1	1
blorp/src/compiler/stage_09_core/ir.brp	14887	decode_optional_foreign_link_platform	17	0	0	1	1
blorp/src/compiler/stage_09_core/ir.brp	14906	decode_foreign_link_flag_json	10	0	0	1	1
blorp/src/compiler/stage_09_core/ir.brp	14918	decode_foreign_link_flags	30	0	0	1	1
blorp/src/compiler/stage_09_core/ir.brp	14978	decode_core_function_kind_json	39	2	0	1	1
blorp/src/compiler/stage_09_core/ir.brp	15045	parse_core_synthesis_kind	29	0	0	1	1
blorp/src/compiler/stage_09_core/ir.brp	15084	parse_core_entrypoint_kind	11	0	0	1	1
blorp/src/compiler/stage_09_core/ir.brp	15174	decode_module_origin_json	18	0	0	1	1
blorp/src/compiler/stage_09_core/ir.brp	15199	decode_core_module_origin_json	19	5	0	1	1
blorp/src/compiler/stage_09_core/ir.brp	15232	parse_core_impl_method_role	14	0	0	1	1
blorp/src/compiler/stage_09_core/ir.brp	15308	decode_mono_substitution_value_json	19	0	0	1	1
blorp/src/compiler/stage_09_core/ir.brp	15329	decode_mono_substitution_json	27	0	0	1	1
blorp/src/compiler/stage_09_core/ir.brp	15358	decode_mono_binding_json	8	0	0	1	1
blorp/src/compiler/stage_09_core/ir.brp	15375	decode_name_id_field	11	0	0	1	1
blorp/src/compiler/stage_09_core/ir.brp	15391	decode_core_function_origin_json	18	8	0	1	1
blorp/src/compiler/stage_09_core/ir.brp	15414	decode_core_declared_origin_json	47	0	0	1	1
blorp/src/compiler/stage_09_core/ir.brp	15471	decode_optional_expr	24	0	0	6	1
blorp/src/compiler/stage_09_core/ir.brp	15515	decode_core_function_json	53	4	0	2	1
blorp/src/compiler/stage_09_core/ir.brp	15570	decode_core_functions	31	0	0	1	1
blorp/src/compiler/stage_09_core/ir.brp	15618	decode_core_global_json	41	0	0	1	1
blorp/src/compiler/stage_09_core/ir.brp	15670	decode_core_enum_variant_json	15	0	0	1	1
blorp/src/compiler/stage_09_core/ir.brp	15687	decode_core_enum_variants	34	0	0	1	1
blorp/src/compiler/stage_09_core/ir.brp	15734	decode_core_enum_decl_json	21	0	0	1	1
blorp/src/compiler/stage_09_core/ir.brp	15764	decode_core_union_field_json	19	0	0	1	1
blorp/src/compiler/stage_09_core/ir.brp	15785	decode_core_union_variant_fields	34	0	0	1	1
blorp/src/compiler/stage_09_core/ir.brp	15832	decode_core_union_variant_json	19	0	0	1	1
blorp/src/compiler/stage_09_core/ir.brp	15853	decode_core_union_variants	34	0	0	1	1
blorp/src/compiler/stage_09_core/ir.brp	15901	decode_core_union_decl_json	27	0	0	1	1
blorp/src/compiler/stage_09_core/ir.brp	15938	decode_core_value_record_field_json	17	0	0	1	1
blorp/src/compiler/stage_09_core/ir.brp	15957	decode_core_value_record_fields	34	0	0	1	1
blorp/src/compiler/stage_09_core/ir.brp	16002	decode_core_heap_record_field_json	23	0	0	2	1
blorp/src/compiler/stage_09_core/ir.brp	16027	decode_core_heap_record_fields	34	0	0	1	1
blorp/src/compiler/stage_09_core/ir.brp	16074	decode_core_value_record_decl_json	21	0	0	1	1
blorp/src/compiler/stage_09_core/ir.brp	16108	decode_core_heap_record_decl_json	21	0	0	1	1
blorp/src/compiler/stage_09_core/ir.brp	16143	decode_core_type_alias_decl_json	27	0	0	1	1
blorp/src/compiler/stage_09_core/ir.brp	16182	decode_core_trait_method_json	25	0	0	1	1
blorp/src/compiler/stage_09_core/ir.brp	16209	decode_core_trait_methods	30	0	0	1	1
blorp/src/compiler/stage_09_core/ir.brp	16252	decode_core_trait_decl_json	21	0	0	1	1
blorp/src/compiler/stage_09_core/ir.brp	16296	decode_core_type_param_json	11	0	0	1	1
blorp/src/compiler/stage_09_core/ir.brp	16309	decode_core_type_params	30	0	0	1	1
blorp/src/compiler/stage_09_core/ir.brp	16341	decode_core_impl_decl_json	25	0	0	1	1
blorp/src/compiler/stage_09_core/ir.brp	16390	decode_core_decl_json	32	0	0	1	1
blorp/src/compiler/stage_09_core/ir.brp	16424	decode_core_decls	34	0	0	1	1
blorp/src/compiler/stage_09_core/ir.brp	16483	core_json_record_shapes	23	0	0	1	1
blorp/src/compiler/stage_09_core/ir.brp	16508	optional_json_object_kind	14	0	0	2	1
blorp/src/compiler/stage_09_core/ir.brp	16534	same_record_storage	11	0	0	1	1
blorp/src/compiler/stage_09_core/ir.brp	16547	record_shape_matches	6	0	0	2	1
blorp/src/compiler/stage_09_core/ir.brp	16555	record_update_field_names	34	0	0	1	1
blorp/src/compiler/stage_09_core/ir.brp	16591	validate_record_update_json_shape	38	0	0	2	1
blorp/src/compiler/stage_09_core/ir.brp	16631	validate_record_reuse_json_shape	13	0	0	1	1
blorp/src/compiler/stage_09_core/ir.brp	16646	validate_record_cow_update_json_shape	150	0	0	1	1
blorp/src/compiler/stage_09_core/ir.brp	16798	validate_record_update_json_tree	70	0	0	2	1
blorp/src/compiler/stage_09_core/ir.brp	16870	decode_core_program_json	24	11	4	0	1
blorp/src/compiler/stage_09_core/ir.brp	16896	core_json_error_to_string	24	11	2	0	1
blorp/src/compiler/stage_09_core/match_projection.brp	1798	project_backend_matches_indexed	10	5	3	0	1
blorp/src/compiler/stage_09_core/mono_specialize.brp	113	core_mono_diagnostic_loc	4	2	0	0	1
blorp/src/compiler/stage_09_core/origin_name_agreement.brp	285	shape_label	20	0	0	0	1
blorp/src/compiler/stage_09_core/origin_name_agreement.brp	499	origin_name_agreement_summary	6	2	0	0	1
blorp/src/compiler/stage_09_core/ownership.brp	63	arg_mode_to_string	12	2	0	1	1
blorp/src/compiler/stage_09_core/ownership.brp	77	contract_violation_to_string	10	4	0	0	1
blorp/src/compiler/stage_09_core/ownership.brp	133	contract_is_well_formed	2	8	0	0	1
blorp/src/compiler/stage_09_core/ownership.brp	2129	builtin_ownership_coverage	17	4	0	0	1
blorp/src/compiler/stage_09_core/pass_runner.brp	525	binder_identity_fault_message	8	0	0	0	1
blorp/src/compiler/stage_09_core/perceus.brp	448	register_perceus_work_counters	5	0	1	0	2
blorp/src/compiler/stage_09_core/perceus.brp	713	insert_drops_program	9	142	4	1	1
blorp/src/compiler/stage_09_core/perceus/borrowed.brp	1333	borrowed_context_shadowing_bindings	11	0	0	1	1
blorp/src/compiler/stage_09_core/perceus/borrowed.brp	1570	borrowed_result_context_shadowing_var	6	0	0	0	1
blorp/src/compiler/stage_09_core/perceus/borrowed.brp	1578	borrowed_result_context_shadowing_bindings	6	0	0	0	1
blorp/src/compiler/stage_09_core/perceus/index.brp	52	ownership_occurrence_id_value	2	6	0	2	1
blorp/src/compiler/stage_09_core/perceus/index.brp	56	ownership_occurrence_id	2	0	0	1	1
blorp/src/compiler/stage_09_core/perceus/index.brp	60	publish_ownership_index	23	0	0	1	1
blorp/src/compiler/stage_09_core/perceus/index.brp	85	ownership_index_rep	2	0	0	5	1
blorp/src/compiler/stage_09_core/perceus/index.brp	96	index_ownership_function	81	3	2	0	1
blorp/src/compiler/stage_09_core/perceus/index.brp	179	ownership_index_root	2	3	0	1	1
blorp/src/compiler/stage_09_core/perceus/index.brp	183	ownership_index_node_count	2	3	2	0	1
blorp/src/compiler/stage_09_core/perceus/index.brp	187	ownership_index_node	5	3	0	3	1
blorp/src/compiler/stage_09_core/perceus/index.brp	194	ownership_index_root_expr	2	3	0	0	1
blorp/src/compiler/stage_09_core/perceus/index.brp	198	ownership_index_child_count	9	3	0	0	1
blorp/src/compiler/stage_09_core/perceus/index.brp	210	ownership_index_child	11	4	0	0	1
blorp/src/compiler/stage_09_core/perceus/index.brp	228	ownership_index_is_valid	43	3	0	0	1
blorp/src/compiler/stage_09_core/perceus/uses.brp	2342	borrowed_result_aliases_param	2	17	0	0	1
blorp/src/compiler/stage_09_core/perceus/work_counters.brp	377	register_perceus_work_counters	93	0	1	0	2
blorp/src/compiler/stage_09_core/pipeline.brp	147	prepared_core_program_name_table	2	2	0	0	1
blorp/src/compiler/stage_09_core/pipeline.brp	683	run_specialize_stage	2	4	0	0	1
blorp/src/compiler/stage_09_core/pipeline.brp	687	prepare_perceus_input	2	0	3	0	1
blorp/src/compiler/stage_09_core/pipeline.brp	691	run_perceus_stage	2	0	3	0	1
blorp/src/compiler/stage_09_core/pipeline.brp	695	run_post_perceus_tail	2	0	2	0	1
blorp/src/compiler/stage_09_core/pipeline.brp	699	run_pre_dce_tail	2	24	4	3	1
blorp/src/compiler/stage_09_core/prepare.brp	5782	heap_record_cleanup_field_plan	9	3	0	0	1
blorp/src/compiler/stage_09_core/resolve.brp	880	call_resolve_count_checksum	2	0	0	2	1
blorp/src/compiler/stage_09_core/resolve.brp	884	call_resolve_module_path_order_checksum	7	0	0	1	1
blorp/src/compiler/stage_09_core/resolve.brp	893	observe_call_resolve_env	71	0	0	1	1
blorp/src/compiler/stage_09_core/resolve.brp	971	observe_core_call_resolve_env	7	0	2	0	1
blorp/src/compiler/stage_09_core/reuse.brp	777	record_cow_fields_assign_var	11	0	0	0	1
blorp/src/compiler/stage_09_core/reuse.brp	5886	rewrite_prepared_expr	7	2	0	0	1
blorp/src/compiler/stage_09_core/std_inline.brp	1802	inline_std_wrappers	2	21	0	1	1
blorp/src/compiler/stage_09_core/synth_nodes.brp	115	intrinsic_call_at	7	0	0	0	1
blorp/src/compiler/stage_09_core/traverse.brp	1576	map_core_dict_literal_entry	5	0	0	0	1
blorp/src/compiler/stage_09_core/traverse.brp	1583	map_core_dict_literal_entries	9	0	0	0	1
blorp/src/compiler/stage_09_core/tuple_sroa.brp	2804	rewrite_tuple_sroa_expr	11	27	0	0	1
blorp/src/compiler/stage_09_core/work_profile.brp	108	checksum_mix	2	0	0	3	1
blorp/src/compiler/stage_09_core/work_profile.brp	112	checksum_text	2	0	27	1	1
blorp/src/compiler/stage_09_core/work_profile.brp	116	function_expr_roots	6	0	0	1	1
blorp/src/compiler/stage_09_core/work_profile.brp	124	decl_expr_roots	10	0	0	2	1
blorp/src/compiler/stage_09_core/work_profile.brp	136	expr_work_stats	42	0	0	2	1
blorp/src/compiler/stage_09_core/work_profile.brp	180	core_program_work_stats	62	0	2	1	1
blorp/src/compiler/stage_09_core/work_profile.brp	244	semantic_match_union_type_names	23	0	0	2	1
blorp/src/compiler/stage_09_core/work_profile.brp	269	union_lookup_candidates	14	0	0	1	1
blorp/src/compiler/stage_09_core/work_profile.brp	285	observed_match_projection_union_lookup_work	16	0	0	1	1
blorp/src/compiler/stage_09_core/work_profile.brp	303	ownership_contracts_profiled	6	0	0	1	1
blorp/src/compiler/stage_09_core/work_profile.brp	311	run_profiled_core_pass	38	0	0	1	1
blorp/src/compiler/stage_09_core/work_profile.brp	351	pass_lookup_work	12	0	0	1	1
blorp/src/compiler/stage_09_core/work_profile.brp	365	profile_core_pass_work	48	0	3	0	1
blorp/src/compiler/stage_10_backend/backend_helper_kind_mapping.brp	748	backend_helper_kind_of_prepared_tuple_renderer_op	16	3	0	0	1
blorp/src/compiler/stage_10_backend/backend_helper_kind_mapping.brp	769	backend_helper_kind_of_prepared_list_renderer_op	108	3	0	0	1
blorp/src/compiler/stage_10_backend/backend_helper_kind_mapping.brp	882	backend_helper_kind_of_prepared_tensor_renderer_op	146	3	0	0	1
blorp/src/compiler/stage_10_backend/backend_helper_kind_mapping.brp	1035	backend_helper_kind_of_prepared_backend_renderer_op	216	21	0	0	1
blorp/src/compiler/stage_10_backend/backend_helper_kind_mapping.brp	1258	backend_helper_kind_of_intrinsic_renderer_op	316	3	0	0	1
blorp/src/compiler/stage_10_backend/c_symbol_projection.brp	504	c_emission_symbol_plan_entry_count	2	0	2	0	1
blorp/src/compiler/stage_10_backend/c_symbol_projection.brp	508	c_emission_preserved_symbol_count	3	0	2	0	1
blorp/src/compiler/stage_10_backend/c_symbol_projection.brp	1235	canonical_empty_lists_for_unprojected_program	10	0	0	1	1
blorp/src/compiler/stage_10_backend/emit.brp	27541	error_artifact	9	0	0	1	1
blorp/src/compiler/stage_10_backend/emit.brp	27618	try_emit_unprojected_prepared_core_program_c_artifact_for_tests	45	13	0	1	1
blorp/src/compiler/stage_10_backend/emit.brp	27665	emit_unprojected_core_program_c_artifact_with_profile_for_tests	14	11	0	1	1
blorp/src/compiler/stage_10_backend/emit.brp	27681	try_emit_core_program_c_artifact_with_profile	7	3	2	0	1
blorp/src/compiler/stage_10_backend/emit.brp	27690	emit_unprojected_core_program_c_artifact_for_tests	5	323	0	0	1
blorp/src/compiler/stage_10_backend/emit.brp	28418	try_emit_prepared_core_program_c_split_artifact_with_profile	13	14	0	0	1
blorp/src/compiler/stage_10_backend/intrinsic_renderer.brp	225	intrinsic_arity	10	14	0	0	1
blorp/src/compiler/stage_10_backend/intrinsic_renderer.brp	524	render_error_to_string	6	3	0	0	1
blorp/src/compiler/stage_10_backend/template_registry.brp	8	render_template_arity_error	7	0	0	1	1
blorp/src/compiler/stage_10_backend/template_registry.brp	17	render_unsupported_template_error	2	0	0	1	1
blorp/src/format/engine/command_line.brp	88	parse_width_args	14	5	0	0	1
blorp/src/format/engine/declaration_documents.brp	700	declaration_from_json_string	3	2	0	1	1
blorp/src/format/engine/declaration_documents.brp	1770	declaration_documents	7	1	0	0	1
blorp/src/format/engine/declaration_documents.brp	2415	render_declaration_json	3	32	0	0	1
blorp/src/format/engine/document_json.brp	20	document_field	3	0	0	1	1
blorp/src/format/engine/document_json.brp	25	document_from_json	35	0	0	2	1
blorp/src/format/engine/document_json.brp	62	document_from_json_string	3	2	0	1	1
blorp/src/format/engine/document_json.brp	67	render_document_json	3	2	0	0	1
blorp/src/format/engine/expression_documents.brp	1445	expression_from_json_string	3	2	0	1	1
blorp/src/format/engine/expression_documents.brp	4747	render_expression_json	3	66	0	0	1
blorp/src/format/engine/type_documents.brp	158	type_expression_from_json_string	3	2	0	1	1
blorp/src/format/engine/type_documents.brp	325	render_type_json	3	7	0	0	1
blorp/src/lib/compilation.brp	393	finish_prepared_compile_execution	26	0	0	1	1
blorp/src/lib/compilation.brp	446	compile_preparation_from_frontend	26	0	0	1	1
blorp/src/lib/compilation.brp	474	prepare_compile_plan_with_typed_validation	21	2	0	1	1
blorp/src/lib/compilation.brp	497	prepare_compile_plan_with_frontend_policy	9	2	0	0	1
blorp/src/lib/compilation.brp	643	prepare_compile_plan	32	0	0	1	1
blorp/src/lib/compilation.brp	715	execute_compile_plan	8	2	0	0	1
blorp/src/lib/host_c.brp	261	platform_stack_size_argument	6	0	0	0	1
blorp/src/lib/host_environment.brp	233	discover_compiler_host_environment	4	3	0	0	1
blorp/src/lib/platform.brp	54	host_platform_error_message	20	2	0	0	1
blorp/src/lib/platform.brp	307	discover_host_toolchain	2	2	0	0	1
blorp/src/lib/program_runner.brp	92	program_build_error_message	6	0	0	0	1
blorp/src/lib/run_effect.brp	261	execute_captured_run_command_with_runners_and_limit	16	0	0	1	1
blorp/src/lib/run_effect.brp	340	prepare_captured_run_request_with_preparer	34	0	0	1	1
blorp/src/lib/source.brp	145	source_location	6	6	0	1	1
blorp/src/lib/source.brp	157	source_location_for_file	6	80	22	0	1
blorp/src/lib/source.brp	301	source_at_end	2	2	0	0	1
blorp/src/lib/source_graph.brp	988	source_candidate	6	0	0	0	1
blorp/src/lib/source_graph.brp	1050	parsed_source_for_compiler_module	8	0	0	0	1
blorp/src/lint/command.brp	286	lint_context	11	20	0	0	1
blorp/src/lsp/analysis/analysis_cache.brp	124	analysis_cache_remove_typed	19	3	0	0	1
blorp/src/lsp/analysis/analysis_cache.brp	145	analysis_cache_remove_diagnostics	15	2	0	0	1
blorp/src/lsp/analysis/analysis_model.brp	460	symbol_is_callable	10	0	0	1	1
blorp/src/lsp/analysis/analysis_model.brp	599	empty_module_semantic_index	14	13	0	0	1
blorp/src/lsp/analysis/analysis_model.brp	615	callable_module_semantic_index	30	16	0	0	1
blorp/src/lsp/analysis/analysis_model.brp	647	function_global_type_constructor_and_field_module_semantic_index	15	0	0	0	1
blorp/src/lsp/analysis/analysis_model.brp	740	module_semantic_index_references	3	30	0	0	1
blorp/src/lsp/analysis/analysis_planner.brp	372	analysis_targets_for_workspace	5	0	0	0	1
blorp/src/lsp/analysis/analysis_planner.brp	390	analysis_roots_for_workspace	5	3	0	0	1
blorp/src/lsp/analysis/diagnostic.brp	209	analyze_syntax_diagnostics	12	2	0	0	1
blorp/src/lsp/analysis/diagnostic_model.brp	100	diagnostic_publication_is_current	21	3	0	0	1
blorp/src/lsp/analysis/diagnostic_model.brp	123	diagnostic_clear_is_current	5	0	0	0	1
blorp/src/lsp/analysis/fingerprint_model.brp	32	module_surface_fingerprint	2	0	0	0	1
blorp/src/lsp/analysis/frontend_graph.brp	454	frontend_graph_for_sources	8	11	0	0	1
blorp/src/lsp/analysis/workspace_semantic_targets.brp	131	declared_workspace_semantic_target_revision	4	0	0	0	1
blorp/src/lsp/protocol/exit_notification.brp	64	decode_lsp_exit_notification	6	5	0	0	1
blorp/src/lsp/protocol/frame_codec.brp	160	frame_limits	8	13	0	0	1
blorp/src/lsp/protocol/initialize.brp	250	decode_lsp_initialize_request	6	17	0	0	1
blorp/src/lsp/protocol/initialized.brp	65	decode_lsp_initialized_notification	8	12	0	0	1
blorp/src/lsp/protocol/lifecycle_dispatch.brp	228	dispatch_lsp_lifecycle_body	6	3	0	0	1
blorp/src/lsp/protocol/position.brp	51	source_byte_offset_value	2	2	0	0	1
blorp/src/lsp/protocol/position.brp	139	position_to_source_offset	70	8	0	0	1
blorp/src/lsp/protocol/shutdown.brp	67	decode_lsp_shutdown_request	6	5	0	0	1
blorp/src/lsp/server/server_actor.brp	251	server_is_loading	6	6	0	0	1
blorp/src/lsp/server/server_actor.brp	271	server_active_analysis	10	10	0	0	1
blorp/src/lsp/server/server_actor.brp	293	server_active_analysis_for	13	16	0	0	1
blorp/src/lsp/server/server_actor.brp	308	server_pending_analysis	10	7	0	0	1
blorp/src/lsp/server/server_actor.brp	320	server_pending_analysis_for	13	9	0	0	1
blorp/src/lsp/server/server_actor.brp	335	server_find_document	9	14	0	0	1
blorp/src/lsp/server/server_work.brp	26	document_analysis_request	14	2	0	0	1
blorp/src/lsp/server/server_work.brp	42	document_analysis_identity	2	0	0	1	1
blorp/src/lsp/server/server_work.brp	46	document_analysis_document	2	0	0	1	1
blorp/src/lsp/workspace/did_change.brp	145	decode_lsp_did_change_notification	6	5	0	0	1
blorp/src/lsp/workspace/did_change.brp	153	handle_lsp_did_change_notification	5	7	0	0	1
blorp/src/lsp/workspace/did_close.brp	79	decode_lsp_did_close_notification	6	5	0	0	1
blorp/src/lsp/workspace/did_close.brp	87	handle_lsp_did_close_notification	5	4	0	0	1
blorp/src/lsp/workspace/did_open.brp	95	decode_lsp_did_open_notification	6	16	0	0	1
blorp/src/lsp/workspace/did_open.brp	103	handle_lsp_did_open_notification	5	12	0	0	1
blorp/src/lsp/workspace/did_save.brp	100	decode_lsp_did_save_notification	6	5	0	0	1
blorp/src/lsp/workspace/did_save.brp	108	handle_lsp_did_save_notification	5	5	0	0	1
blorp/src/lsp/workspace/indexed_store.brp	41	uri_store_from_entries	20	4	0	0	1
blorp/src/lsp/workspace/indexed_store.brp	87	uri_store_is_empty	2	0	0	1	1
blorp/src/lsp/workspace/indexed_store.brp	102	module_store_from_entries	20	3	0	0	1
blorp/src/lsp/workspace/indexed_store.brp	174	module_store_contains	2	2	0	1	1
blorp/src/lsp/workspace/indexed_store.brp	178	module_store_values	4	3	0	0	1
blorp/src/lsp/workspace/indexed_store.brp	184	module_store_length	2	0	0	0	1
blorp/src/lsp/workspace/indexed_store.brp	188	module_store_is_empty	2	0	0	0	1
blorp/src/lsp/workspace/workspace_model.brp	96	saved_source_refresh_event	6	4	0	0	1
blorp/src/lsp/workspace/workspace_source.brp	393	source_for_uri	16	26	0	0	1
blorp/src/lsp/workspace/workspace_store.brp	93	source_store_is_empty	2	0	0	0	1
blorp/src/lsp/workspace/workspace_store.brp	203	dependency_store_is_empty	2	3	0	0	1
blorp/src/test/discovery.brp	359	discover_test_sources	7	9	0	0	1
blorp/src/test/doctest.brp	816	generate_cli_doctest_source	2	6	0	0	1
blorp/src/test/effect.brp	35	no_op_phase_recorder	2	0	0	1	1
blorp/src/test/effect.brp	110	execute_blorp_test_suite_candidate_with_runners	24	0	0	1	1
blorp/src/test/effect.brp	186	execute_blorp_test_suite_candidate_until	16	2	0	0	1
blorp/src/test/program_session_runner.brp	63	captured_program_session_is_supported	10	2	0	0	1
