═══ Compiler Unit Tests (OCaml/Alcotest) ═══

Testing `[1mblorp[0m'.
[2mThis run has ID `G4ILW3IL'.

[0m  [32m[OK][0m          [36mTypedAst.expr[0m                                              0   accepts finalized expr....
  [32m[OK][0m          [36mTypedAst.expr[0m                                              1   rejects legacy expr_type without info....
  [32m[OK][0m          [36mTypedAst.expr[0m                                              2   value slot preserves widening info....
  [32m[OK][0m          [36mTypedAst.expr[0m                                              3   prefers AST-carried type info....
  [32m[OK][0m          [36mTypedAst.expr[0m                                              4   type info is canonical AST payload....
  [32m[OK][0m          [36mTypedAst.expr[0m                                              5   call metadata accessors....
  [32m[OK][0m          [36mTypedAst.expr[0m                                              6   trait method concrete callable accessor....
  [32m[OK][0m          [36mTypedAst.expr[0m                                              7   expr view returns typed children....
  [32m[OK][0m          [36mTypedAst.expr[0m                                              8   rejects missing type....
  [32m[OK][0m          [36mTypedAst.expr[0m                                              9   rejects inference meta....
  [32m[OK][0m          [36mTypedAst.expr[0m                                             10   rejects untyped child....
  [32m[OK][0m          [36mTypedAst.expr[0m                                             11   rejects root lambda missing param type....
  [32m[OK][0m          [36mTypedAst.expr[0m                                             12   rejects root loop view meta element type....
  [32m[OK][0m          [36mTypedAst.expr[0m                                             13   Ast.with_expr_type_info sets consistent payload....
  [32m[OK][0m          [36mTypedAst.expr[0m                                             14   Ast.map_expr_type_payload maps payload types....
  [32m[OK][0m          [36mTypedAst.decl[0m                                              0   accepts finalized function declaration....
  [32m[OK][0m          [36mTypedAst.decl[0m                                              1   preserves inferred return separately....
  [32m[OK][0m          [36mTypedAst.decl[0m                                              2   rejects missing param type....
  [32m[OK][0m          [36mTypedAst.decl[0m                                              3   rejects meta return type....
  [32m[OK][0m          [36mTypedAst.decl[0m                                              4   rejects untyped body child....
  [32m[OK][0m          [36mTypedAst.decl[0m                                              5   preserves var binding type separately....
  [32m[OK][0m          [36mTypedAst.decl[0m                                              6   impl exposes typed methods....
  [32m[OK][0m          [36mTypedAst.decl[0m                                              7   rejects meta global annotation....
  [32m[OK][0m          [36mTypedAst.decl[0m                                              8   rejects resource cleanup on non-resource type....
  [32m[OK][0m          [36mTypedAst.decl[0m                                              9   global constant preserves const marker....
  [32m[OK][0m          [36mTypedAst.decl[0m                                             10   rejects meta loop view element type....
  [32m[OK][0m          [36mTypedAst.program[0m                                           0   accepts finalized declarations....
  [32m[OK][0m          [36mTypedAst.program[0m                                           1   rejects untyped declaration child....
  [32m[OK][0m          [36mTypedAstJson.type decoder[0m                                  0   span....
  [32m[OK][0m          [36mTypedAstJson.type decoder[0m                                  1   named and array....
  [32m[OK][0m          [36mTypedAstJson.type decoder[0m                                  2   function tuple and vars....
  [32m[OK][0m          [36mTypedAstJson.type decoder[0m                                  3   dimension shapes....
  [32m[OK][0m          [36mTypedAstJson.type decoder[0m                                  4   meta type....
  [32m[OK][0m          [36mTypedAstJson.type decoder[0m                                  5   widening metadata....
  [32m[OK][0m          [36mTypedAstJson.type decoder[0m                                  6   type origin....
  [32m[OK][0m          [36mTypedAstJson.type decoder[0m                                  7   value proofs....
  [32m[OK][0m          [36mTypedAstJson.type decoder[0m                                  8   resolved call info....
  [32m[OK][0m          [36mTypedAstJson.type decoder[0m                                  9   typed expr info....
  [32m[OK][0m          [36mTypedAstJson.type decoder[0m                                 10   typed expr info coherence....
  [32m[OK][0m          [36mTypedAstJson.type decoder[0m                                 11   patterns....
  [32m[OK][0m          [36mTypedAstJson.type decoder[0m                                 12   typed expr subset....
  [32m[OK][0m          [36mTypedAstJson.type decoder[0m                                 13   typed expr structural forms....
  [32m[OK][0m          [36mTypedAstJson.type decoder[0m                                 14   typed expr control/resource forms....
  [32m[OK][0m          [36mTypedAstJson.type decoder[0m                                 15   concurrent block requires explicit bindings....
  [32m[OK][0m          [36mTypedAstJson.type decoder[0m                                 16   typed program global var....
  [32m[OK][0m          [36mTypedAstJson.type decoder[0m                                 17   typed program qualified global var....
  [32m[OK][0m          [36mTypedAstJson.type decoder[0m                                 18   typed program function....
  [32m[OK][0m          [36mTypedAstJson.type decoder[0m                                 19   typed program record and alias....
  [32m[OK][0m          [36mTypedAstJson.type decoder[0m                                 20   typed program union....
  [32m[OK][0m          [36mTypedAstJson.type decoder[0m                                 21   typed program impl....
  [32m[OK][0m          [36mTypedAstJson.type decoder[0m                                 22   typed program parsed passthrough....
  [32m[OK][0m          [36mTypedAstJson.type decoder[0m                                 23   typed program parsed enum metadata....
  [32m[OK][0m          [36mTypedAstJson.type decoder[0m                                 24   typed program parsed import block....
  [32m[OK][0m          [36mTypedAstJson.type decoder[0m                                 25   typed expr resolved call metadata....
  [32m[OK][0m          [36mTypedAstJson.type decoder[0m                                 26   imported bare call uses UFCS callee....
  [32m[OK][0m          [36mTypedAstJson.type decoder[0m                                 27   unsupported pattern....
  [32m[OK][0m          [36mTypedAstJson.type decoder[0m                                 28   unknown kind....
  [32m[OK][0m          [36mTypedAstDebug.format[0m                                       0   exposes widening metadata....
  [32m[OK][0m          [36mTypedAstDebug.format[0m                                       1   exposes source annotation metadata....
  [32m[OK][0m          [36mTypedAstDebug.format[0m                                       2   exposes argument-slot widening....
  [32m[OK][0m          [36mTypedAstDebug.format[0m                                       3   exposes declaration type metadata....
  [32m[OK][0m          [36mTypedAstDebug.format[0m                                       4   exposes record and alias source metadata....
  [32m[OK][0m          [36mCompileProfile.run_modes[0m                                   0   fast_run_uses_o0....
  [32m[OK][0m          [36mCompileProfile.run_modes[0m                                   1   release_run_uses_o2....
  [32m[OK][0m          [36mCompileProfile.run_modes[0m                                   2   sanitized_release_run_uses_o0....
  [32m[OK][0m          [36mDiagnostics.render[0m                                         0   format_error uses loc file and tab padding....
  [32m[OK][0m          [36mDiagnostics.render[0m                                         1   format_diagnostic handles synthetic loc....
  [32m[OK][0m          [36mLanguageSurface.data[0m                                       0   facade uses generated language surface data....
  [32m[OK][0m          [36mLanguageSurface.data[0m                                       1   completion keywords do not advertise removed syntax....
  [32m[OK][0m          [36mLanguageSurface.data[0m                                       2   generated language surface contains required prelude methods....
  [32m[OK][0m          [36mLanguageSurface.data[0m                                       3   renderer helper uses generated language surface rows....
  [32m[OK][0m          [36mTypeMetadataFormat.format[0m                                  0   debug type info wording....
  [32m[OK][0m          [36mTypeMetadataFormat.format[0m                                  1   hover source and canonical wording....
  [32m[OK][0m          [36mTypeMetadataFormat.format[0m                                  2   hover widening wording....
  [32m[OK][0m          [36mTypeMetadataFormat.format[0m                                  3   hover detail order....
  [32m[OK][0m          [36mTypeMetadataFormat.format[0m                                  4   expr hover metadata before fallback....
  [32m[OK][0m          [36mTypeMetadataFormat.format[0m                                  5   expr hover fallback....
  [32m[OK][0m          [36mTypes.type_to_string[0m                                       0   simple types....
  [32m[OK][0m          [36mTypes.type_to_string[0m                                       1   parameterized....
  [32m[OK][0m          [36mTypes.type_to_string[0m                                       2   function types....
  [32m[OK][0m          [36mTypes.type_to_string[0m                                       3   tuple types....
  [32m[OK][0m          [36mTypes.type_to_string[0m                                       4   type variables....
  [32m[OK][0m          [36mTypes.type_to_string[0m                                       5   special types....
  [32m[OK][0m          [36mTypes.types_equal[0m                                          0   basic equality....
  [32m[OK][0m          [36mTypes.types_equal[0m                                          1   parameterized....
  [32m[OK][0m          [36mTypes.types_equal[0m                                          2   tensor normalization....
  [32m[OK][0m          [36mTypes.types_equal[0m                                          3   function types....
  [32m[OK][0m          [36mTypes.types_equal[0m                                          4   tuple/named tuple....
  [32m[OK][0m          [36mTypes.types_equal[0m                                          5   special types....
  [32m[OK][0m          [36mTypes.normalize_type_name[0m                                  0   normalization....
  [32m[OK][0m          [36mTypes.strip_type_param_bounds[0m                              0   stripping....
  [32m[OK][0m          [36mTypes.strip_type_param_bounds[0m                              1   type param predicate....
  [32m[OK][0m          [36mTypes.collect_type_vars[0m                                    0   collection....
  [32m[OK][0m          [36mTypes.instantiate_type_params[0m                              0   instantiation....
  [32m[OK][0m          [36mTypes.occurs_in[0m                                            0   occurs check....
  [32m[OK][0m          [36mTypes.apply_subst[0m                                          0   basic....
  [32m[OK][0m          [36mTypes.apply_subst[0m                                          1   nested....
  [32m[OK][0m          [36mTypes.apply_subst[0m                                          2   chained....
  [32m[OK][0m          [36mTypes.apply_subst[0m                                          3   cycle detection....
  [32m[OK][0m          [36mTypes.apply_subst[0m                                          4   function type....
  [32m[OK][0m          [36mTypes.apply_subst[0m                                          5   Self....
  [32m[OK][0m          [36mTypes.apply_subst[0m                                          6   type-param names....
  [32m[OK][0m          [36mTypes.unify[0m                                                0   identical....
  [32m[OK][0m          [36mTypes.unify[0m                                                1   mismatch....
  [32m[OK][0m          [36mTypes.unify[0m                                                2   TyVar left....
  [32m[OK][0m          [36mTypes.unify[0m                                                3   TyVar right asymmetric....
  [32m[OK][0m          [36mTypes.unify[0m                                                4   TyVar right symmetric....
  [32m[OK][0m          [36mTypes.unify[0m                                                5   parameterized....
  [32m[OK][0m          [36mTypes.unify[0m                                                6   consistent binding....
  [32m[OK][0m          [36mTypes.unify[0m                                                7   purity covariance....
  [32m[OK][0m          [36mTypes.unify[0m                                                8   tensor normalization....
  [32m[OK][0m          [36mTypes.unify[0m                                                9   tuple forms....
  [32m[OK][0m          [36mTypes.unify[0m                                               10   range subtyping....
  [32m[OK][0m          [36mTypes.unify[0m                                               11   VarDims....
  [32m[OK][0m          [36mTypes.unify[0m                                               12   type_params....
  [32m[OK][0m          [36mTypes.unify[0m                                               13   occurs check....
  [32m[OK][0m          [36mTypes.types_compatible[0m                                     0   compatible....
  [32m[OK][0m          [36mTypes.types_compatible[0m                                     1   bidirectional....
  [32m[OK][0m          [36mTypes.integer types[0m                                        0   type checks....
  [32m[OK][0m          [36mTypes.integer types[0m                                        1   to C....
  [32m[OK][0m          [36mTypes.float types[0m                                          0   type checks....
  [32m[OK][0m          [36mTypes.map_type_expr[0m                                        0   mapping....
  [32m[OK][0m          [36mTypes.contains_meta[0m                                        0   predicate....
  [32m[OK][0m          [36mTypes.dim values[0m                                           0   scalar dimension refinements exclude variadic packs....
  [32m[OK][0m          [36mTypes.dim values[0m                                           1   symbolic zero dimensions are rejected....
  [32m[OK][0m          [36mTypes.module_type_identity[0m                                 0   std global ABI type stays bare....
  [32m[OK][0m          [36mTypes.module_type_identity[0m                                 1   std non-ABI type is owner-qualified....
  [32m[OK][0m          [36mTypes.module_type_identity[0m                                 2   std qualification skips only ABI types....
  [32m[OK][0m          [36mTypes.module_type_identity[0m                                 3   qualified names resolve inside array syntax....
  [32m[OK][0m          [36mTypeResolution.resolution[0m                                  0   qualified array element....
  [32m[OK][0m          [36mTypeResolution.resolution[0m                                  1   recursive qualified names....
  [32m[OK][0m          [36mTypeResolution.resolution[0m                                  2   nominal dimension alias....
  [32m[OK][0m          [36mTypeResolution.resolution[0m                                  3   owner qualification hook....
  [32m[OK][0m          [36mTypeResolution.resolution[0m                                  4   imported signature named path....
  [32m[OK][0m          [36mTypeResolution.resolution[0m                                  5   alias source preservation....
  [32m[OK][0m          [36mTypeResolution.resolution[0m                                  6   declaration canonicalizers....
  [32m[OK][0m          [36mTypeResolution.resolution[0m                                  7   inference annotation named entrypoints....
  [32m[OK][0m          [36mTypeWidening.decisions[0m                                     0   mutable binding slot preserves semantic type....
  [32m[OK][0m          [36mTypeWidening.decisions[0m                                     1   non-singleton value type is kept....
  [32m[OK][0m          [36mTypeWidening.decisions[0m                                     2   numeric operand slot preserves semantic type....
  [32m[OK][0m          [36mTypeWidening.decisions[0m                                     3   method receiver slot preserves semantic type....
  [32m[OK][0m          [36mTypeWidening.decisions[0m                                     4   variadic dimension pack is kept....
  [32m[OK][0m          [36mTypeWidening.decisions[0m                                     5   scalar int value type is explicit....
  [32m[OK][0m          [36mTypeWidening.decisions[0m                                     6   argument slot respects dimension metas....
  [32m[OK][0m          [36mTypeWidening.decisions[0m                                     7   argument target slot uses parameter type....
  [32m[OK][0m          [36mTypeWidening.decisions[0m                                     8   argument target slot keeps type variables....
  [32m[OK][0m          [36mTypeWidening.decisions[0m                                     9   argument target slot keeps incompatible targets....
  [32m[OK][0m          [36mTypeWidening.decisions[0m                                    10   collection element slot records collection kind....
  [32m[OK][0m          [36mTypeWidening.decisions[0m                                    11   collection element target slot uses target type....
  [32m[OK][0m          [36mTypeWidening.decisions[0m                                    12   bitwise target slot uses target type....
  [32m[OK][0m          [36mRefinement.proofs[0m                                          0   collection proofs compare structurally....
  [32m[OK][0m          [36mRefinement.proofs[0m                                          1   collection identity smart constructors....
  [32m[OK][0m          [36mRefinement.proofs[0m                                          2   collection proof queries hide shape....
  [32m[OK][0m          [36mRefinement.proofs[0m                                          3   range upper smart constructors....
  [32m[OK][0m          [36mRefinement.proofs[0m                                          4   range proof rejects invalid bounds....
  [32m[OK][0m          [36mRefinement.proofs[0m                                          5   literal range proves constant dimensions....
  [32m[OK][0m          [36mRefinement.proofs[0m                                          6   symbolic range proves same collection....
  [32m[OK][0m          [36mRefinement.proofs[0m                                          7   dimension range proves same dimension....
  [32m[OK][0m          [36mRefinement.proofs[0m                                          8   offset checks are explicit....
  [32m[OK][0m          [36mRefinement.proofs[0m                                          9   direct subscript dispatches by proof shape....
  [32m[OK][0m          [36mRefinement.proofs[0m                                         10   offset subscript dispatches by proof shape....
  [32m[OK][0m          [36mRefinement.proofs[0m                                         11   subscript bounds have smart constructors....
  [32m[OK][0m          [36mRefinement.proofs[0m                                         12   proof env replaces shadowed proofs....
  [32m[OK][0m          [36mRefinement.proofs[0m                                         13   range proofs carry sources....
  [32m[OK][0m          [36mRefinement.proofs[0m                                         14   subscript proofs carry sources....
  [32m[OK][0m          [36mRefinement.proofs[0m                                         15   binding refinement carries proof bundle....
  [32m[OK][0m          [36mRefinement.proofs[0m                                         16   proof env mirrors subscript facts to binding....
  [32m[OK][0m          [36mRefinement.proofs[0m                                         17   branch narrowing rejects mutable subjects....
  [32m[OK][0m          [36mInferTypeNormalization.normalization[0m                       0   alias normalization retains purpose and source....
  [32m[OK][0m          [36mInferTypeNormalization.normalization[0m                       1   canonical helper returns normalized type....
  [32m[OK][0m          [36mGenericParams.params[0m                                       0   source spelling....
  [32m[OK][0m          [36mGenericParams.params[0m                                       1   param list helpers....
  [32m[OK][0m          [36mGenericParams.params[0m                                       2   constructor helpers....
  [32m[OK][0m          [36mModuleSurface.exports[0m                                      0   surface exports map trait and impl methods....
  [32m[OK][0m          [36mModuleSurface.exports[0m                                      1   impl method export decl returns function decl....
  [32m[OK][0m          [36mModuleSurface.exports[0m                                      2   surface private names map private methods....
  [32m[OK][0m          [36mModuleSurface.exports[0m                                      3   parse artifact preserves module surface....
  [32m[OK][0m          [36mModuleTypeIdentity.local_type_names[0m                        0   includes private wrappers and sorts....
  [32m[OK][0m          [36mParsedAstJson.decode[0m                                       0   simple function program....
  [32m[OK][0m          [36mParsedAstJson.decode[0m                                       1   parameter binders....
  [32m[OK][0m          [36mParsedAstJson.decode[0m                                       2   function annotations and doc....
  [32m[OK][0m          [36mParsedAstJson.decode[0m                                       3   builtin body....
  [32m[OK][0m          [36mParsedAstJson.decode[0m                                       4   top-level value and type declarations....
  [32m[OK][0m          [36mParsedAstJson.decode[0m                                       5   complex type expressions....
  [32m[OK][0m          [36mParsedAstJson.decode[0m                                       6   private declaration wrapper....
  [32m[OK][0m          [36mParsedAstJson.decode[0m                                       7   import block expands to imports....
  [32m[OK][0m          [36mParsedAstJson.decode[0m                                       8   trait and impl declarations....
  [32m[OK][0m          [36mParsedAstJson.decode[0m                                       9   data, match, and lambda expressions....
  [32m[OK][0m          [36mParsedAstJson.decode[0m                                      10   finalized string interpolation expression....
  [32m[OK][0m          [36mParsedAstJson.decode[0m                                      11   resource, select, and concurrency expressions....
  [32m[OK][0m          [36mParsedAstJson.decode[0m                                      12   concurrent validation keeps source loc....
  [32m[OK][0m          [36mParsedAstJson.decode[0m                                      13   for loop binders....
  [32m[OK][0m          [36mParsedAstJson.decode[0m                                      14   tuple destruct assignment....
  [32m[OK][0m          [36mParsedAstJson.decode[0m                                      15   subscript assignment....
  [32m[OK][0m          [36mParsedAstJson.decode[0m                                      16   opaque alias and conversions....
  [32m[OK][0m          [36mParsedAstJson.decode[0m                                      17   decodes parse diagnostics....
  [32m[OK][0m          [36mParsedAstJson.decode[0m                                      18   foreign block declarations....
  [32m[OK][0m          [36mBlake3.hash[0m                                                0   official hash vectors....
  [32m[OK][0m          [36mBlake3.hash[0m                                                1   incremental updates match one shot....
  [32m[OK][0m          [36mInfer.build_subst shapes[0m                                   0   TyVar -> concrete....
  [32m[OK][0m          [36mInfer.build_subst shapes[0m                                   1   no-op (concrete = concrete)....
  [32m[OK][0m          [36mInfer.build_subst shapes[0m                                   2   named with args....
  [32m[OK][0m          [36mInfer.build_subst shapes[0m                                   3   nested....
  [32m[OK][0m          [36mInfer.build_subst shapes[0m                                   4   two params in tuple....
  [32m[OK][0m          [36mInfer.build_subst shapes[0m                                   5   function type....
  [32m[OK][0m          [36mInfer.build_subst shapes[0m                                   6   range binds inner....
  [32m[OK][0m          [36mInfer.build_subst shapes[0m                                   7   TyNamed as type param....
  [32m[OK][0m          [36mInfer.build_subst shapes[0m                                   8   TyVar binds unconditionally....
  [32m[OK][0m          [36mInfer.infer_expr end-to-end[0m                                0   integer literal body....
  [32m[OK][0m          [36mInfer.infer_expr end-to-end[0m                                1   direct local call records target....
  [32m[OK][0m          [36mInfer.infer_expr end-to-end[0m                                2   local method syntax records target....
  [32m[OK][0m          [36mInfer.infer_expr end-to-end[0m                                3   closure call records target....
  [32m[OK][0m          [36mInfer.infer_expr end-to-end[0m                                4   constructor call records target....
  [32m[OK][0m          [36mInfer.infer_expr end-to-end[0m                                5   trait dispatch records target....
  [32m[OK][0m          [36mInfer.infer_expr end-to-end[0m                                6   module-qualified function records target....
  [32m[OK][0m          [36mInfer.infer_expr end-to-end[0m                                7   annotated module-qualified function records target....
  [32m[OK][0m          [36mInfer.infer_expr end-to-end[0m                                8   imported function method records target....
  [32m[OK][0m          [36mInfer.infer_expr end-to-end[0m                                9   prelude method-only UFCS records target....
  [32m[OK][0m          [36mInfer.infer_expr end-to-end[0m                               10   imported type method-only UFCS records target....
  [32m[OK][0m          [36mInfer.infer_expr end-to-end[0m                               11   module-qualified impl method records target....
  [32m[OK][0m          [36mInfer.infer_expr end-to-end[0m                               12   integer literal carries no-widening payload....
  [32m[OK][0m          [36mInfer.infer_expr end-to-end[0m                               13   identifier carries no-widening payload....
  [32m[OK][0m          [36mInfer.infer_expr end-to-end[0m                               14   tuple and binary carry no-widening payload....
  [32m[OK][0m          [36mInfer.infer_expr end-to-end[0m                               15   void carries no-widening payload....
  [32m[OK][0m          [36mInfer.infer_expr end-to-end[0m                               16   statement control-flow carries no-widening payload....
  [32m[OK][0m          [36mInfer.infer_expr end-to-end[0m                               17   string interp and question-bind carry no-widening payload....
  [32m[OK][0m          [36mInfer.infer_expr end-to-end[0m                               18   concurrent carries no-widening payload....
  [32m[OK][0m          [36mInfer.infer_expr end-to-end[0m                               19   collection literals carry no-widening payload....
  [32m[OK][0m          [36mInfer.infer_expr end-to-end[0m                               20   access and branch nodes carry no-widening payload....
  [32m[OK][0m          [36mInfer.infer_expr end-to-end[0m                               21   ambiguous bare record field reports modules....
  [32m[OK][0m          [36mInfer.infer_expr end-to-end[0m                               22   bitwise call carries no-widening payload....
  [32m[OK][0m          [36mInfer.infer_expr end-to-end[0m                               23   reflection calls carry no-widening payload....
  [32m[OK][0m          [36mInfer.infer_expr end-to-end[0m                               24   checked tensor calls carry no-widening payload....
  [32m[OK][0m          [36mInfer.infer_expr end-to-end[0m                               25   tensor producer calls carry no-widening payload....
  [32m[OK][0m          [36mInfer.infer_expr end-to-end[0m                               26   generic call resolves to concrete....
  [32m[OK][0m          [36mInfer.infer_expr end-to-end[0m                               27   generic pair constrains both slots....
  [32m[OK][0m          [36mInfer.infer_expr end-to-end[0m                               28   every expr is typed....
  [32m[OK][0m          [36mInfer.infer_expr end-to-end[0m                               29   zonk does not synthesize missing type info....
  [32m[OK][0m          [36mInfer.infer_expr end-to-end[0m                               30   tensor enumerate2 loop view....
  [32m[OK][0m          [36mInfer.infer_expr end-to-end[0m                               31   resource type registers explicit kind....
  [32m[OK][0m          [36mInfer.infer_expr end-to-end[0m                               32   resource rejects record field declaration....
  [32m[OK][0m          [36mInfer.infer_expr end-to-end[0m                               33   resource rejects union payload declaration....
  [32m[OK][0m          [36mInfer.infer_expr end-to-end[0m                               34   resource with typechecks binding....
  [32m[OK][0m          [36mInfer.infer_expr end-to-end[0m                               35   resource with rejects direct escape....
  [32m[OK][0m          [36mInfer.infer_expr end-to-end[0m                               36   resource with rejects direct escape after statement....
  [32m[OK][0m          [36mInfer.infer_expr end-to-end[0m                               37   resource with try typechecks carrier....
  [32m[OK][0m          [36mInfer.infer_expr end-to-end[0m                               38   resource with rejects ordinary local copy....
  [32m[OK][0m          [36mInfer.infer_expr end-to-end[0m                               39   resource with rejects tuple destructure copy....
  [32m[OK][0m          [36mInfer.infer_expr end-to-end[0m                               40   resource with rejects tuple literal storage....
  [32m[OK][0m          [36mInfer.infer_expr end-to-end[0m                               41   resource with rejects derived tuple literal storage....
  [32m[OK][0m          [36mInfer.infer_expr end-to-end[0m                               42   resource with rejects closure capture....
  [32m[OK][0m          [36mInfer.infer_expr end-to-end[0m                               43   resource with rejects detach capture....
  [32m[OK][0m          [36mInfer.infer_expr end-to-end[0m                               44   resource with rejects ordinary call arg....
  [32m[OK][0m          [36mInfer.infer_expr end-to-end[0m                               45   resource with rejects derived ordinary call arg....
  [32m[OK][0m          [36mInfer.infer_expr end-to-end[0m                               46   resource with rejects inline derived ordinary call arg....
  [32m[OK][0m          [36mInfer.infer_expr end-to-end[0m                               47   resource ordinary result can escape block....
  [32m[OK][0m          [36mInfer.infer_expr end-to-end[0m                               48   resource ordinary inline result enters call....
  [32m[OK][0m          [36mInfer.infer_expr end-to-end[0m                               49   resource ordinary UFCS result enters call....
  [32m[OK][0m          [36mInfer.infer_expr end-to-end[0m                               50   resource dependent result still cannot escape....
  [32m[OK][0m          [36mInfer.infer_expr end-to-end[0m                               51   resource single expr dependent result cannot escape....
  [32m[OK][0m          [36mInfer.infer_expr end-to-end[0m                               52   resource ordinary result annotation boundary....
  [32m[OK][0m          [36mInfer.infer_expr end-to-end[0m                               53   resource ordinary result annotation requires resource param....
  [32m[OK][0m          [36mInfer.infer_expr end-to-end[0m                               54   resource ordinary result annotation allows forward resource param....
  [32m[OK][0m          [36mInfer.infer_expr end-to-end[0m                               55   resource ordinary result annotation rejects resource container param....
  [32m[OK][0m          [36mInfer.infer_expr end-to-end[0m                               56   resource ordinary result annotation rejects resource return....
  [32m[OK][0m          [36mInfer.infer_expr end-to-end[0m                               57   resource ordinary result annotation rejects stream carrier return....
  [32m[OK][0m          [36mInfer.infer_expr end-to-end[0m                               58   resource ordinary result annotation rejects aliased stream carrier....
  [32m[OK][0m          [36mInfer.infer_expr end-to-end[0m                               59   resource rejects unscoped operation arg....
  [32m[OK][0m          [36mInfer.infer_expr end-to-end[0m                               60   resource with rejects constructor payload....
  [32m[OK][0m          [36mInfer.infer_expr end-to-end[0m                               61   resource with rejects derived constructor payload....
  [32m[OK][0m          [36mInfer.infer_expr end-to-end[0m                               62   resource with rejects derived escape....
  [32m[OK][0m          [36mInfer.infer_expr end-to-end[0m                               63   resource with rejects derived mutable assignment....
  [32m[OK][0m          [36mInfer.infer_expr end-to-end[0m                               64   resource with rejects derived detach capture....
  [32m[OK][0m          [36mInfer.infer_expr end-to-end[0m                               65   resource with rejects concurrent capture....
  [32m[OK][0m          [36mInfer.infer_expr end-to-end[0m                               66   resource with rejects derived concurrent capture....
  [32m[OK][0m          [36mInfer.infer_expr end-to-end[0m                               67   resource with rejects for ... concurrently capture....
  [32m[OK][0m          [36mInfer.infer_expr end-to-end[0m                               68   resource rejects concurrent resource result....
  [32m[OK][0m          [36mInfer.infer_expr end-to-end[0m                               69   resource with rejects derived closure capture....
  [32m[OK][0m          [36mInfer.infer_expr end-to-end[0m                               70   resource with rejects list literal storage....
  [32m[OK][0m          [36mInfer.infer_expr end-to-end[0m                               71   resource with rejects derived list literal storage....
  [32m[OK][0m          [36mInfer.infer_expr end-to-end[0m                               72   resource with rejects record literal storage....
  [32m[OK][0m          [36mInfer.infer_expr end-to-end[0m                               73   resource with rejects derived record literal storage....
  [32m[OK][0m          [36mInfer.infer_expr end-to-end[0m                               74   resource with rejects derived record update storage....
  [32m[OK][0m          [36mInfer.infer_expr end-to-end[0m                               75   resource with rejects derived record update base storage....
  [32m[OK][0m          [36mInfer.infer_expr end-to-end[0m                               76   resource rejects global binding....
  [32m[OK][0m          [36mInfer.infer_expr end-to-end[0m                               77   resource rejects resource-containing record binding....
  [32m[OK][0m          [36mInfer.infer_expr end-to-end[0m                               78   resource rejects resource-containing union binding....
  [32m[OK][0m          [36mInfer.infer_expr end-to-end[0m                               79   resource rejects discarded resource value....
  [32m[OK][0m          [36mInfer.infer_expr end-to-end[0m                               80   resource rejects discarded fallible value....
  [32m[OK][0m          [36mPurityAnalysis.resolved calls[0m                              0   resolved pure call overrides stale impure env....
  [32m[OK][0m          [36mPurityAnalysis.resolved calls[0m                              1   resolved impure call overrides stale pure env....
  [32m[OK][0m          [36mPurityAnalysis.resolved calls[0m                              2   prefer env purity does not override resolved call....
  [32m[OK][0m          [36mPurityAnalysis.resolved calls[0m                              3   assumed callable id overrides resolved call....
  [32m[OK][0m          [36mEnv.empty env[0m                                              0   empty....
  [32m[OK][0m          [36mEnv.variables[0m                                              0   add and lookup....
  [32m[OK][0m          [36mEnv.variables[0m                                              1   refinement metadata....
  [32m[OK][0m          [36mEnv.variables[0m                                              2   set refinement metadata....
  [32m[OK][0m          [36mEnv.variables[0m                                              3   set refinement rejects non-variable....
  [32m[OK][0m          [36mEnv.variables[0m                                              4   shadowing....
  [32m[OK][0m          [36mEnv.variables[0m                                              5   current scope....
  [32m[OK][0m          [36mEnv.variables[0m                                              6   scope traversal....
  [32m[OK][0m          [36mEnv.functions[0m                                              0   add and lookup....
  [32m[OK][0m          [36mEnv.functions[0m                                              1   builtin detection....
  [32m[OK][0m          [36mEnv.functions[0m                                              2   loop producer metadata....
  [32m[OK][0m          [36mEnv.functions[0m                                              3   builtin resource args opt in....
  [32m[OK][0m          [36mEnv.function context[0m                                       0   enter function....
  [32m[OK][0m          [36mEnv.union types[0m                                            0   add type....
  [32m[OK][0m          [36mEnv.union types[0m                                            1   constructor info....
  [32m[OK][0m          [36mEnv.union types[0m                                            2   type kind preserved....
  [32m[OK][0m          [36mEnv.records[0m                                                0   add record....
  [32m[OK][0m          [36mEnv.records[0m                                                1   struct (value type)....
  [32m[OK][0m          [36mEnv.aliases[0m                                                0   basic alias....
  [32m[OK][0m          [36mEnv.aliases[0m                                                1   recursive alias....
  [32m[OK][0m          [36mEnv.aliases[0m                                                2   cycle detection....
  [32m[OK][0m          [36mEnv.aliases[0m                                                3   parameterized alias....
  [32m[OK][0m          [36mEnv.aliases[0m                                                4   alias in type arguments....
  [32m[OK][0m          [36mEnv.aliases[0m                                                5   alias in array element....
  [32m[OK][0m          [36mEnv.aliases[0m                                                6   dimension-only alias application....
  [32m[OK][0m          [36mEnv.direct_subst[0m                                           0   substitution....
  [32m[OK][0m          [36mEnv.traits[0m                                                 0   trait functions....
  [32m[OK][0m          [36mEnv.traits[0m                                                 1   param bounds structured....
  [32m[OK][0m          [36mEnv.traits[0m                                                 2   param bounds....
  [32m[OK][0m          [36mEnv.traits[0m                                                 3   trait obligation satisfaction....
  [32m[OK][0m          [36mEnv.traits[0m                                                 4   trait obligation declared type names....
  [32m[OK][0m          [36mEnv.traits[0m                                                 5   trait obligation generation....
  [32m[OK][0m          [36mEnv.traits[0m                                                 6   trait obligation resolution states....
  [32m[OK][0m          [36mEnv.traits[0m                                                 7   trait obligation named type param....
  [32m[OK][0m          [36mEnv.traits[0m                                                 8   trait obligation structured bound var....
  [32m[OK][0m          [36mEnv.traits[0m                                                 9   trait obligation impl and supertrait resolution....
  [32m[OK][0m          [36mEnv.traits[0m                                                10   trait obligation first unsatisfied....
  [32m[OK][0m          [36mEnv.traits[0m                                                11   trait registration....
  [32m[OK][0m          [36mEnv.traits[0m                                                12   session fallback....
  [32m[OK][0m          [36mEnv.traits[0m                                                13   env wins over session....
  [32m[OK][0m          [36mEnv.traits[0m                                                14   structurally equal identical....
  [32m[OK][0m          [36mEnv.traits[0m                                                15   structurally equal ignores loc....
  [32m[OK][0m          [36mEnv.traits[0m                                                16   structurally unequal supertraits....
  [32m[OK][0m          [36mEnv.traits[0m                                                17   structurally unequal methods....
  [32m[OK][0m          [36mEnv.traits[0m                                                18   try_add_trait idempotent....
  [32m[OK][0m          [36mEnv.traits[0m                                                19   try_add_trait stub replaced....
  [32m[OK][0m          [36mEnv.traits[0m                                                20   try_add_trait conflict....
  [32m[OK][0m          [36mEnv.traits[0m                                                21   method names: own....
  [32m[OK][0m          [36mEnv.traits[0m                                                22   method names: with supertraits....
  [32m[OK][0m          [36mEnv.traits[0m                                                23   method names: cycle-safe....
  [32m[OK][0m          [36mEnv.traits[0m                                                24   method names: missing trait....
  [32m[OK][0m          [36mEnv.traits[0m                                                25   impl instance....
  [32m[OK][0m          [36mEnv.traits[0m                                                26   generic impl....
  [32m[OK][0m          [36mEnv.traits[0m                                                27   resolve Self....
  [32m[OK][0m          [36mEnv.levenshtein[0m                                            0   distance....
  [32m[OK][0m          [36mEnv.levenshtein[0m                                            1   find similar....
  [32m[OK][0m          [36mEnv.format_trait_name[0m                                      0   trait with module renders qualified....
  [32m[OK][0m          [36mEnv.format_trait_name[0m                                      1   builtin trait renders bare....
  [32m[OK][0m          [36mEnv.format_trait_name[0m                                      2   unknown trait renders bare....
  [32m[OK][0m          [36mEnv.format_overload_ref[0m                                    0   overload with module renders qualified....
  [32m[OK][0m          [36mEnv.format_overload_ref[0m                                    1   overload without module renders bare....
  [32m[OK][0m          [36mEnv.def_id[0m                                                 0   ids unique within session....
  [32m[OK][0m          [36mEnv.def_id[0m                                                 1   per-session isolation....
  [32m[OK][0m          [36mEnv.def_id[0m                                                 2   overload entry carries def_id....
  [32m[OK][0m          [36mEnv.trait_function_collision[0m                               0   unrelated traits same method collide....
  [32m[OK][0m          [36mEnv.trait_function_collision[0m                               1   same (method, trait) pair no collision....
  [32m[OK][0m          [36mEnv.trait_function_collision[0m                               2   different methods same trait no collision....
  [32m[OK][0m          [36mEnv.trait_function_collision[0m                               3   supertrait sweep idempotent....
  [32m[OK][0m          [36mEnv.ufcs_collision[0m                                         0   cross-module same-type collision detected....
  [32m[OK][0m          [36mEnv.ufcs_collision[0m                                         1   different receiver types no collision....
  [32m[OK][0m          [36mEnv.ufcs_collision[0m                                         2   same module re-registration no collision....
  [32m[OK][0m          [36mEnv.ufcs_collision[0m                                         3   pure/impure pair same module no collision....
  [32m[OK][0m          [36mEnv.ufcs_collision[0m                                         4   different purity across modules no collision....
  [32m[OK][0m          [36mEnv.ufcs_methods[0m                                           0   add and lookup....
  [32m[OK][0m          [36mEnv.ufcs_methods[0m                                           1   multiple types....
  [32m[OK][0m          [36mEnv.ufcs_methods[0m                                           2   pure/impure overloads....
  [32m[OK][0m          [36mEnv.purity_tiebreak[0m                                        0   impure cb selects impure overload....
  [32m[OK][0m          [36mEnv.purity_tiebreak[0m                                        1   pure cb prefers pure overload....
  [32m[OK][0m          [36mEnv.purity_tiebreak[0m                                        2   first-arg type mismatch returns None....
  [32m[OK][0m          [36mEnv.purity_tiebreak[0m                                        3   same-head incompatible args rejected....
  [32m[OK][0m          [36mEnv.purity_tiebreak[0m                                        4   local func provenance....
  [32m[OK][0m          [36mEnv.session_isolation[0m                                      0   cross-session impl isolation....
  [32m[OK][0m          [36mEnv.session_isolation[0m                                      1   cross-session overload isolation....
  [32m[OK][0m          [36mEnv.session_isolation[0m                                      2   within-session impl visibility....
  [32m[OK][0m          [36mEnv.session_isolation[0m                                      3   within-session overload isolation....
  [32m[OK][0m          [36mEnv.session_isolation[0m                                      4   Env.empty reads ambient session....
  [32m[OK][0m          [36mEnv.session_isolation[0m                                      5   with_builtins dedup guard....
  [32m[OK][0m          [36mTypecheck.purity[0m                                           0   pure calls print....
  [32m[OK][0m          [36mTypecheck.purity[0m                                           1   pure calls user impure....
  [32m[OK][0m          [36mTypecheck.purity[0m                                           2   local mutation ok....
  [32m[OK][0m          [36mTypecheck.purity[0m                                           3   impure calls anything ok....
  [32m[OK][0m          [36mTypecheck.purity[0m                                           4   pure with for loop ok....
  [32m[OK][0m          [36mTypecheck.purity[0m                                           5   transitive impurity....
  [32m[OK][0m          [36mTypecheck.purity[0m                                           6   pure callback to pure hof ok....
  [32m[OK][0m          [36mTypecheck.purity[0m                                           7   unannotated pure lambda to pure callback ok....
  [32m[OK][0m          [36mTypecheck.purity[0m                                           8   impure hof with pure callback rejected....
  [32m[OK][0m          [36mTypecheck.purity[0m                                           9   impure callback alias param rejected....
  [32m[OK][0m          [36mTypecheck.purity[0m                                          10   error names function....
  [32m[OK][0m          [36mTypecheck.purity[0m                                          11   getenv is impure....
  [32m[OK][0m          [36mTypecheck.purity[0m                                          12   setenv is impure....
  [32m[OK][0m          [36mTypecheck.purity[0m                                          13   recv_timeout is impure....
  [32m[OK][0m          [36mTypecheck.purity[0m                                          14   send_timeout is impure....
  [32m[OK][0m          [36mTypecheck.import validation[0m                                0   bare constructor prelude....
  [32m[OK][0m          [36mTypecheck.import validation[0m                                1   bare constructor result....
  [32m[OK][0m          [36mTypecheck.import validation[0m                                2   constructor with type ok....
  [32m[OK][0m          [36mTypecheck.origin policy[0m                                    0   package rejects builtin body....
  [32m[OK][0m          [36mTypecheck.origin policy[0m                                    1   package rejects foreign decl....
  [32m[OK][0m          [36mTypecheck.origin policy[0m                                    2   native package rejects builtin body....
  [32m[OK][0m          [36mTypecheck.origin policy[0m                                    3   native package allows foreign decl....
  [32m[OK][0m          [36mTypecheck.origin policy[0m                                    4   std rejects foreign decl....
  [32m[OK][0m          [36mTypecheck.typed api[0m                                        0   returns typed program....
  [32m[OK][0m          [36mTypecheck.typed api[0m                                        1   returns errors without program....
  [32m[OK][0m          [36mTypecheck.typed api[0m                                        2   callable ids are keyed by declaration location....
  [32m[OK][0m          [36mTypecheck.typed api[0m                                        3   value helper rejects missing metadata....
  [32m[OK][0m          [36mTypecheck.typed api[0m                                        4   top-level mutable var uses value type....
  [32m[OK][0m          [36mTypecheck.typed api[0m                                        5   debug-only boundary rejects missing metadata....
  [32m[OK][0m          [36mTypecheck.typed api[0m                                        6   function purity uses structured metadata....
  [32m[OK][0m          [36mTypecheck.typed api[0m                                        7   preserves mutable initializer widening....
  [32m[OK][0m          [36mTypecheck.typed api[0m                                        8   preserves list element widening....
  [32m[OK][0m          [36mTypecheck.typed api[0m                                        9   preserves bitwise operand widening....
  [32m[OK][0m          [36mTypecheck.typed api[0m                                       10   preserves dict rest element widening....
  [32m[OK][0m          [36mTypecheck.typed api[0m                                       11   preserves call argument widening....
  [32m[OK][0m          [36mTypecheck.typed api[0m                                       12   preserves numeric operand widening....
  [32m[OK][0m          [36mTypecheck.typed api[0m                                       13   preserves ascription metadata....
  [32m[OK][0m          [36mTypecheck.typed api[0m                                       14   preserves alias ascription source metadata....
  [32m[OK][0m          [36mTypecheck.typed api[0m                                       15   preserves local alias binding source metadata....
  [32m[OK][0m          [36mTypecheck.typed api[0m                                       16   preserves function param alias source metadata....
  [32m[OK][0m          [36mTypecheck.typed api[0m                                       17   preserves function param declaration alias source metadata....
  [32m[OK][0m          [36mTypecheck.typed api[0m                                       18   preserves lambda param alias source metadata....
  [32m[OK][0m          [36mTypecheck.typed api[0m                                       19   preserves global alias binding source metadata....
  [32m[OK][0m          [36mTypecheck.typed api[0m                                       20   preserves alias return source metadata....
  [32m[OK][0m          [36mTypecheck.typed api[0m                                       21   preserves lambda alias return source metadata....
  [32m[OK][0m          [36mTypecheck.typed api[0m                                       22   preserves impl method alias return source metadata....
  [32m[OK][0m          [36mTypecheck.typed api[0m                                       23   preserves record field alias source metadata....
  [32m[OK][0m          [36mTypecheck.typed api[0m                                       24   preserves type alias target source metadata....
  [32m[OK][0m          [36mTypecheck.typed api[0m                                       25   preserves ascribed collection element widening....
  [32m[OK][0m          [36mTypecheck.typed api[0m                                       26   preserves method receiver widening....
  [32m[OK][0m          [36mTypecheck.typed api[0m                                       27   with env returns typed program and env....
  [32m[OK][0m          [36mTypecheck.typed api[0m                                       28   with env returns errors without program....
  [32m[OK][0m          [36mTypecheck.removed builtins[0m                                 0   exit not available....
  [32m[OK][0m          [36mTypecheck.mutability[0m                                       0   assign immutable....
  [32m[OK][0m          [36mTypecheck.mutability[0m                                       1   assign param....
  [32m[OK][0m          [36mTypecheck.mutability[0m                                       2   var ok....
  [32m[OK][0m          [36mTypecheck.mutability[0m                                       3   for loop var....
  [32m[OK][0m          [36mTypecheck.mutability[0m                                       4   closure captures mutable....
  [32m[OK][0m          [36mTypecheck.mutability[0m                                       5   closure captures immutable ok....
  [32m[OK][0m          [36mTypecheck.exhaustiveness[0m                                   0   option missing None....
  [32m[OK][0m          [36mTypecheck.exhaustiveness[0m                                   1   bool complete ok....
  [32m[OK][0m          [36mTypecheck.exhaustiveness[0m                                   2   wildcard ok....
  [32m[OK][0m          [36mTypecheck.exhaustiveness[0m                                   3   custom union missing....
  [32m[OK][0m          [36mTypecheck.exhaustiveness[0m                                   4   custom union complete ok....
  [32m[OK][0m          [36mTypecheck.exhaustiveness[0m                                   5   or pattern ok....
  [32m[OK][0m          [36mTypecheck.exhaustiveness[0m                                   6   untyped scrutinee boundary rejected....
  [32m[OK][0m          [36mTypecheck.void scrutinee[0m                                   0   match on void-returning fn....
  [32m[OK][0m          [36mTypecheck.void scrutinee[0m                                   1   match on literal void....
  [32m[OK][0m          [36mTypecheck.void value position[0m                              0   tuple element....
  [32m[OK][0m          [36mTypecheck.void value position[0m                              1   list element....
  [32m[OK][0m          [36mTypecheck.void value position[0m                              2   record field....
  [32m[OK][0m          [36mTypecheck.inference errors[0m                                 0   arg type mismatch....
  [32m[OK][0m          [36mTypecheck.inference errors[0m                                 1   return type mismatch....
  [32m[OK][0m          [36mTypecheck.inference errors[0m                                 2   if branch mismatch....
  [32m[OK][0m          [36mTypecheck.inference errors[0m                                 3   too many args....
  [32m[OK][0m          [36mTypecheck.inference errors[0m                                 4   identity resolves int....
  [32m[OK][0m          [36mTypecheck.inference errors[0m                                 5   binary op mismatch....
  [32m[OK][0m          [36mTypecheck.inference errors[0m                                 6   undefined ident....
  [32m[OK][0m          [36mTypecheck.main signature[0m                                   0   void main ok....
  [32m[OK][0m          [36mTypecheck.main signature[0m                                   1   int main ok....
  [32m[OK][0m          [36mTypecheck.main signature[0m                                   2   int main rejects void body....
  [32m[OK][0m          [36mTypecheck.main signature[0m                                   3   explicit void ok....
  [32m[OK][0m          [36mTypecheck.main signature[0m                                   4   bad return type....
  [32m[OK][0m          [36mTypecheck.checked function signatures[0m                      0   normalized boundary....
  [32m[OK][0m          [36mTypecheck.canonical_module_path[0m                            0   <embedded:...>....
  [32m[OK][0m          [36mTypecheck.canonical_module_path[0m                            1   ./path/foo.brp....
  [32m[OK][0m          [36mTypecheck.canonical_module_path[0m                            2   /abs/path/foo.brp....
  [32m[OK][0m          [36mTypecheck.canonical_module_path[0m                            3   tests/ tree....
  [32m[OK][0m          [36mTypecheck.canonical_module_path[0m                            4   user file outside standard trees....
  [32m[OK][0m          [36mTypecheck.variant def_ids[0m                                  0   user union decorated....
  [32m[OK][0m          [36mTypecheck.variant def_ids[0m                                  1   enum decorated....
  [32m[OK][0m          [36mTypecheck.variant def_ids[0m                                  2   unique within program....
  [32m[OK][0m          [36mTypecheck.variant def_ids[0m                                  3   builtin Option has None def_id....
  [32m[OK][0m          [36mTypecheck.variant def_ids[0m                                  4   builtin Result has None def_id....
  [32m[OK][0m          [36mTypecheck.variant def_ids[0m                                  5   builtin ConcurrencyError has None def_id....
  [32m[OK][0m          [36mTypecheck.variant def_ids[0m                                  6   builtin TaskResult alias....
  [32m[OK][0m          [36mTypecheck.variant def_ids[0m                                  7   with_builtins idempotent for variants....
  [32m[OK][0m          [36mFfiBoundary.classify_arg[0m                                   0   default String/Bytes copy....
  [32m[OK][0m          [36mFfiBoundary.classify_arg[0m                                   1   default alias to String copies....
  [32m[OK][0m          [36mFfiBoundary.classify_arg[0m                                   2   default unmanaged/enum by value....
  [32m[OK][0m          [36mFfiBoundary.classify_arg[0m                                   3   default managed rejects....
  [32m[OK][0m          [36mFfiBoundary.classify_arg[0m                                   4   explicit borrow overrides....
  [32m[OK][0m          [36mFfiBoundary.metadata[0m                                       0   accepts narrow forms....
  [32m[OK][0m          [36mFfiBoundary.metadata[0m                                       1   rejects bad C name....
  [32m[OK][0m          [36mFfiBoundary.metadata[0m                                       2   rejects bad include....
  [32m[OK][0m          [36mFfiBoundary.metadata[0m                                       3   rejects bad link token....
  [32m[OK][0m          [36mFfiBoundary.metadata[0m                                       4   rejects bad link character....
  [32m[OK][0m          [36mFfiBoundary.metadata[0m                                       5   link args use validated split....
  [32m[OK][0m          [36mCore.construct[0m                                             0   lit....
  [32m[OK][0m          [36mCore.construct[0m                                             1   var....
  [32m[OK][0m          [36mCore.construct[0m                                             2   void....
  [32m[OK][0m          [36mCore.construct[0m                                             3   binary....
  [32m[OK][0m          [36mCore.construct[0m                                             4   logical....
  [32m[OK][0m          [36mCore.construct[0m                                             5   storage_policy requires release....
  [32m[OK][0m          [36mCore.construct[0m                                             6   storage_policy unknown errors....
  [32m[OK][0m          [36mCore.construct[0m                                             7   call....
  [32m[OK][0m          [36mCore.construct[0m                                             8   if....
  [32m[OK][0m          [36mCore.construct[0m                                             9   let....
  [32m[OK][0m          [36mCore.construct[0m                                            10   let_mut....
  [32m[OK][0m          [36mCore.construct[0m                                            11   seq....
  [32m[OK][0m          [36mCore.construct[0m                                            12   assign....
  [32m[OK][0m          [36mCore.construct[0m                                            13   match_arms....
  [32m[OK][0m          [36mCore.construct[0m                                            14   match....
  [32m[OK][0m          [36mCore.construct[0m                                            15   tuple....
  [32m[OK][0m          [36mCore.construct[0m                                            16   list....
  [32m[OK][0m          [36mCore.construct[0m                                            17   record....
  [32m[OK][0m          [36mCore.construct[0m                                            18   field....
  [32m[OK][0m          [36mCore.construct[0m                                            19   lambda....
  [32m[OK][0m          [36mCore.construct[0m                                            20   while....
  [32m[OK][0m          [36mCore.construct[0m                                            21   for....
  [32m[OK][0m          [36mCore.construct[0m                                            22   break_continue....
  [32m[OK][0m          [36mCore.construct[0m                                            23   concurrent....
  [32m[OK][0m          [36mCore.construct[0m                                            24   detach....
  [32m[OK][0m          [36mCore.construct[0m                                            25   record_update....
  [32m[OK][0m          [36mCore.construct[0m                                            26   string_interp....
  [32m[OK][0m          [36mCore.construct[0m                                            27   resource_scope....
  [32m[OK][0m          [36mCore.cbox[0m                                                  0   stores type....
  [32m[OK][0m          [36mCore.cbox[0m                                                  1   annotation independent....
  [32m[OK][0m          [36mCore.cbox[0m                                                  2   map_children preserves....
  [32m[OK][0m          [36mCore.invariants[0m                                            0   type_required....
  [32m[OK][0m          [36mCore.invariants[0m                                            1   let_body_type....
  [32m[OK][0m          [36mCore.map_children[0m                                          0   leaf....
  [32m[OK][0m          [36mCore.map_children[0m                                          1   binary....
  [32m[OK][0m          [36mCore.map_children[0m                                          2   let....
  [32m[OK][0m          [36mCore.map_children[0m                                          3   call....
  [32m[OK][0m          [36mCore.map_children[0m                                          4   match....
  [32m[OK][0m          [36mCore.map_children[0m                                          5   resource_scope....
  [32m[OK][0m          [36mCore.transform[0m                                             0   bottom_up_recurse....
  [32m[OK][0m          [36mCore.transform[0m                                             1   bottom_up_order....
  [32m[OK][0m          [36mCore.transform[0m                                             2   fold_immediate_children....
  [32m[OK][0m          [36mCore.fold_tree[0m                                             0   counts all nodes....
  [32m[OK][0m          [36mCore.fold_tree[0m                                             1   collects from depth....
  [32m[OK][0m          [36mCore.fold_tree[0m                                             2   visits let....
  [32m[OK][0m          [36mCore.fold_tree[0m                                             3   bottom_up_order....
  [32m[OK][0m          [36mCore.exists_tree[0m                                           0   finds match....
  [32m[OK][0m          [36mCore.exists_tree[0m                                           1   no match....
  [32m[OK][0m          [36mCore.exists_tree[0m                                           2   short-circuits....
  [32m[OK][0m          [36mCore.transform_with_env[0m                                    0   updates env....
  [32m[OK][0m          [36mCore.transform_with_env[0m                                    1   match arms independent....
  [32m[OK][0m          [36mCore.transform_with_env[0m                                    2   branches independently....
  [32m[OK][0m          [36mCore.pp[0m                                                    0   lit....
  [32m[OK][0m          [36mCore.pp[0m                                                    1   var....
  [32m[OK][0m          [36mCore.pp[0m                                                    2   binary....
  [32m[OK][0m          [36mCore.pp[0m                                                    3   let....
  [32m[OK][0m          [36mCore.pp[0m                                                    4   let_mut....
  [32m[OK][0m          [36mCore.pp[0m                                                    5   if....
  [32m[OK][0m          [36mCore.pp[0m                                                    6   call....
  [32m[OK][0m          [36mCore.pp[0m                                                    7   match....
  [32m[OK][0m          [36mCore.build[0m                                                 0   lit_int....
  [32m[OK][0m          [36mCore.build[0m                                                 1   add_infers....
  [32m[OK][0m          [36mCore.build[0m                                                 2   cmp_bool....
  [32m[OK][0m          [36mCore.build[0m                                                 3   let_compose....
  [32m[OK][0m          [36mCore.build[0m                                                 4   if_compose....
  [32m[OK][0m          [36mCore.build[0m                                                 5   seq....
  [32m[OK][0m          [36mCore.build[0m                                                 6   call....
  [32m[OK][0m          [36mCore.pp_indented[0m                                           0   leaves....
  [32m[OK][0m          [36mCore.pp_indented[0m                                           1   binary....
  [32m[OK][0m          [36mCore.pp_indented[0m                                           2   let....
  [32m[OK][0m          [36mCore.pp_indented[0m                                           3   nested_let....
  [32m[OK][0m          [36mCore.pp_indented[0m                                           4   if....
  [32m[OK][0m          [36mCore.pp_indented[0m                                           5   match....
  [32m[OK][0m          [36mCore.pp_indented[0m                                           6   seq....
  [32m[OK][0m          [36mCore.pp_indented[0m                                           7   let_with_if....
  [32m[OK][0m          [36mCore.pp_indented[0m                                           8   resource_scope....
  [32m[OK][0m          [36mCore.pp_program[0m                                            0   empty....
  [32m[OK][0m          [36mCore.pp_program[0m                                            1   one_func....
  [32m[OK][0m          [36mCore.pp_program[0m                                            2   mixed_decls....
  [32m[OK][0m          [36mCore.cf_kind[0m                                               0   CFUser — no tag....
  [32m[OK][0m          [36mCore.cf_kind[0m                                               1   CFBuiltin — [builtin]....
  [32m[OK][0m          [36mCore.cf_kind[0m                                               2   CFForeign — carries c_name....
  [32m[OK][0m          [36mCore.cf_kind[0m                                               3   CFClosureBody — [closure]....
  [32m[OK][0m          [36mCoreFlatten.type_names[0m                                     0   std non-ABI types are module-owned....
  [32m[OK][0m          [36mCoreFlatten.type_names[0m                                     1   std global ABI type stays stable....
  [32m[OK][0m          [36mCoreFlatten.values[0m                                         0   global assignment targets are module-owned....
  [32m[OK][0m          [36mCoreFlatten.values[0m                                         1   local assignment target stays local....
  [32m[OK][0m          [36mCoreFlatten.values[0m                                         2   resource scope binding stays local....
  [32m[OK][0m          [36mCoreLower.leaves[0m                                           0   int_lit....
  [32m[OK][0m          [36mCoreLower.leaves[0m                                           1   bool_lit....
  [32m[OK][0m          [36mCoreLower.leaves[0m                                           2   string_lit....
  [32m[OK][0m          [36mCoreLower.leaves[0m                                           3   void....
  [32m[OK][0m          [36mCoreLower.leaves[0m                                           4   ident....
  [32m[OK][0m          [36mCoreLower.leaves[0m                                           5   break....
  [32m[OK][0m          [36mCoreLower.leaves[0m                                           6   continue....
  [32m[OK][0m          [36mCoreLower.leaves[0m                                           7   builtin_raises....
  [32m[OK][0m          [36mCoreLower.operators[0m                                        0   binary....
  [32m[OK][0m          [36mCoreLower.operators[0m                                        1   unary....
  [32m[OK][0m          [36mCoreLower.operators[0m                                        2   logical....
  [32m[OK][0m          [36mCoreLower.call_field[0m                                       0   call....
  [32m[OK][0m          [36mCoreLower.call_field[0m                                       1   field....
  [32m[OK][0m          [36mCoreLower.call_field[0m                                       2   module_alias_field_typed_sentinel....
  [32m[OK][0m          [36mCoreLower.call_field[0m                                       3   module_alias_field_rejects_untyped_alias....
  [32m[OK][0m          [36mCoreLower.control[0m                                          0   if_with_else....
  [32m[OK][0m          [36mCoreLower.control[0m                                          1   if_no_else....
  [32m[OK][0m          [36mCoreLower.control[0m                                          2   while....
  [32m[OK][0m          [36mCoreLower.control[0m                                          3   for....
  [32m[OK][0m          [36mCoreLower.control[0m                                          4   for_unsupported_iterable....
  [32m[OK][0m          [36mCoreLower.control[0m                                          5   for_tuple_unsupported_iterable....
  [32m[OK][0m          [36mCoreLower.control[0m                                          6   tuple_for_binds_tuple_type....
  [32m[OK][0m          [36mCoreLower.control[0m                                          7   enumerate_nonconstant_tensor_inner_dims....
  [32m[OK][0m          [36mCoreLower.control[0m                                          8   enumerate_non_array....
  [32m[OK][0m          [36mCoreLower.control[0m                                          9   loop_view_outside_for....
  [32m[OK][0m          [36mCoreLower.control[0m                                         10   windows_non_array....
  [32m[OK][0m          [36mCoreLower.control[0m                                         11   match....
  [32m[OK][0m          [36mCoreLower.data[0m                                             0   tuple....
  [32m[OK][0m          [36mCoreLower.data[0m                                             1   list....
  [32m[OK][0m          [36mCoreLower.data[0m                                             2   record....
  [32m[OK][0m          [36mCoreLower.data[0m                                             3   record_update....
  [32m[OK][0m          [36mCoreLower.data[0m                                             4   range....
  [32m[OK][0m          [36mCoreLower.data[0m                                             5   dict....
  [32m[OK][0m          [36mCoreLower.lambda[0m                                           0   lambda....
  [32m[OK][0m          [36mCoreLower.lambda[0m                                           1   lambda_missing_param_type....
  [32m[OK][0m          [36mCoreLower.lambda[0m                                           2   lambda_missing_body....
  [32m[OK][0m          [36mCoreLower.block[0m                                            0   empty....
  [32m[OK][0m          [36mCoreLower.block[0m                                            1   single_expr....
  [32m[OK][0m          [36mCoreLower.block[0m                                            2   var_decl....
  [32m[OK][0m          [36mCoreLower.block[0m                                            3   mut_var_decl....
  [32m[OK][0m          [36mCoreLower.block[0m                                            4   seq....
  [32m[OK][0m          [36mCoreLower.block[0m                                            5   mixed....
  [32m[OK][0m          [36mCoreLower.block[0m                                            6   tuple_destr....
  [32m[OK][0m          [36mCoreLower.block[0m                                            7   singleton_var....
  [32m[OK][0m          [36mCoreLower.block[0m                                            8   singleton_destr....
  [32m[OK][0m          [36mCoreLower.assign[0m                                           0   assign....
  [32m[OK][0m          [36mCoreLower.sugar[0m                                            0   string_interp....
  [32m[OK][0m          [36mCoreLower.sugar[0m                                            1   raw_string_interp_raises....
  [32m[OK][0m          [36mCoreLower.sugar[0m                                            2   question_bind....
  [32m[OK][0m          [36mCoreLower.sugar[0m                                            3   result_question_bind_rebuilds_error_carrier....
  [32m[OK][0m          [36mCoreLower.sugar[0m                                            4   question_bind_direct_error....
  [32m[OK][0m          [36mCoreLower.sugar[0m                                            5   plain_with_resource_scope....
  [32m[OK][0m          [36mCoreLower.sugar[0m                                            6   registered_resource_cleanup....
  [32m[OK][0m          [36mCoreLower.sugar[0m                                            7   fallible_with_resource_scope....
  [32m[OK][0m          [36mCoreLower.sugar[0m                                            8   fallible_with_body_question_bind_scope....
  [32m[OK][0m          [36mCoreLower.concurrency[0m                                      0   detach....
  [32m[OK][0m          [36mCoreLower.concurrency[0m                                      1   concurrent....
  [32m[OK][0m          [36mCoreLower.concurrency[0m                                      2   concurrent_rejects_non_bindings....
  [32m[OK][0m          [36mCoreLower.concurrency[0m                                      3   concurrent_preserves_explicit_bindings....
  [32m[OK][0m          [36mCoreLower.concurrency[0m                                      4   concurrently_loop....
  [32m[OK][0m          [36mCoreLower.concurrency[0m                                      5   nested_concurrently_loop_task_scopes....
  [32m[OK][0m          [36mCoreLower.invariants[0m                                       0   types_preserved....
  [32m[OK][0m          [36mCoreLower.invariants[0m                                       1   missing_type_raises....
  [32m[OK][0m          [36mCoreLower.invariants[0m                                       2   missing_child_type_raises....
  [32m[OK][0m          [36mCoreLower.invariants[0m                                       3   meta_type_raises....
  [32m[OK][0m          [36mCoreLower.invariants[0m                                       4   param_missing_type....
  [32m[OK][0m          [36mCoreLower.invariants[0m                                       5   param_meta_type....
  [32m[OK][0m          [36mCoreLower.invariants[0m                                       6   return_meta_type....
  [32m[OK][0m          [36mCoreLower.invariants[0m                                       7   param_without_name_or_pattern....
  [32m[OK][0m          [36mCoreLower.invariants[0m                                       8   function_without_name....
  [32m[OK][0m          [36mCoreLower.invariants[0m                                       9   param_name_and_pattern....
  [32m[OK][0m          [36mCoreLower.invariants[0m                                      10   tuple_shape_mismatch....
  [32m[OK][0m          [36mCoreLower.invariants[0m                                      11   program_decl_error_propagates....
  [32m[OK][0m          [36mCoreLower.invariants[0m                                      12   global_pattern_var_direct....
  [32m[OK][0m          [36mCoreLower.decls[0m                                            0   simple_func....
  [32m[OK][0m          [36mCoreLower.decls[0m                                            1   foreign_func....
  [32m[OK][0m          [36mCoreLower.decls[0m                                            2   foreign_pure_borrows_args....
  [32m[OK][0m          [36mCoreLower.decls[0m                                            3   foreign_no_copy_borrows_args....
  [32m[OK][0m          [36mCoreLower.decls[0m                                            4   pattern_param_func....
  [32m[OK][0m          [36mCoreLower.decls[0m                                            5   global_var....
  [32m[OK][0m          [36mCoreLower.decls[0m                                            6   typed_global_var_binding_type....
  [32m[OK][0m          [36mCoreLower.decls[0m                                            7   record_passthrough....
  [32m[OK][0m          [36mCoreLower.decls[0m                                            8   type_passthrough....
  [32m[OK][0m          [36mCoreLower.decls[0m                                            9   import_passthrough....
  [32m[OK][0m          [36mCoreLower.decls[0m                                           10   alias_passthrough....
  [32m[OK][0m          [36mCoreLower.decls[0m                                           11   private_wrapper....
  [32m[OK][0m          [36mCoreLower.decls[0m                                           12   impl....
  [32m[OK][0m          [36mCoreLower.decls[0m                                           13   trait_with_default....
  [32m[OK][0m          [36mCoreLower.decls[0m                                           14   program_multi....
  [32m[OK][0m          [36mCoreLower.decls[0m                                           15   typed_program_multi....
  [32m[OK][0m          [36mCoreLower.decls[0m                                           16   typed_program_semantic_return_type....
  [32m[OK][0m          [36mCoreLower.decls[0m                                           17   typed_impl_method_semantic_return_type....
  [32m[OK][0m          [36mCoreLower.decls[0m                                           18   deterministic....
  [32m[OK][0m          [36mCoreLower.decls[0m                                           19   real_source....
  [32m[OK][0m          [36mCoreLower.decls[0m                                           20   cf_def_id populated and unique....
  [32m[OK][0m          [36mCoreLower.decls[0m                                           21   typed func preserves callable id....
  [32m[OK][0m          [36mCoreLower.decls[0m                                           22   core_lower parses ufcs def_id suffix....
  [32m[OK][0m          [36mCoreLower.decls[0m                                           23   core_lower ufcs no suffix....
  [32m[OK][0m          [36mCoreLower.decls[0m                                           24   core_lower call uses resolved_call def_id....
  [32m[OK][0m          [36mCoreLower.decls[0m                                           25   core_lower qualified import ignores selected id....
  [32m[OK][0m          [36mCoreLower.decls[0m                                           26   annotated binding preserves imported call shape....
  [32m[OK][0m          [36mCoreLower.decls[0m                                           27   non-ufcs ident has no vdef_id....
  [32m[OK][0m          [36mCoreFfiBoundary.annotate_program[0m                           0   attaches per-arg default policy....
  [32m[OK][0m          [36mCoreFfiBoundary.annotate_program[0m                           1   leaves borrow boundary unchanged....
  [32m[OK][0m          [36mCoreFfiBoundary.annotate_program[0m                           2   rejects managed default args before codegen....
  [32m[OK][0m          [36mCoreResolve.collect_env[0m                                    0   empty....
  [32m[OK][0m          [36mCoreResolve.collect_env[0m                                    1   user_func....
  [32m[OK][0m          [36mCoreResolve.collect_env[0m                                    2   user_func_name_by_def_id....
  [32m[OK][0m          [36mCoreResolve.collect_env[0m                                    3   global_value_not_name_by_def_id....
  [32m[OK][0m          [36mCoreResolve.collect_env[0m                                    4   duplicate_def_id_marks_id_ambiguous....
  [32m[OK][0m          [36mCoreResolve.collect_env[0m                                    5   foreign_func....
  [32m[OK][0m          [36mCoreResolve.resolve[0m                                        0   user_call....
  [32m[OK][0m          [36mCoreResolve.resolve[0m                                        1   user_call_prefers_carried_def_id_name....
  [32m[OK][0m          [36mCoreResolve.resolve[0m                                        2   user_call_prefers_selected_direct_kind....
  [32m[OK][0m          [36mCoreResolve.resolve[0m                                        3   bitwise_calls_to_intrinsics....
  [32m[OK][0m          [36mCoreResolve.resolve[0m                                        4   user_bitwise_name_before_intrinsic....
  [32m[OK][0m          [36mCoreResolve.resolve[0m                                        5   debug_reflection_calls_to_intrinsics....
  [32m[OK][0m          [36mCoreResolve.resolve[0m                                        6   imported_debug_reflection_call_to_intrinsic....
  [32m[OK][0m          [36mCoreResolve.resolve[0m                                        7   qualified_debug_reflection_call_to_intrinsic....
  [32m[OK][0m          [36mCoreResolve.resolve[0m                                        8   user_debug_reflection_name_before_intrinsic....
  [32m[OK][0m          [36mCoreResolve.resolve[0m                                        9   imported_matrix_kernels_to_builtins....
  [32m[OK][0m          [36mCoreResolve.resolve[0m                                       10   foreign_call....
  [32m[OK][0m          [36mCoreResolve.resolve[0m                                       11   imported_unresolved_stays_unknown....
  [32m[OK][0m          [36mCoreResolve.resolve[0m                                       12   qualified_module_alias_builtin....
  [32m[OK][0m          [36mCoreResolve.resolve[0m                                       13   qualified_call_prefers_carried_def_id_name....
  [32m[OK][0m          [36mCoreResolve.resolve[0m                                       14   ufcs_name_ignores_stale_carried_def_id....
  [32m[OK][0m          [36mCoreResolve.resolve[0m                                       15   selected_direct_prefers_canonical_name_over_colliding_id....
  [32m[OK][0m          [36mCoreResolve.resolve[0m                                       16   local_value_shadows_module_alias_call....
  [32m[OK][0m          [36mCoreResolve.resolve[0m                                       17   resource_scope_shadows_module_alias_call....
  [32m[OK][0m          [36mCoreResolve.resolve[0m                                       18   qualified_string_length_uses_intrinsic....
  [32m[OK][0m          [36mCoreResolve.resolve[0m                                       19   qualified_bytes_length_uses_intrinsic....
  [32m[OK][0m          [36mCoreResolve.resolve[0m                                       20   qualified_dict_length_uses_intrinsic....
  [32m[OK][0m          [36mCoreResolve.resolve[0m                                       21   qualified_set_length_uses_intrinsic....
  [32m[OK][0m          [36mCoreResolve.resolve[0m                                       22   qualified_module_alias_value....
  [32m[OK][0m          [36mCoreResolve.resolve[0m                                       23   selective_import_alias_builtin....
  [32m[OK][0m          [36mCoreResolve.resolve[0m                                       24   prefixed_runtime_builtin_beats_std_signature....
  [32m[OK][0m          [36mCoreResolve.resolve[0m                                       25   selected_direct_prefixed_runtime_builtin_beats_std_signature....
  [32m[OK][0m          [36mCoreResolve.resolve[0m                                       26   synthesized_mono_runtime_builtin_stays_builtin....
  [32m[OK][0m          [36mCoreResolve.resolve[0m                                       27   runtime_backed_std_function_ref_stays_user....
  [32m[OK][0m          [36mCoreResolve.resolve[0m                                       28   qualified_unprefixed_module_func....
  [32m[OK][0m          [36mCoreResolve.resolve[0m                                       29   unprefixed_module_func_not_global....
  [32m[OK][0m          [36mCoreResolve.resolve[0m                                       30   ufcs_by_first_arg_builtin....
  [32m[OK][0m          [36mCoreResolve.resolve[0m                                       31   call_ignores_global_value_def_id....
  [32m[OK][0m          [36mCoreResolve.resolve[0m                                       32   monomorphized_bodyless_builtin....
  [32m[OK][0m          [36mCoreResolve.resolve[0m                                       33   bodyless_builtin_overloads_resolve_by_call_site....
  [32m[OK][0m          [36mCoreResolve.resolve[0m                                       34   unimported_functype_is_closure....
  [32m[OK][0m          [36mCoreResolve.resolve[0m                                       35   non_cvar_functype_closure....
  [32m[OK][0m          [36mCoreResolve.resolve[0m                                       36   recurses....
  [32m[OK][0m          [36mCoreResolve.resolve[0m                                       37   main_imports_do_not_leak_into_module....
  [32m[OK][0m          [36mCoreResolve.resolve[0m                                       38   module_imports_do_not_override_param....
  [32m[OK][0m          [36mCoreResolve.resolve[0m                                       39   module_imports_do_not_override_function_param....
  [32m[OK][0m          [36mCoreResolve.resolve[0m                                       40   underscored_module_path....
  [32m[OK][0m          [36mCoreResolve.resolve[0m                                       41   uses_cf_module_not_name....
  [32m[OK][0m          [36mCoreStdInline.rewrite[0m                                      0   inlines_allowed_std_list_target....
  [32m[OK][0m          [36mCoreStdInline.rewrite[0m                                      1   inlines_allowed_std_list_get_target....
  [32m[OK][0m          [36mCoreStdInline.rewrite[0m                                      2   preserves_argument_single_evaluation....
  [32m[OK][0m          [36mCoreStdInline.rewrite[0m                                      3   alpha_renames_cloned_locals....
  [32m[OK][0m          [36mCoreStdInline.rewrite[0m                                      4   does_not_inline_inside_std_list_module....
  [32m[OK][0m          [36mCoreStdInline.rewrite[0m                                      5   inlines_append_with_substituted_variable_receiver....
  [32m[OK][0m          [36mCoreStdInline.rewrite[0m                                      6   ignores_unrelated_call_with_same_def_id....
  [32m[OK][0m          [36mCoreStdInline.rewrite[0m                                      7   same_def_id_caller_still_rewrites_body....
  [32m[OK][0m          [36mCoreStdInline.rewrite[0m                                      8   clones_resource_scope_binding_hygienically....
  [32m[OK][0m          [36mCoreStdInline.rewrite[0m                                      9   pipeline_expands_real_std_list_calls....
  [32m[OK][0m          [36mCoreSpecialize.debug_reflection_specialization[0m             0   type_name_intrinsic_folds....
  [32m[OK][0m          [36mCoreSpecialize.debug_reflection_specialization[0m             1   is_heap_intrinsic_folds....
  [32m[OK][0m          [36mCoreSpecialize.debug_reflection_specialization[0m             2   requires_intrinsic_call_kind....
  [32m[OK][0m          [36mCoreSpecialize.list_layout_specialization[0m                  0   list_alloc_intrinsic_to_layout_node....
  [32m[OK][0m          [36mCoreSpecialize.list_layout_specialization[0m                  1   builtin_list_new_to_layout_node....
  [32m[OK][0m          [36mCoreSpecialize.list_layout_specialization[0m                  2   enum_alloc_uses_registry_layout....
  [32m[OK][0m          [36mCoreSpecialize.list_layout_specialization[0m                  3   generic_func_list_alloc_gets_layout_without_other_rewrites....
  [32m[OK][0m          [36mCoreSpecialize.matrix_builtins[0m                             0   matrix_vector_multiply_float....
  [32m[OK][0m          [36mCoreSpecialize.matrix_builtins[0m                             1   matrix_vector_multiply_float32....
  [32m[OK][0m          [36mCoreSpecialize.matrix_builtins[0m                             2   matrix_vector_multiply_float16....
  [32m[OK][0m          [36mCoreSpecialize.matrix_builtins[0m                             3   transposed_matrix_vector_multiply_float....
  [32m[OK][0m          [36mCoreSpecialize.matrix_builtins[0m                             4   transposed_matrix_vector_multiply_float16....
  [32m[OK][0m          [36mCoreSpecialize.matrix_builtins[0m                             5   outer_multiply_int....
  [32m[OK][0m          [36mCoreSpecialize.matrix_builtins[0m                             6   outer_multiply_float....
  [32m[OK][0m          [36mCoreSpecialize.matrix_builtins[0m                             7   outer_multiply_float16....
  [32m[OK][0m          [36mCoreSpecialize.matrix_builtins[0m                             8   matrix_multiply_float16....
  [32m[OK][0m          [36mCoreSpecialize.matrix_builtins[0m                             9   unknown_matrix_vector_multiply_requires_resolved_builtin....
  [32m[OK][0m          [36mCoreSpecialize.float32_tensor_specialization[0m               0   vector_fill_packed....
  [32m[OK][0m          [36mCoreSpecialize.float32_tensor_specialization[0m               1   float64_vector_fill_unboxed....
  [32m[OK][0m          [36mCoreSpecialize.float32_tensor_specialization[0m               2   alias_vector_length_constant_folds....
  [32m[OK][0m          [36mCoreSpecialize.float32_tensor_specialization[0m               3   alias_matrix_vector_multiply_static_dims_specializes....
  [32m[OK][0m          [36mCoreSpecialize.float32_tensor_specialization[0m               4   alias_matrix_multiply_static_dims_specializes....
  [32m[OK][0m          [36mCoreSpecialize.float32_tensor_specialization[0m               5   float64_matrix_fill_unboxed....
  [32m[OK][0m          [36mCoreSpecialize.float32_tensor_specialization[0m               6   bool_vector_fill_packed....
  [32m[OK][0m          [36mCoreSpecialize.float32_tensor_specialization[0m               7   enum_vector_fill_packed....
  [32m[OK][0m          [36mCoreSpecialize.float32_tensor_specialization[0m               8   checked_get_packed....
  [32m[OK][0m          [36mCoreSpecialize.float32_tensor_specialization[0m               9   float64_checked_get_unboxed....
  [32m[OK][0m          [36mCoreSpecialize.float32_tensor_specialization[0m              10   alias_int_checked_get_raw_scalar....
  [32m[OK][0m          [36mCoreSpecialize.float32_tensor_specialization[0m              11   alias_enum_checked_get_layout_intrinsic....
  [32m[OK][0m          [36mCoreSpecialize.float32_tensor_specialization[0m              12   float64_matrix_checked_get_unboxed....
  [32m[OK][0m          [36mCoreSpecialize.float32_tensor_specialization[0m              13   rank3_int_checked_get_shape_unbox....
  [32m[OK][0m          [36mCoreSpecialize.float32_tensor_specialization[0m              14   rank3_float_checked_get_shape_f64....
  [32m[OK][0m          [36mCoreSpecialize.float32_tensor_specialization[0m              15   bounds_proven_tensor_read_typed_raw_view....
  [32m[OK][0m          [36mCoreSpecialize.float32_tensor_specialization[0m              16   bounds_proven_tensor_read_rejects_temporary_source....
  [32m[OK][0m          [36mCoreSpecialize.float32_tensor_specialization[0m              17   raw_tensor_view_resource_scope_collection....
  [32m[OK][0m          [36mCoreSpecialize.float32_tensor_specialization[0m              18   raw_tensor_view_resource_scope_rewrite....
  [32m[OK][0m          [36mCoreSpecialize.float32_tensor_specialization[0m              19   float64_checked_set_unboxed....
  [32m[OK][0m          [36mCoreSpecialize.float32_tensor_specialization[0m              20   float64_matrix_checked_set_unboxed....
  [32m[OK][0m          [36mCoreSpecialize.float32_tensor_specialization[0m              21   option_get_packed....
  [32m[OK][0m          [36mCoreSpecialize.float32_tensor_specialization[0m              22   dict_get_nullable_managed....
  [32m[OK][0m          [36mCoreSpecialize.float32_tensor_specialization[0m              23   dict_capacity_alias_string_key....
  [32m[OK][0m          [36mCoreSpecialize.float32_tensor_specialization[0m              24   immediate_dict_alias_enum_key....
  [32m[OK][0m          [36mCoreSpecialize.float32_tensor_specialization[0m              25   vector_get_nullable_managed....
  [32m[OK][0m          [36mCoreSpecialize.float32_tensor_specialization[0m              26   matrix_get_nullable_managed....
  [32m[OK][0m          [36mCoreSpecialize.float32_tensor_specialization[0m              27   vector_set_nullable_managed....
  [32m[OK][0m          [36mCoreSpecialize.float32_tensor_specialization[0m              28   vector_set_nullable_f32....
  [32m[OK][0m          [36mCoreSpecialize.float32_tensor_specialization[0m              29   stream_filter_map_nullable_managed....
  [32m[OK][0m          [36mCoreSpecialize.float32_tensor_specialization[0m              30   stream_map_managed_result_sets_owned_arc_layout....
  [32m[OK][0m          [36mCoreSpecialize.float32_tensor_specialization[0m              31   stream_map_scalar_result_sets_immediate_layout....
  [32m[OK][0m          [36mCoreSpecialize.float32_tensor_specialization[0m              32   stream_repeat_managed_value_sets_borrowed_arc_layout....
  [32m[OK][0m          [36mCoreSpecialize.float32_tensor_specialization[0m              33   stream_repeat_scalar_value_sets_immediate_layout....
  [32m[OK][0m          [36mCoreSpecialize.float32_tensor_specialization[0m              34   stream_unfold_managed_result_scalar_state_layouts....
  [32m[OK][0m          [36mCoreSpecialize.float32_tensor_specialization[0m              35   stream_unfold_managed_state_layout....
  [32m[OK][0m          [36mCoreSpecialize.float32_tensor_specialization[0m              36   stream_fold_raw_result_keeps_pointer_type....
  [32m[OK][0m          [36mCoreSpecialize.float32_tensor_specialization[0m              37   runtime_nullable_managed_builtins....
  [32m[OK][0m          [36mCoreSpecialize.float32_tensor_specialization[0m              38   assert_shape_nullable_managed....
  [32m[OK][0m          [36mCoreSpecialize.float32_tensor_specialization[0m              39   vector_exp_packed....
  [32m[OK][0m          [36mCoreSpecialize.float32_tensor_specialization[0m              40   unary_neg_packed....
  [32m[OK][0m          [36mCoreSpecialize.float32_tensor_specialization[0m              41   unary_neg_float16....
  [32m[OK][0m          [36mCoreSpecialize.float32_tensor_specialization[0m              42   bool_to_string....
  [32m[OK][0m          [36mCoreSpecialize.float32_tensor_specialization[0m              43   enum_to_string....
  [32m[OK][0m          [36mCoreSpecialize.list_hof_specialization[0m                     0   sequential_list_folds_are_not_void_boxed_runtime_builtins....
  [32m[OK][0m          [36mCoreSpecialize.list_hof_specialization[0m                     1   set_contains_is_not_void_boxed_runtime_builtin....
  [32m[OK][0m          [36mCoreSpecialize.list_hof_specialization[0m                     2   dict_insert_refinement_preserves_void_arg_boxing....
  [32m[OK][0m          [36mCoreSpecialize.list_hof_specialization[0m                     3   set_add_refinement_preserves_void_arg_boxing....
  [32m[OK][0m          [36mCoreSpecialize.list_hof_specialization[0m                     4   fold_parallel_with_preserves_void_arg_boxing....
  [32m[OK][0m          [36mCoreSpecialize.list_hof_specialization[0m                     5   pointer_cbox_rewrites_to_borrow_cast....
  [32m[OK][0m          [36mCoreSpecialize.list_hof_specialization[0m                     6   stale_generic_cbox_uses_inner_type....
  [32m[OK][0m          [36mCoreSpecialize.list_hof_specialization[0m                     7   stale_generic_cbox_rewrites_pointer_inner....
  [32m[OK][0m          [36mCoreSpecialize.list_hof_specialization[0m                     8   named_generic_cbox_waits_for_concrete_inner....
  [32m[OK][0m          [36mCoreSpecialize.list_hof_specialization[0m                     9   named_generic_cbox_rewrites_pointer_inner....
  [32m[OK][0m          [36mCoreSpecialize.list_hof_specialization[0m                    10   tensor_peel_nonconstant_dims_raise_core_error....
  [32m[OK][0m          [36mCoreSpecialize.list_hof_specialization[0m                    11   tensor_peel_raw_call_keeps_pointer_type....
  [32m[OK][0m          [36mCoreSpecialize.list_hof_specialization[0m                    12   vector_norm_non_tensor_raises_core_error....
  [32m[OK][0m          [36mCoreSpecialize.list_hof_specialization[0m                    13   matrix_multiply_non_tensor_operand_raises_core_error....
  [32m[OK][0m          [36mCoreSpecialize.list_hof_specialization[0m                    14   matrix_multiply_non_tensor_right_operand_raises_core_error....
  [32m[OK][0m          [36mCoreSpecialize.list_hof_specialization[0m                    15   vector_map_non_tensor_result_raises_core_error....
  [32m[OK][0m          [36mCoreSpecialize.list_hof_specialization[0m                    16   vector_map_value_record_result_sets_release_flag....
  [32m[OK][0m          [36mCoreSpecialize.list_hof_specialization[0m                    17   matrix_map_value_record_result_sets_release_flag....
  [32m[OK][0m          [36mCoreSpecialize.list_hof_specialization[0m                    18   matrix_zip_map_scalar_result_clears_release_flag....
  [32m[OK][0m          [36mCoreSpecialize.list_hof_specialization[0m                    19   list_parallel_value_record_result_sets_release_flag....
  [32m[OK][0m          [36mCoreSpecialize.list_hof_specialization[0m                    20   vector_map_scalar_result_clears_release_flag....
  [32m[OK][0m          [36mCoreSpecialize.list_hof_specialization[0m                    21   fold_value_record_acc_sets_release_flag....
  [32m[OK][0m          [36mCoreTensorType.facts[0m                                       0   vector alias normalizes to tensor facts....
  [32m[OK][0m          [36mCoreTensorType.facts[0m                                       1   0D tensor normalization is scalar....
  [32m[OK][0m          [36mCoreTensorType.facts[0m                                       2   same static shape ignores element type....
  [32m[OK][0m          [36mCoreTensorType.facts[0m                                       3   floating scalar classification is explicit....
  [32m[OK][0m          [36mCoreMono.subst[0m                                             0   simple....
  [32m[OK][0m          [36mCoreMono.subst[0m                                             1   nested....
  [32m[OK][0m          [36mCoreMono.subst[0m                                             2   two_params....
  [32m[OK][0m          [36mCoreMono.subst[0m                                             3   dedup_consistent_rejects_conflict....
  [32m[OK][0m          [36mCoreMono.subst[0m                                             4   dedup_consistent_refines_meta....
  [32m[OK][0m          [36mCoreMono.subst[0m                                             5   dedup_consistent_keeps_rigid_open....
  [32m[OK][0m          [36mCoreMono.subst[0m                                             6   collect_subst_erases_range_refinements....
  [32m[OK][0m          [36mCoreMono.subst[0m                                             7   collect_subst_ignores_erased_dim_value_params....
  [32m[OK][0m          [36mCoreMono.subst[0m                                             8   collect_subst_variadic_dim_packs....
  [32m[OK][0m          [36mCoreMono.subst[0m                                             9   collect_subst_ignores_identity_bindings....
  [32m[OK][0m          [36mCoreMono.subst[0m                                            10   apply....
  [32m[OK][0m          [36mCoreMono.subst[0m                                            11   apply_nested....
  [32m[OK][0m          [36mCoreMono.subst[0m                                            12   loop_binder....
  [32m[OK][0m          [36mCoreMono.subst[0m                                            13   alias_expansion....
  [32m[OK][0m          [36mCoreMono.mangle[0m                                            0   simple....
  [32m[OK][0m          [36mCoreMono.mangle[0m                                            1   two_params....
  [32m[OK][0m          [36mCoreMono.mangle[0m                                            2   container....
  [32m[OK][0m          [36mCoreMono.mono[0m                                              0   simple....
  [32m[OK][0m          [36mCoreMono.mono[0m                                              1   call_rewritten....
  [32m[OK][0m          [36mCoreMono.mono[0m                                              2   types_specialized....
  [32m[OK][0m          [36mCoreMono.mono[0m                                              3   no_generics....
  [32m[OK][0m          [36mCoreMono.mono[0m                                              4   generic_record_data_layout....
  [32m[OK][0m          [36mCoreMono.mono[0m                                              5   generic_union_data_layout....
  [32m[OK][0m          [36mCoreMono.mono[0m                                              6   runtime_erased_bridge_union_data_layout....
  [32m[OK][0m          [36mCoreMono.mono[0m                                              7   two_instances....
  [32m[OK][0m          [36mCoreMono.mono[0m                                              8   repeated_type_param_consistent_call_ok....
  [32m[OK][0m          [36mCoreMono.mono[0m                                              9   repeated_type_param_conflict_rejected....
  [32m[OK][0m          [36mCoreMono.mono[0m                                             10   generic_trait_impl....
  [32m[OK][0m          [36mCoreMono.mono[0m                                             11   e2e_pipeline....
  [32m[OK][0m          [36mCoreMono.mono[0m                                             12   ufcs_mangled_callee....
  [32m[OK][0m          [36mCoreMono.mono[0m                                             13   bare call prefers selected direct kind generic....
  [32m[OK][0m          [36mCoreMono.mono[0m                                             14   qualified call prefers selected direct kind generic....
  [32m[OK][0m          [36mCoreMono.mono[0m                                             15   selected direct requires matching signature....
  [32m[OK][0m          [36mCoreMono.mono[0m                                             16   signature guard allows dimension params....
  [32m[OK][0m          [36mCoreMono.mono[0m                                             17   signature guard allows wildcard dim pack....
  [32m[OK][0m          [36mCoreMono.mono[0m                                             18   prefixed runtime-backed call resolves without mono....
  [32m[OK][0m          [36mCoreMono.mono[0m                                             19   option_get_or_call_fused....
  [32m[OK][0m          [36mCoreMono.mono[0m                                             20   option_get_or_else_call_fused....
  [32m[OK][0m          [36mCoreMono.mono[0m                                             21   module_scoped_import....
  [32m[OK][0m          [36mCoreMono.mono[0m                                             22   module_global_import_concretizes_arg_metadata....
  [32m[OK][0m          [36mCoreMono.cluster2_ambiguous_calls[0m                          0   unrewritten generic rejected....
  [32m[OK][0m          [36mCoreMono.cluster2_ambiguous_calls[0m                          1   concrete call still ok....
  [32m[OK][0m          [36mCoreMono.cluster2_ambiguous_calls[0m                          2   local function binding shadows generic....
  [32m[OK][0m          [36mCoreMono.cluster2_ambiguous_calls[0m                          3   local concrete function shadows module-owned generic....
  [32m[OK][0m          [36mCoreMono.cluster2_ambiguous_calls[0m                          4   qualified IR-backed length skipped....
  [32m[OK][0m          [36mCoreMono.cluster2_ambiguous_calls[0m                          5   qualified list length registry entry skipped....
  [32m[OK][0m          [36mCoreMono.cluster2_ambiguous_calls[0m                          6   selective import beats unqualified builtin generic....
  [32m[OK][0m          [36mCoreMono.cluster2_ambiguous_calls[0m                          7   module-owned bare builtin generics keep distinct identities....
  [32m[OK][0m          [36mCoreMono.cluster2_ambiguous_calls[0m                          8   concrete selective import suppresses unqualified builtin generic....
  [32m[OK][0m          [36mCoreMono.cluster2_ambiguous_calls[0m                          9   runtime-backed selective import waits for resolve....
  [32m[OK][0m          [36mCoreMono.cluster2_ambiguous_calls[0m                         10   selective import can target unqualified builtin generic....
  [32m[OK][0m          [36mCoreMono.cluster2_ambiguous_calls[0m                         11   prefixed UFCS builtin generic rewrites....
  [32m[OK][0m          [36mCoreMono.cluster2_ambiguous_calls[0m                         12   UFCS can target bare module builtin generic....
  [32m[OK][0m          [36mCoreMono.cluster2_ambiguous_calls[0m                         13   UFCS HOF builtin generic rewrites....
  [32m[OK][0m          [36mCoreDesugar.record_update[0m                                  0   single_field....
  [32m[OK][0m          [36mCoreDesugar.record_update[0m                                  1   multi_field....
  [32m[OK][0m          [36mCoreDesugar.record_update[0m                                  2   unknown_record_type_raises....
  [32m[OK][0m          [36mCoreDesugar.record_update[0m                                  3   non_named_record_update_type_raises....
  [32m[OK][0m          [36mCoreDesugar.record_update[0m                                  4   all_fields....
  [32m[OK][0m          [36mCoreDesugar.record_update[0m                                  5   nested....
  [32m[OK][0m          [36mCoreDesugar.record_update[0m                                  6   counter_resets....
  [32m[OK][0m          [36mCoreDesugar.string_interp[0m                                  0   single_lit....
  [32m[OK][0m          [36mCoreDesugar.string_interp[0m                                  1   single_string....
  [32m[OK][0m          [36mCoreDesugar.string_interp[0m                                  2   single_int....
  [32m[OK][0m          [36mCoreDesugar.string_interp[0m                                  3   two_parts....
  [32m[OK][0m          [36mCoreDesugar.string_interp[0m                                  4   many_parts....
  [32m[OK][0m          [36mCoreDesugar.string_interp[0m                                  5   float....
  [32m[OK][0m          [36mCoreDesugar.string_interp[0m                                  6   bool....
  [32m[OK][0m          [36mCoreDesugar.string_interp[0m                                  7   unknown_desugars....
  [32m[OK][0m          [36mCoreDesugar.string_interp[0m                                  8   empty....
  [32m[OK][0m          [36mCoreDesugar.emit[0m                                           0   boxed_vector_get_option....
  [32m[OK][0m          [36mCoreDesugar.e2e[0m                                            0   record_update....
  [32m[OK][0m          [36mCoreSsa.classification[0m                                     0   no assign....
  [32m[OK][0m          [36mCoreSsa.classification[0m                                     1   straight-line assign....
  [32m[OK][0m          [36mCoreSsa.classification[0m                                     2   control-flow assign....
  [32m[OK][0m          [36mCoreSsa.desugar_mut_vars[0m                                   0   no assignment flips immutable....
  [32m[OK][0m          [36mCoreSsa.desugar_mut_vars[0m                                   1   unrelated assignment does not version....
  [32m[OK][0m          [36mCoreSsa.desugar_mut_vars[0m                                   2   straight-line assignment versions binding....
  [32m[OK][0m          [36mCoreSsa.desugar_mut_vars[0m                                   3   assignment rhs uses previous version....
  [32m[OK][0m          [36mCoreSsa.desugar_mut_vars[0m                                   4   multiple assignments form version chain....
  [32m[OK][0m          [36mCoreSsa.desugar_mut_vars[0m                                   5   nested let shadowing....
  [32m[OK][0m          [36mCoreSsa.desugar_mut_vars[0m                                   6   lambda param shadowing....
  [32m[OK][0m          [36mCoreSsa.desugar_mut_vars[0m                                   7   for binder shadowing....
  [32m[OK][0m          [36mCoreSsa.desugar_mut_vars[0m                                   8   resource scope shadowing....
  [32m[OK][0m          [36mCoreSsa.desugar_mut_vars[0m                                   9   resource scope shadowed assignment....
  [32m[OK][0m          [36mCoreSsa.desugar_mut_vars[0m                                  10   control-flow assignment survives....
  [32m[OK][0m          [36mCoreMatch.catchall[0m                                         0   wildcard....
  [32m[OK][0m          [36mCoreMatch.catchall[0m                                         1   var....
  [32m[OK][0m          [36mCoreMatch.literal_switch[0m                                   0   with_default....
  [32m[OK][0m          [36mCoreMatch.literal_switch[0m                                   1   no_default_fail....
  [32m[OK][0m          [36mCoreMatch.constructor_switch[0m                               0   option....
  [32m[OK][0m          [36mCoreMatch.constructor_switch[0m                               1   with_wildcard....
  [32m[OK][0m          [36mCoreMatch.constructor_switch[0m                               2   qualified....
  [32m[OK][0m          [36mCoreMatch.or_patterns[0m                                      0   literals....
  [32m[OK][0m          [36mCoreMatch.or_patterns[0m                                      1   constructors....
  [32m[OK][0m          [36mCoreMatch.literal_in_ctor[0m                                  0   char_literal....
  [32m[OK][0m          [36mCoreMatch.literal_in_ctor[0m                                  1   int_literal....
  [32m[OK][0m          [36mCoreMatch.literal_in_ctor[0m                                  2   mixed_lit_var....
  [32m[OK][0m          [36mCoreMatch.nested_ctor[0m                                      0   some_some....
  [32m[OK][0m          [36mCoreMatch.nested_ctor[0m                                      1   ok_some_none....
  [32m[OK][0m          [36mCoreMatch.tuple[0m                                            0   simple_bind....
  [32m[OK][0m          [36mCoreMatch.tuple[0m                                            1   with_literals....
  [32m[OK][0m          [36mCoreMatch.tuple[0m                                            2   with_ctors....
  [32m[OK][0m          [36mCoreMatch.list_pattern[0m                                     0   empty_nonempty....
  [32m[OK][0m          [36mCoreMatch.list_pattern[0m                                     1   exact_length....
  [32m[OK][0m          [36mCoreMatch.list_pattern[0m                                     2   spread_before_exact_order....
  [32m[OK][0m          [36mCoreMatch.list_pattern[0m                                     3   unused_spread_binding....
  [32m[OK][0m          [36mCoreMatch.list_pattern[0m                                     4   used_spread_binding....
  [32m[OK][0m          [36mCoreMatch.list_pattern[0m                                     5   resource_scope_shadowed_spread_binding....
  [32m[OK][0m          [36mCoreMatch.list_pattern[0m                                     6   resource_scope_acquire_uses_outer_spread....
  [32m[OK][0m          [36mCoreMatch.phase_2_5_gaps[0m                                   0   ctor wrapping list with catchall....
  [32m[OK][0m          [36mCoreMatch.complex_tuple[0m                                    0   ctor_elements....
  [32m[OK][0m          [36mCoreMatch.complex_tuple[0m                                    1   lit_elements....
  [32m[OK][0m          [36mCoreMatch.fallback[0m                                         0   mixed....
  [32m[OK][0m          [36mCoreMatch.direct_constructor[0m                               0   does_not_fuse_normal_call....
  [32m[OK][0m          [36mCoreMatch.direct_constructor[0m                               1   var_payload....
  [32m[OK][0m          [36mCoreMatch.direct_constructor[0m                               2   wildcard_payload....
  [32m[OK][0m          [36mCoreMatch.program[0m                                          0   walks_into_funcs....
  [32m[OK][0m          [36mCoreMatch.program[0m                                          1   recurses_nested....
  [32m[OK][0m          [36mCoreTailrec.lowering[0m                                       0   unmanaged self call....
  [32m[OK][0m          [36mCoreTailrec.lowering[0m                                       1   list spread cursor....
  [32m[OK][0m          [36mCoreTailrec.lowering[0m                                       2   list spread with prefix binding....
  [32m[OK][0m          [36mCoreTailrec.lowering[0m                                       3   list spread alias param....
  [32m[OK][0m          [36mCoreTailrec.lowering[0m                                       4   list spread resource shadow....
  [32m[OK][0m          [36mCoreTraitResolve.selected_direct[0m                           0   trait_method_rewrites_to_impl....
  [32m[OK][0m          [36mCoreTraitResolve.resource_scope[0m                            0   binding_shadows_trait_method_body_only....
  [32m[OK][0m          [36mCoreIntrinsics.synthesis[0m                                   0   list_synthesis_rejects_malformed_signatures....
  [32m[OK][0m          [36mCoreIntrinsics.synthesis[0m                                   1   std_synthesis_rejects_malformed_signatures....
  [32m[OK][0m          [36mCoreIntrinsics.synthesis[0m                                   2   std_float_round_synthesizes_math_round....
  [32m[OK][0m          [36mCoreIntrinsics.synthesis[0m                                   3   hash_wrappers_synthesize_from_specs....
  [32m[OK][0m          [36mCoreIntrinsics.synthesis[0m                                   4   time_and_system_wrappers_synthesize_from_specs....
  [32m[OK][0m          [36mCoreIntrinsics.synthesis[0m                                   5   bytes_c_wrappers_synthesize_from_specs....
  [32m[OK][0m          [36mCoreIntrinsics.synthesis[0m                                   6   fixed_c_wrappers_synthesize_from_specs....
  [32m[OK][0m          [36mCoreIntrinsics.synthesis[0m                                   7   tensor_c_wrappers_synthesize_from_specs....
  [32m[OK][0m          [36mCoreIntrinsics.synthesis[0m                                   8   tensor_length_synthesizes_from_specs....
  [32m[OK][0m          [36mCoreIntrinsics.synthesis[0m                                   9   matrix_c_wrappers_synthesize_from_specs....
  [32m[OK][0m          [36mCoreIntrinsics.synthesis[0m                                  10   stream_wrappers_synthesize_from_specs....
  [32m[OK][0m          [36mCoreIntrinsics.synthesis[0m                                  11   list_strategy_contract_matches_synthesized_ir....
  [32m[OK][0m          [36mCoreIntrinsics.synthesis[0m                                  12   list_synthesized_ir_does_not_own_borrowed_aliases....
  [32m[OK][0m          [36mCoreIntrinsics.synthesis[0m                                  13   set_dict_strategy_contract_matches_synthesized_ir....
  [32m[OK][0m          [36mCoreIntrinsics.synthesis[0m                                  14   dict_set_synthesizes_direct_cow_insert....
  [32m[OK][0m          [36mCoreIntrinsics.synthesis[0m                                  15   dict_set_int_key_uses_immediate_probe....
  [32m[OK][0m          [36mCoreIntrinsics.synthesis[0m                                  16   dict_set_enum_key_uses_registered_immediate_probe....
  [32m[OK][0m          [36mCoreIntrinsics.synthesis[0m                                  17   dict_contains_int_uses_direct_probe....
  [32m[OK][0m          [36mCoreIntrinsics.synthesis[0m                                  18   dict_contains_enum_uses_registered_immediate_probe....
  [32m[OK][0m          [36mCoreIntrinsics.synthesis[0m                                  19   dict_contains_string_uses_dispatched_probe....
  [32m[OK][0m          [36mCoreIntrinsics.synthesis[0m                                  20   generic_dict_contains_defers_to_post_mono_synthesis....
  [32m[OK][0m          [36mCoreIntrinsics.synthesis[0m                                  21   dict_get_or_synthesizes_option_free_probe....
  [32m[OK][0m          [36mCoreIntrinsics.synthesis[0m                                  22   dict_get_or_int_key_uses_direct_probe....
  [32m[OK][0m          [36mCoreIntrinsics.synthesis[0m                                  23   dict_get_or_int_alias_key_uses_direct_probe....
  [32m[OK][0m          [36mCoreIntrinsics.synthesis[0m                                  24   dict_get_or_enum_key_uses_direct_probe....
  [32m[OK][0m          [36mCoreIntrinsics.synthesis[0m                                  25   dict_entries_synthesizes_direct_tuple_list....
  [32m[OK][0m          [36mCoreIntrinsics.synthesis[0m                                  26   generic_dict_set_defers_to_post_mono_synthesis....
  [32m[OK][0m          [36mCoreIntrinsics.synthesis[0m                                  27   generic_dict_get_or_defers_to_post_mono_synthesis....
  [32m[OK][0m          [36mCoreIntrinsics.synthesis[0m                                  28   tensor_sum_synthesizes_typed_raw_view....
  [32m[OK][0m          [36mCoreIntrinsics.synthesis[0m                                  29   tensor_sum_alias_synthesizes_typed_raw_view....
  [32m[OK][0m          [36mCoreIntrinsics.synthesis[0m                                  30   tensor_sum_element_alias_synthesizes_typed_raw_view....
  [32m[OK][0m          [36mCoreIntrinsics.synthesis[0m                                  31   tensor_dot_synthesizes_typed_raw_views....
  [32m[OK][0m          [36mCoreIntrinsics.synthesis[0m                                  32   tensor_mean_int_reads_int_and_casts_to_float....
  [32m[OK][0m          [36mCoreIntrinsics.synthesis[0m                                  33   list_map_synthesizes_presized_loop....
  [32m[OK][0m          [36mCoreIntrinsics.synthesis[0m                                  34   list_concurrent_synthesizes_concurrently_loop....
  [32m[OK][0m          [36mCoreIntrinsics.synthesis[0m                                  35   list_concurrent_timeout_synthesizes_concurrently_loop....
  [32m[OK][0m          [36mCoreIntrinsics.synthesis[0m                                  36   list_filter_synthesizes_retain_then_transfer_loop....
  [32m[OK][0m          [36mCoreIntrinsics.synthesis[0m                                  37   list_get_or_synthesizes_option_free_bounds_check....
  [32m[OK][0m          [36mCoreIntrinsics.synthesis[0m                                  38   list_get_synthesizes_checked_option....
  [32m[OK][0m          [36mCoreIntrinsics.synthesis[0m                                  39   list_set_synthesizes_option_free_cow_set....
  [32m[OK][0m          [36mCoreIntrinsics.synthesis[0m                                  40   list_filter_map_synthesizes_single_alloc_transfer_loop....
  [32m[OK][0m          [36mCoreIntrinsics.synthesis[0m                                  41   list_fold_synthesizes_direct_loop....
  [32m[OK][0m          [36mCoreIntrinsics.synthesis[0m                                  42   list_map_indexed_synthesizes_presized_loop....
  [32m[OK][0m          [36mCoreIntrinsics.synthesis[0m                                  43   list_enumerate_synthesizes_presized_tuple_loop....
  [32m[OK][0m          [36mCoreIntrinsics.synthesis[0m                                  44   list_zip_synthesizes_presized_tuple_loop....
  [32m[OK][0m          [36mCoreIntrinsics.synthesis[0m                                  45   list_zip_with_synthesizes_presized_loop....
  [32m[OK][0m          [36mCoreIntrinsics.synthesis[0m                                  46   list_unzip_synthesizes_two_presized_outputs....
  [32m[OK][0m          [36mCoreIntrinsics.synthesis[0m                                  47   list_concat_synthesizes_exact_copy....
  [32m[OK][0m          [36mCoreIntrinsics.synthesis[0m                                  48   list_reverse_synthesizes_owned_bulk_reverse....
  [32m[OK][0m          [36mCoreIntrinsics.synthesis[0m                                  49   list_take_drop_synthesize_exact_slices....
  [32m[OK][0m          [36mCoreIntrinsics.synthesis[0m                                  50   list_flatten_synthesizes_prescan_exact_copy....
  [32m[OK][0m          [36mCoreIntrinsics.synthesis[0m                                  51   list_repeat_range_synthesize_presized_builders....
  [32m[OK][0m          [36mCoreIntrinsics.synthesis[0m                                  52   list_intersperse_synthesizes_exact_retain_loop....
  [32m[OK][0m          [36mCoreIntrinsics.synthesis[0m                                  53   list_windows_synthesizes_nested_exact_builders....
  [32m[OK][0m          [36mCoreIntrinsics.synthesis[0m                                  54   list_unique_synthesizes_single_alloc_eq_scan....
  [32m[OK][0m          [36mCoreIntrinsics.synthesis[0m                                  55   list_chunks_synthesizes_nested_exact_builders....
  [32m[OK][0m          [36mCoreIntrinsics.synthesis[0m                                  56   list_take_while_synthesizes_retain_transfer_loop....
  [32m[OK][0m          [36mCoreIntrinsics.synthesis[0m                                  57   list_drop_while_synthesizes_retain_transfer_loop....
  [32m[OK][0m          [36mCoreIntrinsics.synthesis[0m                                  58   list_partition_synthesizes_two_retain_transfer_loops....
  [32m[OK][0m          [36mCoreIntrinsics.synthesis[0m                                  59   list_flat_map_synthesizes_single_callback_dynamic_fill....
  [32m[OK][0m          [36mCoreIntrinsics.synthesis[0m                                  60   list_predicate_queries_synthesize_direct_loops....
  [32m[OK][0m          [36mCoreIntrinsics.synthesis[0m                                  61   list_for_each_synthesizes_direct_loop....
  [32m[OK][0m          [36mCoreIntrinsics.synthesis[0m                                  62   list_find_index_synthesizes_direct_loop....
  [32m[OK][0m          [36mCoreIntrinsics.synthesis[0m                                  63   list_find_synthesizes_direct_loop....
  [32m[OK][0m          [36mCoreIntrinsics.synthesis[0m                                  64   list_binary_search_synthesizes_direct_probe_loop....
  [32m[OK][0m          [36mCoreIntrinsics.synthesis[0m                                  65   list_binary_search_by_synthesizes_direct_probe_loop....
  [32m[OK][0m          [36mCoreIntrinsics.synthesis[0m                                  66   list_min_max_by_synthesize_index_scan....
  [32m[OK][0m          [36mCoreIntrinsics.synthesis[0m                                  67   list_scan_synthesizes_result_backed_accumulator....
  [32m[OK][0m          [36mCoreIntrinsics.synthesis[0m                                  68   list_fold_left_leaves_accumulator_drop_to_perceus....
  [32m[OK][0m          [36mCoreIntrinsics.synthesis[0m                                  69   list_sort_synthesizes_index_merge....
  [32m[OK][0m          [36mCoreIntrinsics.synthesis[0m                                  70   list_sort_by_synthesizes_index_merge....
  [32m[OK][0m          [36mCoreIntrinsics.synthesis[0m                                  71   set_is_subset_synthesizes_direct_entry_scan....
  [32m[OK][0m          [36mCoreIntrinsics.synthesis[0m                                  72   set_contains_string_uses_borrowed_key_cast....
  [32m[OK][0m          [36mCoreIntrinsics.synthesis[0m                                  73   set_contains_int_uses_immediate_probe....
  [32m[OK][0m          [36mCoreIntrinsics.synthesis[0m                                  74   set_contains_int_alias_uses_immediate_probe....
  [32m[OK][0m          [36mCoreIntrinsics.synthesis[0m                                  75   set_contains_enum_uses_registered_immediate_probe....
  [32m[OK][0m          [36mCoreIntrinsics.synthesis[0m                                  76   set_contains_unregistered_named_key_stays_dispatched....
  [32m[OK][0m          [36mCoreIntrinsics.synthesis[0m                                  77   set_contains_float_boxes_key....
  [32m[OK][0m          [36mCoreIntrinsics.synthesis[0m                                  78   generic_set_contains_defers_to_post_mono_synthesis....
  [32m[OK][0m          [36mCoreIntrinsics.synthesis[0m                                  79   generic_set_add_defers_to_post_mono_synthesis....
  [32m[OK][0m          [36mCoreIntrinsics.synthesis[0m                                  80   generic_set_bulk_defers_to_post_mono_synthesis....
  [32m[OK][0m          [36mCoreIntrinsics.synthesis[0m                                  81   generic_set_map_filter_defer_to_post_mono_synthesis....
  [32m[OK][0m          [36mCoreIntrinsics.synthesis[0m                                  82   set_bulk_registered_for_post_mono_synthesis....
  [32m[OK][0m          [36mCoreIntrinsics.synthesis[0m                                  83   set_difference_synthesizes_direct_entry_scan....
  [32m[OK][0m          [36mCoreIntrinsics.synthesis[0m                                  84   set_intersect_synthesizes_direct_entry_scan....
  [32m[OK][0m          [36mCoreIntrinsics.synthesis[0m                                  85   set_combine_synthesizes_direct_rhs_scan....
  [32m[OK][0m          [36mCoreIntrinsics.synthesis[0m                                  86   set_add_synthesizes_direct_cow_insert....
  [32m[OK][0m          [36mCoreIntrinsics.synthesis[0m                                  87   set_add_int_uses_immediate_probe....
  [32m[OK][0m          [36mCoreIntrinsics.synthesis[0m                                  88   set_map_synthesizes_direct_entry_scan....
  [32m[OK][0m          [36mCoreIntrinsics.synthesis[0m                                  89   set_map_int_result_uses_immediate_probe....
  [32m[OK][0m          [36mCoreIntrinsics.synthesis[0m                                  90   set_filter_synthesizes_direct_entry_scan....
  [32m[OK][0m          [36mCoreIntrinsics.synthesis[0m                                  91   set_filter_int_uses_immediate_probe....
  [32m[OK][0m          [36mCoreIntrinsics.synthesis[0m                                  92   set_fold_synthesizes_direct_entry_scan....
  [32m[OK][0m          [36mCoreCollectionPipeline.recognition[0m                         0   filter_map_fold....
  [32m[OK][0m          [36mCoreCollectionPipeline.recognition[0m                         1   filter_map_hof_fold....
  [32m[OK][0m          [36mCoreCollectionPipeline.recognition[0m                         2   filter_map_hof_collect....
  [32m[OK][0m          [36mCoreCollectionPipeline.recognition[0m                         3   range_map_filter....
  [32m[OK][0m          [36mCoreCollectionPipeline.recognition[0m                         4   rejects_materialized_let....
  [32m[OK][0m          [36mCoreCollectionPipeline.recognition[0m                         5   rejects_barriers....
  [32m[OK][0m          [36mCoreCollectionPipeline.lowering[0m                            0   filter_map_fold_no_intermediate_hofs....
  [32m[OK][0m          [36mCoreCollectionPipeline.lowering[0m                            1   bare_fold_borrows_source....
  [32m[OK][0m          [36mCoreCollectionPipeline.lowering[0m                            2   no_capture_callback_resource_scope_binding....
  [32m[OK][0m          [36mCoreCollectionPipeline.lowering[0m                            3   filter_map_fold_borrows_source....
  [32m[OK][0m          [36mCoreCollectionPipeline.lowering[0m                            4   filter_map_length_no_materialized_list....
  [32m[OK][0m          [36mCoreCollectionPipeline.lowering[0m                            5   filter_length_no_materialized_list....
  [32m[OK][0m          [36mCoreCollectionPipeline.lowering[0m                            6   map_filter_length_no_materialized_list....
  [32m[OK][0m          [36mCoreCollectionPipeline.lowering[0m                            7   long_map_filter_map_length_no_materialized_list....
  [32m[OK][0m          [36mCoreCollectionPipeline.lowering[0m                            8   long_filter_map_map_fold_no_intermediate_hofs....
  [32m[OK][0m          [36mCoreCollectionPipeline.lowering[0m                            9   filter_map_hof_fold_no_result_allocation....
  [32m[OK][0m          [36mCoreCollectionPipeline.lowering[0m                           10   filter_map_hof_collect_no_hof_call....
  [32m[OK][0m          [36mCoreCollectionPipeline.lowering[0m                           11   impure_filter_map_fold_not_lowered....
  [32m[OK][0m          [36mCoreCollectionPipeline.lowering[0m                           12   impure_reducer_terminal_fold_not_lowered....
  [32m[OK][0m          [36mCoreCollectionPipeline.lowering[0m                           13   impure_filter_map_hof_collect_not_lowered....
  [32m[OK][0m          [36mCoreCollectionPipeline.lowering[0m                           14   impure_filter_map_collect_not_lowered....
  [32m[OK][0m          [36mCoreCollectionPipeline.lowering[0m                           15   impure_range_map_filter_not_lowered....
  [32m[OK][0m          [36mCoreCollectionPipeline.lowering[0m                           16   range_map_filter_no_intermediate_hofs....
  [32m[OK][0m          [36mCoreCollectionPipeline.lowering[0m                           17   range_map_collect_no_intermediate_hofs....
  [32m[OK][0m          [36mCoreCollectionPipeline.lowering[0m                           18   range_filter_length_no_materialized_range....
  [32m[OK][0m          [36mCoreCollectionPipeline.lowering[0m                           19   range_filter_map_fold_no_materialized_range....
  [32m[OK][0m          [36mCoreCollectionPipeline.lowering[0m                           20   range_filter_map_hof_fold_no_materialized_range....
  [32m[OK][0m          [36mCoreCollectionPipeline.lowering[0m                           21   range_map_float_filter_no_intermediate_hofs....
  [32m[OK][0m          [36mCoreCollectionPipeline.lowering[0m                           22   list_filter_map_collect_borrow_handoff....
  [32m[OK][0m          [36mCoreCollectionPipeline.lowering[0m                           23   single_filter_collect_borrow_handoff....
  [32m[OK][0m          [36mCoreCollectionPipeline.lowering[0m                           24   single_map_collect_borrow_handoff....
  [32m[OK][0m          [36mCoreCollectionPipeline.lowering[0m                           25   list_map_filter_collect_borrow_handoff....
  [32m[OK][0m          [36mCoreCollectionPipeline.lowering[0m                           26   long_map_filter_map_collect_borrow_handoff....
  [32m[OK][0m          [36mCoreCollectionPipeline.lowering[0m                           27   filter_map_hof_map_collect_borrow_handoff....
  [32m[OK][0m          [36mCoreCollectionPipeline.lowering[0m                           28   float_filter_map_fold_no_intermediate_hofs....
  [32m[OK][0m          [36mCoreCollectionPipeline.lowering[0m                           29   float_filter_map_collect_borrow_handoff....
  [32m[OK][0m          [36mCoreCollectionPipeline.lowering[0m                           30   int128_pipeline_not_fused....
  [32m[OK][0m          [36mCoreCollectionPipeline.lowering[0m                           31   string_filter_map_collect_borrow_handoff....
  [32m[OK][0m          [36mCoreCollectionPipeline.lowering[0m                           32   single_string_filter_collect_borrow_handoff....
  [32m[OK][0m          [36mCoreCollectionPipeline.lowering[0m                           33   single_string_map_collect_borrow_handoff....
  [32m[OK][0m          [36mCoreCollectionPipeline.lowering[0m                           34   managed_filter_map_hof_collect_borrow_handoff....
  [32m[OK][0m          [36mCoreCollectionPipeline.lowering[0m                           35   managed_filter_map_hof_map_collect_borrow_handoff....
  [32m[OK][0m          [36mCoreCollectionPipeline.lowering[0m                           36   long_string_map_filter_map_collect_borrow_handoff....
  [32m[OK][0m          [36mCoreCollectionPipeline.lowering[0m                           37   string_filter_map_length_no_materialized_list....
  [32m[OK][0m          [36mCoreCollectionPipeline.lowering[0m                           38   string_filter_length_no_materialized_list....
  [32m[OK][0m          [36mCoreCollectionPipeline.lowering[0m                           39   string_map_filter_length_no_materialized_list....
  [32m[OK][0m          [36mCoreCollectionPipeline.lowering[0m                           40   long_string_map_filter_map_length_no_materialized_list....
  [32m[OK][0m          [36mCoreCollectionPipeline.lowering[0m                           41   trait_resolved_string_map_filter_map_length_no_materialized_list....
  [32m[OK][0m          [36mCoreCollectionPipeline.lowering[0m                           42   stack_option_filter_map_collect_borrow_handoff....
  [32m[OK][0m          [36mCoreCollectionPipeline.lowering[0m                           43   registered_heap_record_filter_map_collect_borrow_handoff....
  [32m[OK][0m          [36mCoreCollectionPipeline.lowering[0m                           44   collect_policy_is_explicit_and_layout_backed....
  [32m[OK][0m          [36mCoreCollectionPipeline.lowering[0m                           45   collect_policy_uses_layout_canonical_types....
  [32m[OK][0m          [36mCoreCollectionPipeline.list_pipeline[0m                       0   rejects_empty_source_plan....
  [32m[OK][0m          [36mCoreCollectionPipeline.list_pipeline[0m                       1   exposes_nonempty_stages....
  [32m[OK][0m          [36mCoreParallelVectorPipeline.fusion[0m                          0   map_chain_lowers_to_vmap_parallel....
  [32m[OK][0m          [36mCoreParallelVectorPipeline.fusion[0m                          1   indexed_chain_lowers_to_indexed_vmap_parallel....
  [32m[OK][0m          [36mCoreParallelVectorPipeline.fusion[0m                          2   single_zip_chain_lowers_to_vzip_parallel....
  [32m[OK][0m          [36mCoreParallelVectorPipeline.fusion[0m                          3   reused_zip_vector_lowers_to_vzip_parallel....
  [32m[OK][0m          [36mCoreParallelVectorPipeline.fusion[0m                          4   distinct_zip_vectors_fall_back_to_indexed_vmap....
  [32m[OK][0m          [36mCoreParallelVectorPipeline.fusion[0m                          5   non_chain_body_is_left_as_vector_parallel_call....
  [32m[OK][0m          [36mCoreParallelVectorPipeline.fusion[0m                          6   matrix_map_chain_lowers_to_mmap_parallel....
  [32m[OK][0m          [36mCoreParallelVectorPipeline.fusion[0m                          7   matrix_indexed_chain_lowers_to_indexed_mmap_parallel....
  [32m[OK][0m          [36mCoreParallelVectorPipeline.fusion[0m                          8   matrix_single_zip_chain_lowers_to_mzip_parallel....
  [32m[OK][0m          [36mCoreParallelVectorPipeline.fusion[0m                          9   matrix_indexed_zip_chain_lowers_to_indexed_mzip_parallel....
  [32m[OK][0m          [36mCoreParallelVectorPipeline.fusion[0m                         10   matrix_distinct_zip_matrices_lower_to_flat_indexed_mmap....
  [32m[OK][0m          [36mCoreStringPipeline.rewrite[0m                                 0   reverse_length_rewrites_to_source_length....
  [32m[OK][0m          [36mCoreStringPipeline.rewrite[0m                                 1   trim_length_rewrites_without_materializing....
  [32m[OK][0m          [36mCoreStringPipeline.rewrite[0m                                 2   composed_span_replace_length_rewrites_without_materializing....
  [32m[OK][0m          [36mCoreStringPipeline.rewrite[0m                                 3   composed_span_replace_materializes_once....
  [32m[OK][0m          [36mCoreStringPipeline.rewrite[0m                                 4   composed_span_materializes_once....
  [32m[OK][0m          [36mCoreStringPipeline.rewrite[0m                                 5   composed_span_reverse_materializes_once....
  [32m[OK][0m          [36mCoreStringPipeline.rewrite[0m                                 6   materialized_window_borrows_existing_source_alias....
  [32m[OK][0m          [36mCoreStringPipeline.rewrite[0m                                 7   materialized_window_owns_non_variable_source....
  [32m[OK][0m          [36mCoreStringPipeline.rewrite[0m                                 8   replace_then_trim_length_is_not_rewritten....
  [32m[OK][0m          [36mCoreStringPipeline.rewrite[0m                                 9   reverse_then_replace_length_is_not_rewritten....
  [32m[OK][0m          [36mCoreStringPipeline.rewrite[0m                                10   reverse_then_same_width_replace_length_rewrites....
  [32m[OK][0m          [36mCoreStringPipeline.rewrite[0m                                11   bound_reverse_is_not_rewritten_as_pipeline....
  [32m[OK][0m          [36mCoreStringPipeline.rewrite[0m                                12   pipeline_fuses_real_reverse_length_call....
  [32m[OK][0m          [36mCoreStringPipeline.rewrite[0m                                13   pipeline_fuses_real_composed_length_call....
  [32m[OK][0m          [36mCoreTupleSroa.sroa[0m                                         0   local_field_access....
  [32m[OK][0m          [36mCoreTupleSroa.sroa[0m                                         1   escaping_tuple....
  [32m[OK][0m          [36mCoreTupleSroa.sroa[0m                                         2   mutable_tuple....
  [32m[OK][0m          [36mCoreTupleSroa.sroa[0m                                         3   managed_field_binding....
  [32m[OK][0m          [36mCoreTupleSroa.sroa[0m                                         4   branch_alias_scope....
  [32m[OK][0m          [36mCoreTupleSroa.sroa[0m                                         5   resource_scope_shadowed_tuple_alias....
  [32m[OK][0m          [36mCoreTupleSroa.sroa[0m                                         6   removed_tuple_binding_guard....
  [32m[OK][0m          [36mCoreTupleSroa.sroa[0m                                         7   local_if_tuple_binding....
  [32m[OK][0m          [36mCoreTupleSroa.sroa[0m                                         8   managed_local_if_tuple_binding....
  [32m[OK][0m          [36mCoreTupleSroa.sroa[0m                                         9   local_if_tuple_binding_mismatched_arity....
  [32m[OK][0m          [36mCoreTupleSroa.sroa[0m                                        10   local_if_tuple_binding_mismatched_element_type....
  [32m[OK][0m          [36mCoreTupleSroa.sroa[0m                                        11   local_match_tuple_binding....
  [32m[OK][0m          [36mCoreTupleSroa.sroa[0m                                        12   local_match_tuple_binding_non_tuple_leaf....
  [32m[OK][0m          [36mCoreTupleSroa.sroa[0m                                        13   local_match_tuple_binding_mismatched_arity....
  [32m[OK][0m          [36mCoreTupleSroa.sroa[0m                                        14   local_match_tuple_binding_mismatched_element_type....
  [32m[OK][0m          [36mCoreTupleSroa.sroa[0m                                        15   immediate_tuple_field....
  [32m[OK][0m          [36mCoreTupleSroa.sroa[0m                                        16   tuple_match_bindings....
  [32m[OK][0m          [36mCoreTupleSroa.sroa[0m                                        17   tuple_match_literal_split....
  [32m[OK][0m          [36mCoreTupleSroa.sroa[0m                                        18   immediate_tuple_match....
  [32m[OK][0m          [36mCoreTupleSroa.sroa[0m                                        19   tuple_match_nested_constructor....
  [32m[OK][0m          [36mCoreTupleSroa.sroa[0m                                        20   tuple_return_call....
  [32m[OK][0m          [36mCoreTupleSroa.sroa[0m                                        21   immediate_tuple_return_call_field....
  [32m[OK][0m          [36mCoreTupleSroa.sroa[0m                                        22   immediate_tuple_return_call_match....
  [32m[OK][0m          [36mCoreTupleSroa.sroa[0m                                        23   tuple_return_call_simple_expr_elements....
  [32m[OK][0m          [36mCoreTupleSroa.sroa[0m                                        24   tuple_return_call_local_expr_elements....
  [32m[OK][0m          [36mCoreTupleSroa.sroa[0m                                        25   managed_tuple_return_call....
  [32m[OK][0m          [36mCoreTupleSroa.sroa[0m                                        26   tuple_return_call_if_tuple_branches....
  [32m[OK][0m          [36mCoreLayoutType.tensor_storage[0m                              0   primitive tensor storage is explicit....
  [32m[OK][0m          [36mCoreLayoutType.tensor_storage[0m                              1   non-word tensor storage remains distinct....
  [32m[OK][0m          [36mCoreLayoutType.tensor_storage[0m                              2   source value layout is explicit....
  [32m[OK][0m          [36mCoreLayoutType.tensor_storage[0m                              3   source value layout rejects unknown type....
  [32m[OK][0m          [36mCoreLayoutType.tensor_storage[0m                              4   source value classification is explicit....
  [32m[OK][0m          [36mCoreLayoutType.tensor_storage[0m                              5   source value release path is layout-owned....
  [32m[OK][0m          [36mCoreLayoutType.tensor_storage[0m                              6   boxed storage scalar kind is explicit....
  [32m[OK][0m          [36mCoreLayoutType.tensor_storage[0m                              7   destructor policy is layout-owned....
  [32m[OK][0m          [36mCoreLayoutType.tensor_storage[0m                              8   list element storage is layout-owned....
  [32m[OK][0m          [36mCoreLayoutType.tensor_storage[0m                              9   enum inline width is layout-owned....
  [32m[OK][0m          [36mCoreLayoutType.tensor_storage[0m                             10   enum inline type classification is layout-owned....
  [32m[OK][0m          [36mCoreLayoutType.tensor_storage[0m                             11   tensor to_string runtime is layout-owned....
  [32m[OK][0m          [36mCoreLayoutType.tensor_storage[0m                             12   canonical type is layout-owned....
  [32m[OK][0m          [36mCoreLayoutType.tensor_storage[0m                             13   list type is layout-owned....
  [32m[OK][0m          [36mCoreLayoutType.tensor_storage[0m                             14   hash container layout is layout-owned....
  [32m[OK][0m          [36mCoreLayoutType.tensor_storage[0m                             15   record field erased storage is layout-owned....
  [32m[OK][0m          [36mCoreLayoutType.tensor_storage[0m                             16   primitive inline width is layout-owned....
  [32m[OK][0m          [36mCoreLayoutType.tensor_storage[0m                             17   inline struct storage is layout-owned....
  [32m[OK][0m          [36mCoreLayoutType.tensor_storage[0m                             18   generated stack Option get ABI is layout-owned....
  [32m[OK][0m          [36mCoreLayoutType.tensor_storage[0m                             19   Option runtime ABI is layout-owned....
  [32m[OK][0m          [36mCoreLayoutType.tensor_storage[0m                             20   Option equality ABI is layout-owned....
  [32m[OK][0m          [36mCoreLayoutType.tensor_storage[0m                             21   Option constructor ABI is layout-owned....
  [32m[OK][0m          [36mCoreLayoutType.tensor_storage[0m                             22   stack Result constructor ABI is layout-owned....
  [32m[OK][0m          [36mCoreLayoutType.tensor_storage[0m                             23   tensor layout records raw scalar policy....
  [32m[OK][0m          [36mCoreLayoutType.tensor_storage[0m                             24   tensor layout records boxed policy....
  [32m[OK][0m          [36mCoreLayoutType.tensor_storage[0m                             25   tensor layout records value struct policy....
  [32m[OK][0m          [36mCoreLayoutType.tensor_storage[0m                             26   tensor raw scalar ABI is layout-owned....
  [32m[OK][0m          [36mCoreLayoutType.tensor_storage[0m                             27   tensor raw scalar kind for type is layout-owned....
  [32m[OK][0m          [36mCoreLayoutType.tensor_storage[0m                             28   tensor numeric access is layout-owned....
  [32m[OK][0m          [36mCoreLayoutType.tensor_storage[0m                             29   tensor checked-get access is layout-owned....
  [32m[OK][0m          [36mCoreLayoutType.tensor_storage[0m                             30   tensor runtime read helper is layout-owned....
  [32m[OK][0m          [36mCoreListLayout.layout[0m                                      0   primitive and dim widths....
  [32m[OK][0m          [36mCoreListLayout.layout[0m                                      1   pointer fallbacks....
  [32m[OK][0m          [36mCoreListLayout.layout[0m                                      2   enum widths....
  [32m[OK][0m          [36mCoreListLayout.layout[0m                                      3   registry aliases....
  [32m[OK][0m          [36mCoreListLayout.layout[0m                                      4   stack option descriptor....
  [32m[OK][0m          [36mCoreListLayout.layout[0m                                      5   value record inline struct descriptor....
  [32m[OK][0m          [36mCoreListLayout.layout[0m                                      6   inline scalar descriptor....
  [32m[OK][0m          [36mCoreListLayout.layout[0m                                      7   managed pointer descriptor....
  [32m[OK][0m          [36mCoreListLayout.layout[0m                                      8   boxed value descriptor....
  [32m[OK][0m          [36mCoreListLayout.layout[0m                                      9   annotation relayouts nodes....
  [32m[OK][0m          [36mCoreTypeLayout.classification[0m                              0   builtin managed type has ARC release....
  [32m[OK][0m          [36mCoreTypeLayout.classification[0m                              1   builtin layout is single source of truth....
  [32m[OK][0m          [36mCoreTypeLayout.classification[0m                              2   builtin unmanaged type needs no release....
  [32m[OK][0m          [36mCoreTypeLayout.classification[0m                              3   debug heap classification uses layout metadata....
  [32m[OK][0m          [36mCoreTypeLayout.classification[0m                              4   Option[Int] stack layout needs no release....
  [32m[OK][0m          [36mCoreTypeLayout.classification[0m                              5   Option[Int] boxed storage has ARC release....
  [32m[OK][0m          [36mCoreTypeLayout.classification[0m                              6   Result[Int, Bool] stack layout needs no source release....
  [32m[OK][0m          [36mCoreTypeLayout.classification[0m                              7   managed stack Result layout requires source release....
  [32m[OK][0m          [36mCoreTypeLayout.classification[0m                              8   primitive stack options need no source release....
  [32m[OK][0m          [36mCoreTypeLayout.classification[0m                              9   generated stack options need no source release....
  [32m[OK][0m          [36mCoreTypeLayout.classification[0m                             10   Option[String] stays managed....
  [32m[OK][0m          [36mCoreTypeLayout.classification[0m                             11   heap record with primitive fields still has ARC release....
  [32m[OK][0m          [36mCoreTypeLayout.classification[0m                             12   value record needs no release....
  [32m[OK][0m          [36mCoreTypeLayout.classification[0m                             13   alias inherits release capability....
  [32m[OK][0m          [36mCoreTypeLayout.classification[0m                             14   builtin retain capability tracks ARC layout....
  [32m[OK][0m          [36mCoreTypeLayout.classification[0m                             15   registry managed type requires destructor policy....
  [32m[OK][0m          [36mCoreTypeLayout.classification[0m                             16   boxed storage release tracks managed pointer values....
  [32m[OK][0m          [36mCoreTypeLayout.classification[0m                             17   boxed storage release tracks heap-boxed wide ints....
  [32m[OK][0m          [36mCoreTypeLayout.classification[0m                             18   value record boxed storage has ARC release....
  [32m[OK][0m          [36mCoreTypeLayout.classification[0m                             19   alias inherits boxed storage release capability....
  [32m[OK][0m          [36mCoreTypeLayout.classification[0m                             20   unknown named type remains invalid layout....
  [32m[OK][0m          [36mCoreTypeLayout.classification[0m                             21   erased storage box kind is centralized....
  [32m[OK][0m          [36mCoreTypeLayout.classification[0m                             22   erased storage rejects variadic dimension pack....
  [32m[OK][0m          [36mCoreTypeLayout.classification[0m                             23   layout type carries explicit erased-storage facts....
  [32m[OK][0m          [36mCoreTypeLayout.classification[0m                             24   layout type maps to Core boxing....
  [32m[OK][0m          [36mCoreTypeLayout.classification[0m                             25   layout type expands aliases for erased storage....
  [32m[OK][0m          [36mCoreTypeLayout.classification[0m                             26   layout type answers boxed storage release....
  [32m[OK][0m          [36mCoreTypeLayout.classification[0m                             27   layout type rejects unknown boxed storage release....
  [32m[OK][0m          [36mCoreTypeLayout.classification[0m                             28   layout type derives container storage policies....
  [32m[OK][0m          [36mCoreTypeLayout.classification[0m                             29   layout type rejects variadic dimension pack....
  [32m[OK][0m          [36mCoreOptionLayout.classification[0m                            0   primitive options use stack layout....
  [32m[OK][0m          [36mCoreOptionLayout.classification[0m                            1   wide integer options use stack layout, not boxed storage....
  [32m[OK][0m          [36mCoreOptionLayout.classification[0m                            2   managed non-null payloads use nullable pointer layout....
  [32m[OK][0m          [36mCoreOptionLayout.classification[0m                            3   nullable managed payload type is explicit....
  [32m[OK][0m          [36mCoreOptionLayout.classification[0m                            4   value records and enums use stack layout....
  [32m[OK][0m          [36mCoreOptionLayout.classification[0m                            5   generic and nullable-unsafe payloads stay boxed....
  [32m[OK][0m          [36mCoreOptionLayout.classification[0m                            6   stack Result payloads stay boxed....
  [32m[OK][0m          [36mCoreOptionLayout.classification[0m                            7   aliases are resolved before classification....
  [32m[OK][0m          [36mCoreOptionLayout.classification[0m                            8   unknown named payload fails closed....
  [32m[OK][0m          [36mCoreOptionLayout.classification[0m                            9   non-Option type is invalid....
  [32m[OK][0m          [36mCoreOptionLayout.primitive stack ABI[0m                       0   primitive stack ABI is explicit....
  [32m[OK][0m          [36mCoreOptionLayout.primitive stack ABI[0m                       1   unimplemented stack layouts do not claim primitive ABI....
  [32m[OK][0m          [36mCoreOptionLayout.primitive stack ABI[0m                       2   generated stack Option C types are explicit....
  [32m[OK][0m          [36mCoreResultLayout.classification[0m                            0   immediate payloads use stack layout....
  [32m[OK][0m          [36mCoreResultLayout.classification[0m                            1   managed and wide payloads use managed stack layout....
  [32m[OK][0m          [36mCoreResultLayout.classification[0m                            2   release-free float payloads use erased stack layout....
  [32m[OK][0m          [36mCoreResultLayout.classification[0m                            3   generic payloads stay boxed....
  [32m[OK][0m          [36mCoreResultLayout.classification[0m                            4   aliases are resolved before classification....
  [32m[OK][0m          [36mCoreResultLayout.codegen[0m                                   0   stack Result C type is explicit....
  [32m[OK][0m          [36mCoreOwnership.mode_semantics[0m                               0   arg_mode_semantics....
  [32m[OK][0m          [36mCoreOwnership.mode_semantics[0m                               1   alias_contract_must_reference_existing_arg....
  [32m[OK][0m          [36mCoreOwnership.mode_semantics[0m                               2   alias_contract_must_reference_preserved_arg....
  [32m[OK][0m          [36mCoreOwnership.mode_semantics[0m                               3   borrowed_result_must_have_preserved_anchor....
  [32m[OK][0m          [36mCoreOwnership.contracts[0m                                    0   list_len_borrows....
  [32m[OK][0m          [36mCoreOwnership.contracts[0m                                    1   list_get_returns_alias....
  [32m[OK][0m          [36mCoreOwnership.contracts[0m                                    2   list_get_unchecked_returns_alias....
  [32m[OK][0m          [36mCoreOwnership.contracts[0m                                    3   list_ensure_capacity_cow_consumes....
  [32m[OK][0m          [36mCoreOwnership.contracts[0m                                    4   list_reuse_alloc_cow_consumes....
  [32m[OK][0m          [36mCoreOwnership.contracts[0m                                    5   hash_collection_reuse_alloc_cow_consumes....
  [32m[OK][0m          [36mCoreOwnership.contracts[0m                                    6   list_append_owned_transfers_element....
  [32m[OK][0m          [36mCoreOwnership.contracts[0m                                    7   list_append_retains_element....
  [32m[OK][0m          [36mCoreOwnership.contracts[0m                                    8   list_new_allocates_owned_list....
  [32m[OK][0m          [36mCoreOwnership.contracts[0m                                    9   channel_new_allocates_owned_channel....
  [32m[OK][0m          [36mCoreOwnership.contracts[0m                                   10   channel_send_status_retains_payloads....
  [32m[OK][0m          [36mCoreOwnership.contracts[0m                                   11   channel_send_attempt_retains_payloads....
  [32m[OK][0m          [36mCoreOwnership.contracts[0m                                   12   channel_try_recv_attempt_borrows_channel....
  [32m[OK][0m          [36mCoreOwnership.contracts[0m                                   13   channel_recv_timeout_attempt_borrows_channel....
  [32m[OK][0m          [36mCoreOwnership.contracts[0m                                   14   file_close_finalizers_consume_handles....
  [32m[OK][0m          [36mCoreOwnership.contracts[0m                                   15   tcp_close_finalizers_consume_handles....
  [32m[OK][0m          [36mCoreOwnership.contracts[0m                                   16   directory_close_finalizer_consumes_handle....
  [32m[OK][0m          [36mCoreOwnership.contracts[0m                                   17   network_close_finalizers_consume_handles....
  [32m[OK][0m          [36mCoreOwnership.contracts[0m                                   18   tcp_connection_sources_borrow_listener....
  [32m[OK][0m          [36mCoreOwnership.contracts[0m                                   19   tcp_value_helpers_have_runtime_contracts....
  [32m[OK][0m          [36mCoreOwnership.contracts[0m                                   20   network_capability_queries_return_primitives....
  [32m[OK][0m          [36mCoreOwnership.contracts[0m                                   21   scheduler_runtime_builtins_have_contracts....
  [32m[OK][0m          [36mCoreOwnership.contracts[0m                                   22   time_runtime_builtins_have_contracts....
  [32m[OK][0m          [36mCoreOwnership.contracts[0m                                   23   memory_runtime_builtins_have_contracts....
  [32m[OK][0m          [36mCoreOwnership.contracts[0m                                   24   process_signal_runtime_builtins_have_contracts....
  [32m[OK][0m          [36mCoreOwnership.contracts[0m                                   25   random_runtime_builtins_have_contracts....
  [32m[OK][0m          [36mCoreOwnership.contracts[0m                                   26   hash_runtime_builtins_have_contracts....
  [32m[OK][0m          [36mCoreOwnership.contracts[0m                                   27   regex_runtime_builtins_have_contracts....
  [32m[OK][0m          [36mCoreOwnership.contracts[0m                                   28   checked_numeric_option_builtins_return_stack_options....
  [32m[OK][0m          [36mCoreOwnership.contracts[0m                                   29   console_io_runtime_builtins_return_owned_strings....
  [32m[OK][0m          [36mCoreOwnership.contracts[0m                                   30   scalar_math_passthrough_builtins_return_primitives....
  [32m[OK][0m          [36mCoreOwnership.contracts[0m                                   31   scalar_runtime_builtins_return_primitives....
  [32m[OK][0m          [36mCoreOwnership.contracts[0m                                   32   operation_result_bridges_use_manifested_ownership....
  [32m[OK][0m          [36mCoreOwnership.contracts[0m                                   33   fallible_stream_sources_use_manifested_ownership....
  [32m[OK][0m          [36mCoreOwnership.contracts[0m                                   34   fallible_stream_terminals_use_manifested_ownership....
  [32m[OK][0m          [36mCoreOwnership.contracts[0m                                   35   fixed_constructors_allocate_owned_fixed....
  [32m[OK][0m          [36mCoreOwnership.contracts[0m                                   36   custom_dict_set_constructors_synthesize_callbacks_in_codegen....
  [32m[OK][0m          [36mCoreOwnership.contracts[0m                                   37   dict_with_capacity_allocates_owned_dict....
  [32m[OK][0m          [36mCoreOwnership.contracts[0m                                   38   dict_remove_cow_consumes_dict....
  [32m[OK][0m          [36mCoreOwnership.contracts[0m                                   39   dict_insert_retains_payloads....
  [32m[OK][0m          [36mCoreOwnership.contracts[0m                                   40   dict_get_nullable_borrows_dict_and_key....
  [32m[OK][0m          [36mCoreOwnership.contracts[0m                                   41   vector_get_nullable_borrows_vector_and_index....
  [32m[OK][0m          [36mCoreOwnership.contracts[0m                                   42   vector_get_or_returns_borrowed_value....
  [32m[OK][0m          [36mCoreOwnership.contracts[0m                                   43   legacy_vector_set_borrows_value....
  [32m[OK][0m          [36mCoreOwnership.contracts[0m                                   44   matrix_get_nullable_borrows_matrix_and_indices....
  [32m[OK][0m          [36mCoreOwnership.contracts[0m                                   45   dict_slot_writes_transfer_payloads....
  [32m[OK][0m          [36mCoreOwnership.contracts[0m                                   46   dict_retain_release_helpers....
  [32m[OK][0m          [36mCoreOwnership.contracts[0m                                   47   list_set_owned_transfers_element....
  [32m[OK][0m          [36mCoreOwnership.contracts[0m                                   48   list_handoff_set_owned_transfers_element....
  [32m[OK][0m          [36mCoreOwnership.contracts[0m                                   49   list_handoff_set_source_slot_borrows_source....
  [32m[OK][0m          [36mCoreOwnership.contracts[0m                                   50   list_swap_slots_borrows_list_and_indices....
  [32m[OK][0m          [36mCoreOwnership.contracts[0m                                   51   list_retain_for_retains_value....
  [32m[OK][0m          [36mCoreOwnership.contracts[0m                                   52   set_add_retains_key....
  [32m[OK][0m          [36mCoreOwnership.contracts[0m                                   53   set_alloc_entry_transfers_key....
  [32m[OK][0m          [36mCoreOwnership.contracts[0m                                   54   set_retain_key_for_retains_key....
  [32m[OK][0m          [36mCoreOwnership.contracts[0m                                   55   string_concat_many_consumes_parts....
  [32m[OK][0m          [36mCoreOwnership.contracts[0m                                   56   string_eq_borrows....
  [32m[OK][0m          [36mCoreOwnership.contracts[0m                                   57   unicode_case_borrows_and_returns_owned....
  [32m[OK][0m          [36mCoreOwnership.contracts[0m                                   58   utf8_runtime_builtins_borrow_inputs_and_return_owned....
  [32m[OK][0m          [36mCoreOwnership.contracts[0m                                   59   string_find_byte_from_borrows....
  [32m[OK][0m          [36mCoreOwnership.contracts[0m                                   60   string_copy_bytes_borrows....
  [32m[OK][0m          [36mCoreOwnership.contracts[0m                                   61   checked_get_borrows_and_aliases....
  [32m[OK][0m          [36mCoreOwnership.contracts[0m                                   62   ranked_checked_get_shape_contracts....
  [32m[OK][0m          [36mCoreOwnership.contracts[0m                                   63   checked_set_cow_consumes_collection....
  [32m[OK][0m          [36mCoreOwnership.contracts[0m                                   64   matrix_option_set_cow_consumes_collection....
  [32m[OK][0m          [36mCoreOwnership.contracts[0m                                   65   vector_arithmetic_borrows_inputs....
  [32m[OK][0m          [36mCoreOwnership.contracts[0m                                   66   tensor_linear_algebra_borrows_inputs....
  [32m[OK][0m          [36mCoreOwnership.contracts[0m                                   67   vector_specialized_reads_borrow_inputs....
  [32m[OK][0m          [36mCoreOwnership.contracts[0m                                   68   math_round_intrinsic_borrows....
  [32m[OK][0m          [36mCoreOwnership.contracts[0m                                   69   to_string_runtime_builtins_borrow_inputs....
  [32m[OK][0m          [36mCoreOwnership.contracts[0m                                   70   generated_enum_vector_to_string_contract....
  [32m[OK][0m          [36mCoreOwnership.contracts[0m                                   71   format_float_borrows_inputs_and_returns_owned....
  [32m[OK][0m          [36mCoreOwnership.contracts[0m                                   72   conversion_runtime_builtins_return_primitives....
  [32m[OK][0m          [36mCoreOwnership.contracts[0m                                   73   debug_log_runtime_builtins_borrow_messages....
  [32m[OK][0m          [36mCoreOwnership.contracts[0m                                   74   vmap_parallel_borrows_with_result_ownership_flag....
  [32m[OK][0m          [36mCoreOwnership.contracts[0m                                   75   list_parallel_borrows_with_result_ownership_flag....
  [32m[OK][0m          [36mCoreOwnership.contracts[0m                                   76   fold_consumes_accumulator_and_borrows_collection....
  [32m[OK][0m          [36mCoreOwnership.contracts[0m                                   77   sequential_list_hofs_have_no_runtime_contracts....
  [32m[OK][0m          [36mCoreOwnership.contracts[0m                                   78   set_contains_has_no_runtime_contract....
  [32m[OK][0m          [36mCoreOwnership.contracts[0m                                   79   call_kind_dispatches_intrinsic....
  [32m[OK][0m          [36mCoreOwnership.contracts[0m                                   80   unknown_call_has_no_contract....
  [32m[OK][0m          [36mCoreOwnership.contracts[0m                                   81   builtin_contract_table_has_no_duplicate_names....
  [32m[OK][0m          [36mCoreOwnership.contracts[0m                                   82   builtin_contract_table_entries_are_well_formed....
  [32m[OK][0m          [36mCoreOwnership.contracts[0m                                   83   builtin_contract_table_void_boxed_args_are_supported....
  [32m[OK][0m          [36mCoreOwnership.contracts[0m                                   84   builtin_contract_table_rejects_unsupported_arities....
  [32m[OK][0m          [36mCoreOwnership.contracts[0m                                   85   generated_ckbuiltins_have_explicit_ownership_coverage....
  [32m[OK][0m          [36mCoreOwnership.collection_strategies[0m                        0   list_append_cow_strategy....
  [32m[OK][0m          [36mCoreOwnership.collection_strategies[0m                        1   list_map_fresh_strategy....
  [32m[OK][0m          [36mCoreOwnership.collection_strategies[0m                        2   list_enumerate_fresh_strategy....
  [32m[OK][0m          [36mCoreOwnership.collection_strategies[0m                        3   list_zip_fresh_strategy....
  [32m[OK][0m          [36mCoreOwnership.collection_strategies[0m                        4   list_filter_fresh_retain_strategy....
  [32m[OK][0m          [36mCoreOwnership.collection_strategies[0m                        5   list_unzip_fresh_retain_strategy....
  [32m[OK][0m          [36mCoreOwnership.collection_strategies[0m                        6   list_cleanup_builder_strategies....
  [32m[OK][0m          [36mCoreOwnership.collection_strategies[0m                        7   list_intersperse_mixed_retain_strategy....
  [32m[OK][0m          [36mCoreOwnership.collection_strategies[0m                        8   list_windows_fresh_nested_strategy....
  [32m[OK][0m          [36mCoreOwnership.collection_strategies[0m                        9   list_chunks_fresh_nested_strategy....
  [32m[OK][0m          [36mCoreOwnership.collection_strategies[0m                       10   list_flat_map_dynamic_growth_strategy....
  [32m[OK][0m          [36mCoreOwnership.collection_strategies[0m                       11   list_fold_left_no_collection_result_strategy....
  [32m[OK][0m          [36mCoreOwnership.collection_strategies[0m                       12   list_count_no_collection_result_strategy....
  [32m[OK][0m          [36mCoreOwnership.collection_strategies[0m                       13   set_add_cow_mutator_strategy....
  [32m[OK][0m          [36mCoreOwnership.collection_strategies[0m                       14   set_map_fresh_strategy....
  [32m[OK][0m          [36mCoreOwnership.collection_strategies[0m                       15   set_combine_reuses_left_strategy....
  [32m[OK][0m          [36mCoreOwnership.collection_strategies[0m                       16   dict_set_cow_mutator_strategy....
  [32m[OK][0m          [36mCoreOwnership.collection_strategies[0m                       17   dict_keys_fresh_strategy....
  [32m[OK][0m          [36mCoreOwnership.collection_strategies[0m                       18   dict_entries_fresh_strategy....
  [32m[OK][0m          [36mCoreOwnership.collection_strategies[0m                       19   dict_get_or_no_collection_result_strategy....
  [32m[OK][0m          [36mOperationResultMetadata.operation_result_metadata[0m          0   bridges_are_manifested....
  [32m[OK][0m          [36mOperationResultMetadata.operation_result_metadata[0m          1   operation_arguments_are_manifested....
  [32m[OK][0m          [36mOperationResultMetadata.operation_result_metadata[0m          2   result_layout_policy_is_manifested....
  [32m[OK][0m          [36mOperationResultMetadata.operation_result_metadata[0m          3   dns_error_mapping_is_explicit....
  [32m[OK][0m          [36mOperationResultMetadata.operation_result_metadata[0m          4   tcp_error_mapping_is_explicit....
  [32m[OK][0m          [36mOperationResultMetadata.operation_result_metadata[0m          5   udp_error_mapping_is_explicit....
  [32m[OK][0m          [36mOperationResultMetadata.operation_result_metadata[0m          6   tls_error_mapping_is_explicit....
  [32m[OK][0m          [36mOperationResultMetadata.operation_result_metadata[0m          7   websocket_error_mapping_is_explicit....
  [32m[OK][0m          [36mOperationResultMetadata.operation_result_metadata[0m          8   file_error_mapping_is_explicit....
  [32m[OK][0m          [36mOperationResultMetadata.operation_result_metadata[0m          9   independent_resource_results_are_explicit....
  [32m[OK][0m          [36mOperationResultMetadata.operation_result_metadata[0m         10   parking_metadata_is_explicit....
  [32m[OK][0m          [36mOperationResultMetadata.operation_result_metadata[0m         11   operation_wait_class_is_explicit....
  [32m[OK][0m          [36mOperationResultMetadata.operation_result_metadata[0m         12   fallible_stream_sources_are_manifested....
  [32m[OK][0m          [36mOperationResultMetadata.operation_result_metadata[0m         13   fallible_stream_terminals_are_manifested....
  [32m[OK][0m          [36mOperationResultMetadata.operation_result_metadata[0m         14   manifest_names_are_unique....
  [32m[OK][0m          [36mOperationResultMetadata.operation_result_metadata[0m         15   manifest_matches_runtime_declarations....
  [32m[OK][0m          [36mOperationResultMetadata.operation_result_metadata[0m         16   std_operation_result_builtins_are_public_direct....
  [32m[OK][0m          [36mOperationResultMetadata.operation_result_metadata[0m         17   std_fallible_stream_sources_are_public_direct....
  [32m[OK][0m          [36mCoreClosure.function_refs[0m                                  0   returned_function_ref_becomes_closure_create....
  [32m[OK][0m          [36mCoreClosure.function_refs[0m                                  1   let_body_function_ref_becomes_closure_create....
  [32m[OK][0m          [36mCoreClosure.function_refs[0m                                  2   local_function_value_shadows_global_name....
  [32m[OK][0m          [36mCoreClosure.function_refs[0m                                  3   passthrough_builtin_function_ref_becomes_closure_create....
  [32m[OK][0m          [36mCoreClosure.function_refs[0m                                  4   function_ref_def_id_collision_uses_name_identity....
  [32m[OK][0m          [36mCoreClosure.function_refs[0m                                  5   resource_scope_shadows_global_function_ref....
  [32m[OK][0m          [36mCoreClosure.function_refs[0m                                  6   lambda_capture_shadows_global_function_ref....
  [32m[OK][0m          [36mBuiltinConsistency.prelude_entries[0m                         0   all prelude codegen entries are env-visible....
  [32m[OK][0m          [36mBuiltinConsistency.prelude_entries[0m                         1   exception list not stale....
  [32m[OK][0m          [36mBuiltinConsistency.prelude_entries[0m                         2   builtin effect metadata classifies typechecker sets....
  [32m[OK][0m          [36mBuiltinConsistency.prelude_entries[0m                         3   type metadata classifies typechecker policy....
  [32m[OK][0m          [36mBuiltinConsistency.prelude_entries[0m                         4   type metadata separates operator and to_string fallbacks....
  [32m[OK][0m          [36mBuiltinConsistency.prelude_entries[0m                         5   builtin metadata classifies special inference....
  [32m[OK][0m          [36mBuiltinConsistency.prelude_entries[0m                         6   builtin metadata registry integrity....
  [32m[OK][0m          [36mBuiltinConsistency.prelude_entries[0m                         7   list IR functions are not shadowed by codegen builtins....
  [32m[OK][0m          [36mBuiltinConsistency.prelude_entries[0m                         8   builtin lookup uses exact module paths....
  [32m[OK][0m          [36mBuiltinConsistency.prelude_entries[0m                         9   list IR HOFs have no runtime C ABI....
  [32m[OK][0m          [36mBuiltinConsistency.prelude_entries[0m                        10   fiber intrusive links are role-specific....
  [32m[OK][0m          [36mBuiltinConsistency.prelude_entries[0m                        11   scheduler debug observability has named hooks....
  [32m[OK][0m          [36mBuiltinConsistency.prelude_entries[0m                        12   fiber lifecycle state is explicit....
  [32m[OK][0m          [36mBuiltinConsistency.prelude_entries[0m                        13   fiber wake cause is explicit....
  [32m[OK][0m          [36mBuiltinConsistency.prelude_entries[0m                        14   fiber wait owner is explicit....
  [32m[OK][0m          [36mBuiltinConsistency.prelude_entries[0m                        15   timer waiters carry operation identity....
  [32m[OK][0m          [36mBuiltinConsistency.prelude_entries[0m                        16   timeout arithmetic is centralized....
  [32m[OK][0m          [36mBuiltinConsistency.prelude_entries[0m                        17   channel waiters carry operation identity....
  [32m[OK][0m          [36mBuiltinConsistency.prelude_entries[0m                        18   select waiters carry operation identity....
  [32m[OK][0m          [36mBuiltinConsistency.prelude_entries[0m                        19   task join waiters carry operation identity....
  [32m[OK][0m          [36mBuiltinConsistency.prelude_entries[0m                        20   concurrent task window cleanup owns active slots....
  [32m[OK][0m          [36mBuiltinConsistency.prelude_entries[0m                        21   cloexec helpers declare fallback locals once....
  [32m[OK][0m          [36mBuiltinConsistency.prelude_entries[0m                        22   Float16 vector reader ABI uses feature guard....
  [32m[OK][0m          [36mBuiltinConsistency.prelude_entries[0m                        23   channel status ABI is declared....
  [32m[OK][0m          [36mBuiltinConsistency.prelude_entries[0m                        24   stream element layout is explicit....
  [32m[OK][0m          [36mBuiltinConsistency.prelude_entries[0m                        25   scheduler stats layout matches std record....
  [32m[OK][0m          [36mBuiltinConsistency.prelude_entries[0m                        26   std source dir initialized from config....
  [32m[OK][0m          [36mBuiltinConsistency.prelude_entries[0m                        27   public ABI types have std anchors....
  [32m[OK][0m          [36mBuiltinConsistency.prelude_entries[0m                        28   string appends have no legacy runtime C ABI....
  [32m[OK][0m          [36mBuiltinConsistency.prelude_entries[0m                        29   set source helpers have no runtime C ABI....
  [32m[OK][0m          [36mBuiltinConsistency.prelude_entries[0m                        30   retired helpers have no runtime C ABI....
  [32m[OK][0m          [36mBuiltinConsistency.prelude_entries[0m                        31   wide integer boxes are ARC-managed....
  [32m[OK][0m          [36mBuiltinConsistency.prelude_entries[0m                        32   sized integer conversions have runtime C ABI....
  [32m[OK][0m          [36mBuiltinConsistency.prelude_entries[0m                        33   optimized Option runtime builtins have matching C ABI....
  [32m[OK][0m          [36mDimSolver.normalization[0m                                    0   constant....
  [32m[OK][0m          [36mDimSolver.normalization[0m                                    1   variable....
  [32m[OK][0m          [36mDimSolver.normalization[0m                                    2   add....
  [32m[OK][0m          [36mDimSolver.normalization[0m                                    3   commutativity....
  [32m[OK][0m          [36mDimSolver.normalization[0m                                    4   associativity....
  [32m[OK][0m          [36mDimSolver.normalization[0m                                    5   distributivity....
  [32m[OK][0m          [36mDimSolver.normalization[0m                                    6   mul commutativity....
  [32m[OK][0m          [36mDimSolver.normalization[0m                                    7   identity add....
  [32m[OK][0m          [36mDimSolver.normalization[0m                                    8   identity mul....
  [32m[OK][0m          [36mDimSolver.normalization[0m                                    9   zero mul....
  [32m[OK][0m          [36mDimSolver.normalization[0m                                   10   constant folding....
  [32m[OK][0m          [36mDimSolver.normalization[0m                                   11   full distribution....
  [32m[OK][0m          [36mDimSolver.normalization[0m                                   12   sub self....
  [32m[OK][0m          [36mDimSolver.solving[0m                                          0   equal constants....
  [32m[OK][0m          [36mDimSolver.solving[0m                                          1   contradiction....
  [32m[OK][0m          [36mDimSolver.solving[0m                                          2   var = const....
  [32m[OK][0m          [36mDimSolver.solving[0m                                          3   add solving....
  [32m[OK][0m          [36mDimSolver.solving[0m                                          4   mul solving....
  [32m[OK][0m          [36mDimSolver.solving[0m                                          5   mul no solution....
  [32m[OK][0m          [36mDimSolver.solving[0m                                          6   negative reject....
  [32m[OK][0m          [36mDimSolver.solving[0m                                          7   symmetric sub....
  [32m[OK][0m          [36mDimSolver.solving[0m                                          8   symmetric div....
  [32m[OK][0m          [36mDimSolver.solving[0m                                          9   dividend var div....
  [32m[OK][0m          [36mDimSolver.solving[0m                                         10   dividend meta div....
  [32m[OK][0m          [36mDimSolver.solving[0m                                         11   symbolic solving....
  [32m[OK][0m          [36mDimSolver.solving[0m                                         12   commutativity equality....
  [32m[OK][0m          [36mDimSolver.solving[0m                                         13   two unknowns isolate....
  [32m[OK][0m          [36mDimSolver.solving[0m                                         14   compound expression....
  [32m[OK][0m          [36mDimSolver.solving[0m                                         15   quadratic stuck....
  [32m[OK][0m          [36mDimSolver.solving[0m                                         16   quadratic != linear....
  [32m[OK][0m          [36mDimSolver.solving[0m                                         17   sub as neg coeff....
  [32m[OK][0m          [36mDimSolver.solving[0m                                         18   bound meta....
  [32m[OK][0m          [36mDimSolver.solving[0m                                         19   bound meta contradiction....
  [32m[OK][0m          [36mDimSolver.solving[0m                                         20   zero = zero....
  [32m[OK][0m          [36mDimSolver.solving[0m                                         21   N*0 = 0....
  [32m[OK][0m          [36mDimSolver.solving[0m                                         22   multiple metas isolate....
  [32m[OK][0m          [36mDimSolver.solving[0m                                         23   factoring equivalence....
  [32m[OK][0m          [36mCoreStage.of_string[0m                                        0   canonical forms....
  [32m[OK][0m          [36mCoreStage.of_string[0m                                        1   case insensitive....
  [32m[OK][0m          [36mCoreStage.of_string[0m                                        2   rejects unknown....
  [32m[OK][0m          [36mCoreStage.coverage[0m                                         0   all covers every stage....
  [32m[OK][0m          [36mCoreStage.coverage[0m                                         1   order matches pipeline....
  [32m[OK][0m          [36mCoreObservability.compile[0m                                  0   default unchanged....
  [32m[OK][0m          [36mCoreObservability.compile[0m                                  1   dump_after captures....
  [32m[OK][0m          [36mCoreObservability.compile[0m                                  2   stage events capture order....
  [32m[OK][0m          [36mCoreObservability.compile[0m                                  3   Blorp tail JSON observation captures late stages....
  [32m[OK][0m          [36mCoreObservability.compile[0m                                  4   Blorp tail JSON observation records stage events....
  [32m[OK][0m          [36mCoreObservability.compile[0m                                  5   stop_after short circuits....
  [32m[OK][0m          [36mCoreObservability.compile[0m                                  6   compile_with_modules uses same stage order....
  [32m[OK][0m          [36mCoreObservability.outcome[0m                                  0   stopped returns tagged....
  [32m[OK][0m          [36mCoreObservability.outcome[0m                                  1   no stop returns compiled....
  [32m[OK][0m          [36mCoreObservability.outcome[0m                                  2   frontend phases fire before core....
  [32m[OK][0m          [36mCoreObservability.outcome[0m                                  3   stage events fire without program callback....
  [32m[OK][0m          [36mCoreObservability.outcome[0m                                  4   normal build removes debug block....
  [32m[OK][0m          [36mCoreObservability.outcome[0m                                  5   debug build keeps debug block....
  [32m[OK][0m          [36mCoreObservability.outcome[0m                                  6   retain_debug_blocks keeps debug block....
  [32m[OK][0m          [36mCoreObservability.handoff[0m                                  0   filter_map_collect upgrades to consuming handoff....
  [32m[OK][0m          [36mCoreObservability.handoff[0m                                  1   float_filter_map_collect upgrades to consuming handoff....
  [32m[OK][0m          [36mCoreObservability.handoff[0m                                  2   string_filter_map_collect upgrades to consuming handoff....
  [32m[OK][0m          [36mInvariants.ckunknown[0m                                       0   valid program....
  [32m[OK][0m          [36mInvariants.ckunknown[0m                                       1   flags unresolved....
  [32m[OK][0m          [36mInvariants.ckunknown[0m                                       2   flags selected direct unresolved....
  [32m[OK][0m          [36mInvariants.ckunknown[0m                                       3   walks nested....
  [32m[OK][0m          [36mInvariants.ckunknown[0m                                       4   flags layoutless list_alloc post-specialize....
  [32m[OK][0m          [36mInvariants.ckunknown[0m                                       5   flags blorp_list_new post-specialize....
  [32m[OK][0m          [36mInvariants.tyvar[0m                                           0   monomorphized ok....
  [32m[OK][0m          [36mInvariants.tyvar[0m                                           1   flags unmonomorphized....
  [32m[OK][0m          [36mInvariants.tyvar[0m                                           2   ignores builtin....
  [32m[OK][0m          [36mInvariants.sugar[0m                                           0   flags CStringInterp....
  [32m[OK][0m          [36mInvariants.sugar[0m                                           1   clean passes....
  [32m[OK][0m          [36mInvariants.debug[0m                                           0   flags CDebugBlock....
  [32m[OK][0m          [36mInvariants.debug[0m                                           1   clean passes....
  [32m[OK][0m          [36mInvariants.desugarable_mutation[0m                            0   flags no-assignment mutable let....
  [32m[OK][0m          [36mInvariants.desugarable_mutation[0m                            1   flags straight-line assignment....
  [32m[OK][0m          [36mInvariants.desugarable_mutation[0m                            2   allows control-flow assignment....
  [32m[OK][0m          [36mInvariants.desugarable_mutation[0m                            3   dispatcher runs mutation check....
  [32m[OK][0m          [36mInvariants.cmatcharms[0m                                      0   flags raw CMatchArms....
  [32m[OK][0m          [36mInvariants.cmatcharms[0m                                      1   decision-tree CMatch passes....
  [32m[OK][0m          [36mInvariants.raw_tensor_views[0m                                0   accepts scoped matching view....
  [32m[OK][0m          [36mInvariants.raw_tensor_views[0m                                1   accepts alias source....
  [32m[OK][0m          [36mInvariants.raw_tensor_views[0m                                2   flags unbound view....
  [32m[OK][0m          [36mInvariants.raw_tensor_views[0m                                3   flags kind mismatch....
  [32m[OK][0m          [36mInvariants.raw_tensor_views[0m                                4   final rejects unguarded raw intrinsic....
  [32m[OK][0m          [36mInvariants.raw_tensor_views[0m                                5   final rejects malformed raw intrinsic....
  [32m[OK][0m          [36mInvariants.raw_tensor_views[0m                                6   final rejects raw string byte intrinsic....
  [32m[OK][0m          [36mInvariants.raw_tensor_views[0m                                7   perceus rejects unknown intrinsic ownership....
  [32m[OK][0m          [36mInvariants.raw_tensor_views[0m                                8   perceus rejects unknown builtin ownership....
  [32m[OK][0m          [36mInvariants.raw_tensor_views[0m                                9   final rejects unknown intrinsic ownership....
  [32m[OK][0m          [36mInvariants.raw_tensor_views[0m                               10   final rejects unknown builtin ownership....
  [32m[OK][0m          [36mInvariants.raw_tensor_views[0m                               11   perceus rejects pre-perceus builtin sentinel....
  [32m[OK][0m          [36mInvariants.raw_tensor_views[0m                               12   final accepts guarded raw intrinsic....
  [32m[OK][0m          [36mInvariants.raw_tensor_views[0m                               13   final accepts raw intrinsic in guarded branch....
  [32m[OK][0m          [36mInvariants.raw_tensor_views[0m                               14   final accepts conjunctive raw intrinsic guards....
  [32m[OK][0m          [36mInvariants.raw_tensor_views[0m                               15   final rejects raw intrinsic result type mismatch....
  [32m[OK][0m          [36mInvariants.raw_tensor_views[0m                               16   final rejects raw intrinsic source type mismatch....
  [32m[OK][0m          [36mInvariants.raw_tensor_views[0m                               17   final rejects mismatched raw intrinsic guard....
  [32m[OK][0m          [36mInvariants.raw_tensor_views[0m                               18   final rejects shadowed raw intrinsic guard....
  [32m[OK][0m          [36mInvariants.tensor_literal_layouts[0m                          0   accepts matching raw payload....
  [32m[OK][0m          [36mInvariants.tensor_literal_layouts[0m                          1   flags storage mismatch....
  [32m[OK][0m          [36mInvariants.tensor_literal_layouts[0m                          2   flags raw scalar mismatch....
  [32m[OK][0m          [36mInvariants.tensor_loop_storage_provenance[0m                  0   accepts matching layout....
  [32m[OK][0m          [36mInvariants.tensor_loop_storage_provenance[0m                  1   accepts alias iter....
  [32m[OK][0m          [36mInvariants.tensor_loop_storage_provenance[0m                  2   flags element mismatch....
  [32m[OK][0m          [36mInvariants.dispatcher[0m                                      0   resolve allows ckunknown....
  [32m[OK][0m          [36mInvariants.dispatcher[0m                                      1   specialize runs ckunknown....
  [32m[OK][0m          [36mInvariants.dispatcher[0m                                      2   specialize runs list_alloc layout check....
  [32m[OK][0m          [36mInvariants.dispatcher[0m                                      3   debug fires debug-block check....
  [32m[OK][0m          [36mInvariants.dispatcher[0m                                      4   lower disabled today....
  [32m[OK][0m          [36mInvariants.dispatcher[0m                                      5   desugar fires sugar check....
  [32m[OK][0m          [36mInvariants.dispatcher[0m                                      6   match fires cmatch check....
  [32m[OK][0m          [36mInvariants.dispatcher[0m                                      7   closure fires preclosure check....
  [32m[OK][0m          [36mInvariants.closure[0m                                         0   flags raw CLambda....
  [32m[OK][0m          [36mInvariants.closure[0m                                         1   flags missing detach task metadata....
  [32m[OK][0m          [36mInvariants.closure[0m                                         2   flags resource closure capture metadata....
  [32m[OK][0m          [36mInvariants.closure[0m                                         3   flags resource task capture metadata....
  [32m[OK][0m          [36mInvariants.closure[0m                                         4   flags unsupported task capture metadata....
  [32m[OK][0m          [36mInvariants.concurrency_semantics[0m                           0   accepts well-formed concurrent block....
  [32m[OK][0m          [36mInvariants.concurrency_semantics[0m                           1   flags binding result mismatch....
  [32m[OK][0m          [36mInvariants.concurrency_semantics[0m                           2   flags duplicate binding names....
  [32m[OK][0m          [36mInvariants.concurrency_semantics[0m                           3   flags task return mismatch....
  [32m[OK][0m          [36mInvariants.concurrency_semantics[0m                           4   flags timeout type....
  [32m[OK][0m          [36mInvariants.concurrency_semantics[0m                           5   flags non-positive max_threads....
  [32m[OK][0m          [36mInvariants.concurrency_semantics[0m                           6   flags non-list for ... concurrently....
  [32m[OK][0m          [36mInvariants.concurrency_semantics[0m                           7   flags for ... concurrently result shape....
  [32m[OK][0m          [36mInvariants.concurrency_semantics[0m                           8   flags for ... concurrently discard body result....
  [32m[OK][0m          [36mInvariants.concurrency_semantics[0m                           9   flags malformed task scope....
  [32m[OK][0m          [36mInvariants.concurrency_semantics[0m                          10   dispatcher runs final check....
  [32m[OK][0m          [36mInvariants.cooperative_checkpoints[0m                         0   accepts loop entry....
  [32m[OK][0m          [36mInvariants.cooperative_checkpoints[0m                         1   flags top-level checkpoint....
  [32m[OK][0m          [36mInvariants.cooperative_checkpoints[0m                         2   flags duplicate loop-entry checkpoint....
  [32m[OK][0m          [36mInvariants.cooperative_checkpoints[0m                         3   dispatcher runs final check....
  [32m[OK][0m          [36mInvariants.pipeline[0m                                        0   clean code passes....
  [32m[OK][0m          [36mInvariants.pipeline[0m                                        1   hook raises on violation....
  [32m[OK][0m          [36mInvariants.pipeline[0m                                        2   hook silent when disabled....
  [32m[OK][0m          [36mInvariants.pipeline[0m                                        3   final critical invariants raise when disabled....
  [32m[OK][0m          [36mInvariants.pipeline[0m                                        4   final critical rejects raw match when disabled....
  [32m[OK][0m          [36mInvariants.pipeline[0m                                        5   final critical rejects sugar when disabled....
  [32m[OK][0m          [36mInvariants.pipeline[0m                                        6   final critical rejects layoutless list_alloc when disabled....
  [32m[OK][0m          [36mInvariants.pipeline[0m                                        7   final critical rejects unprepared codegen when disabled....
  [32m[OK][0m          [36mInvariants.pipeline[0m                                        8   resource scope contract accepts valid scope....
  [32m[OK][0m          [36mInvariants.pipeline[0m                                        9   resource scope flags acquire type mismatch....
  [32m[OK][0m          [36mInvariants.pipeline[0m                                       10   resource scope flags cleanup type mismatch....
  [32m[OK][0m          [36mInvariants.pipeline[0m                                       11   resource scope flags cleanup non-call....
  [32m[OK][0m          [36mInvariants.pipeline[0m                                       12   resource scope flags cleanup wrong arg....
  [32m[OK][0m          [36mInvariants.pipeline[0m                                       13   resource scope flags body type mismatch....
  [32m[OK][0m          [36mInvariants.pipeline[0m                                       14   resource scope flags body resource result....
  [32m[OK][0m          [36mInvariants.pipeline[0m                                       15   resource scope flags record resource result....
  [32m[OK][0m          [36mInvariants.pipeline[0m                                       16   resource scope flags union resource result....
  [32m[OK][0m          [36mInvariants.pipeline[0m                                       17   final critical allows resource scope....
  [32m[OK][0m          [36mInvariants.pipeline[0m                                       18   resource scope rejects nonlocal break....
  [32m[OK][0m          [36mInvariants.pipeline[0m                                       19   resource scope rejects nonlocal continue....
  [32m[OK][0m          [36mInvariants.pipeline[0m                                       20   resource scope allows rewritten nonlocal break....
  [32m[OK][0m          [36mInvariants.pipeline[0m                                       21   resource cleanup exit rejects empty cleanup stack....
  [32m[OK][0m          [36mInvariants.pipeline[0m                                       22   resource cleanup exit rejects non-Void cleanup....
  [32m[OK][0m          [36mInvariants.pipeline[0m                                       23   resource cleanup exit rejects Void non-call cleanup....
  [32m[OK][0m          [36mInvariants.pipeline[0m                                       24   resource cleanup exit rejects wrong-arity cleanup....
  [32m[OK][0m          [36mInvariants.pipeline[0m                                       25   resource scope allows loop-local break/continue....
  [32m[OK][0m          [36mInvariants.pipeline[0m                                       26   final rejects unboxed void-slot builtin arg....
  [32m[OK][0m          [36mInvariants.pipeline[0m                                       27   final accepts explicit void-slot builtin boxes....
  [32m[OK][0m          [36mInvariants.pipeline[0m                                       28   final rejects raw top-level function ref....
  [32m[OK][0m          [36mInvariants.pipeline[0m                                       29   final allows direct top-level function call....
  [32m[OK][0m          [36mInvariants.pipeline[0m                                       30   final allows local function value named like global....
  [32m[OK][0m          [36mIntrinsicContract.parity[0m                                   0   registry non-empty....
  [32m[OK][0m          [36mIntrinsicContract.schema[0m                                   0   arity declared everywhere....
  [32m[OK][0m          [36mIntrinsicContract.schema[0m                                   1   math intrinsics are pure....
  [32m[OK][0m          [36mIntrinsicContract.schema[0m                                   2   list_get not elementwise....
  [32m[OK][0m          [36mIntrinsicContract.schema[0m                                   3   math unary is elementwise....
  [32m[OK][0m          [36mIntrinsicContract.invariants[0m                               0   impure suffixes are impure....
  [32m[OK][0m          [36mIntrinsicContract.invariants[0m                               1   structural not elementwise....
  [32m[OK][0m          [36mIntrinsicContract.invariants[0m                               2   collection intrinsics have ownership contracts....
  [32m[OK][0m          [36mIntrinsicContract.invariants[0m                               3   all implemented intrinsics have ownership contracts....
  [32m[OK][0m          [36mIntrinsicContract.invariants[0m                               4   collection intrinsic contracts are well-formed....
  [32m[OK][0m          [36mIntrinsicContract.invariants[0m                               5   string runtime builtins have ownership contracts....
  [32m[OK][0m          [36mIntrinsicContract.invariants[0m                               6   channel runtime builtins have ownership contracts....
  [32m[OK][0m          [36mIntrinsicContract.invariants[0m                               7   void-boxed runtime builtins have ownership coverage....
  [32m[OK][0m          [36mIntrinsicContract.invariants[0m                               8   specialize uses ownership void-boxed manifest....
  [32m[OK][0m          [36mIntrinsicContract.invariants[0m                               9   IR-backed std functions registered....
  [32m[OK][0m          [36mDoctestRemap.extract[0m                                       0   single group origins....
  [32m[OK][0m          [36mDoctestRemap.extract[0m                                       1   blank strip preserves....
  [32m[OK][0m          [36mDoctestRemap.extract[0m                                       2   empty section....
  [32m[OK][0m          [36mDoctestRemap.generate[0m                                      0   line-map covers code....
  [32m[OK][0m          [36mDoctestRemap.generate[0m                                      1   boilerplate excluded....
  [32m[OK][0m          [36mDoctestRemap.generate[0m                                      2   colon imports....
  [32m[OK][0m          [36mDoctestRemap.find_docstring_start[0m                          0   standard shape....
  [32m[OK][0m          [36mDoctestRemap.find_docstring_start[0m                          1   line-1 docstring....
  [32m[OK][0m          [36mDoctestRemap.find_docstring_start[0m                          2   no docstring....
  [32m[OK][0m          [36mDoctestRemap.find_docstring_start[0m                          3   decl_line = 0....
  [32m[OK][0m          [36mDoctestRemap.find_docstring_start[0m                          4   decl_line out of bounds....
  [32m[OK][0m          [36mDoctestRemap.remap_loc[0m                                     0   multiline span....
  [32m[OK][0m          [36mDoctestRemap.remap_loc[0m                                     1   end_line fallback....
  [32m[OK][0m          [36mDoctestRemap.remap_loc[0m                                     2   unmapped passes through....
  [32m[OK][0m          [36mCodegenNames.mangle_by_def_id[0m                              0   basic....
  [32m[OK][0m          [36mCodegenNames.mangle_by_def_id[0m                              1   id zero....
  [32m[OK][0m          [36mCodegenNames.mangle_by_def_id[0m                              2   sanitizes /....
  [32m[OK][0m          [36mCodegenNames.mangle_by_def_id[0m                              3   sanitizes $....
  [32m[OK][0m          [36mCodegenNames.mangle_by_def_id[0m                              4   sanitizes mixed....
  [32m[OK][0m          [36mCodegenNames.mangle_by_def_id[0m                              5   preserves _ and digits....
  [32m[OK][0m          [36mCodegenNames.mangle_by_def_id[0m                              6   deterministic....
  [32m[OK][0m          [36mCodegenNames.mangle_by_def_id[0m                              7   id discriminates....
  [32m[OK][0m          [36mCodegenNames.sanitize_c_ident[0m                              0   valid passthrough....
  [32m[OK][0m          [36mCodegenNames.sanitize_c_ident[0m                              1   empty....
  [32m[OK][0m          [36mCodegenNames.parse_ufcs_name[0m                               0   decodes module path....
  [32m[OK][0m          [36mCodegenNames.parse_ufcs_name[0m                               1   rejects non-ufcs name....

Full test results in `[36m~/.codex/worktrees/cb5d/blorp/compiler/_build/_tests/blorp[0m'.
[32mTest Successful[0m in 104.235s. 1613 tests run.
